<gpx xmlns:ns3="http://www.garmin.com/xmlschemas/TrackPointExtension/v1" xmlns="http://www.topografix.com/GPX/1/1" xmlns:xsi="http://www.w3.org/2001/XMLSchema-instance" xmlns:ns2="http://www.garmin.com/xmlschemas/GpxExtensions/v3" creator="Garmin Connect" version="1.1" xsi:schemaLocation="http://www.topografix.com/GPX/1/1 http://www.topografix.com/GPX/11.xsd">
  <extensions>
<distance>4716.57</distance>
<average_hr>178.0</average_hr>
<average_speed>2.7409999370574947</average_speed>
<start_time>2026-08-16T13:05:41+00:00</start_time>
<end_time>2026-08-16T13:34:21.716000+00:00</end_time>
<moving_time>1706.274</moving_time>
<elapsed_time>1856.225</elapsed_time>
</extensions>
<metadata>
    <link href="connect.garmin.com">
      <text>Garmin Connect</text>
    </link>
    <time>2026-08-16T13:05:41.000Z</time>
  </metadata>
  <trk>
    <name>杭州市 跑步</name>
    <type>running</type>
    <trkseg>
      <trkpt lat="30.33692230470478534698486328125" lon="120.06096809171140193939208984375">
        <ele>10.19999980926513671875</ele>
        <time>2026-08-16T13:05:48.000Z</time>
        <extensions>
          <ns3:TrackPointExtension>
            <ns3:hr>97</ns3:hr>
            <ns3:cad>0</ns3:cad>
          </ns3:TrackPointExtension>
        </extensions>
      </trkpt>
      <trkpt lat="30.3368184529244899749755859375" lon="120.06108610890805721282958984375">
        <ele>10</ele>
        <time>2026-08-16T13:05:49.000Z</time>
        <extensions>
          <ns3:TrackPointExtension>
            <ns3:hr>98</ns3:hr>
            <ns3:cad>83</ns3:cad>
          </ns3:TrackPointExtension>
        </extensions>
      </trkpt>
      <trkpt lat="30.3368191234767436981201171875" lon="120.06101402454078197479248046875">
        <ele>10</ele>
        <time>2026-08-16T13:05:50.000Z</time>
        <extensions>
          <ns3:TrackPointExtension>
            <ns3:hr>98</ns3:hr>
            <ns3:cad>83</ns3:cad>
          </ns3:TrackPointExtension>
        </extensions>
      </trkpt>
      <trkpt lat="30.33680613152682781219482421875" lon="120.06100329570472240447998046875">
        <ele>10</ele>
        <time>2026-08-16T13:05:51.000Z</time>
        <extensions>
          <ns3:TrackPointExtension>
            <ns3:hr>99</ns3:hr>
            <ns3:cad>85</ns3:cad>
          </ns3:TrackPointExtension>
        </extensions>
      </trkpt>
      <trkpt lat="30.33678886480629444122314453125" lon="120.06097161211073398590087890625">
        <ele>10</ele>
        <time>2026-08-16T13:05:52.000Z</time>
        <extensions>
          <ns3:TrackPointExtension>
            <ns3:hr>99</ns3:hr>
            <ns3:cad>86</ns3:cad>
          </ns3:TrackPointExtension>
        </extensions>
      </trkpt>
      <trkpt lat="30.33684804104268550872802734375" lon="120.06094361655414104461669921875">
        <ele>10</ele>
        <time>2026-08-16T13:05:53.000Z</time>
        <extensions>
          <ns3:TrackPointExtension>
            <ns3:hr>101</ns3:hr>
            <ns3:cad>86</ns3:cad>
          </ns3:TrackPointExtension>
        </extensions>
      </trkpt>
      <trkpt lat="30.33685608766973018646240234375" lon="120.060915537178516387939453125">
        <ele>9.80000019073486328125</ele>
        <time>2026-08-16T13:05:54.000Z</time>
        <extensions>
          <ns3:TrackPointExtension>
            <ns3:hr>102</ns3:hr>
            <ns3:cad>87</ns3:cad>
          </ns3:TrackPointExtension>
        </extensions>
      </trkpt>
      <trkpt lat="30.3368461132049560546875" lon="120.0608952529728412628173828125">
        <ele>9.80000019073486328125</ele>
        <time>2026-08-16T13:05:55.000Z</time>
        <extensions>
          <ns3:TrackPointExtension>
            <ns3:hr>103</ns3:hr>
            <ns3:cad>87</ns3:cad>
          </ns3:TrackPointExtension>
        </extensions>
      </trkpt>
      <trkpt lat="30.3368389047682285308837890625" lon="120.0608670897781848907470703125">
        <ele>9.80000019073486328125</ele>
        <time>2026-08-16T13:05:56.000Z</time>
        <extensions>
          <ns3:TrackPointExtension>
            <ns3:hr>104</ns3:hr>
            <ns3:cad>87</ns3:cad>
          </ns3:TrackPointExtension>
        </extensions>
      </trkpt>
      <trkpt lat="30.33682675100862979888916015625" lon="120.06085074506700038909912109375">
        <ele>9.80000019073486328125</ele>
        <time>2026-08-16T13:05:57.000Z</time>
        <extensions>
          <ns3:TrackPointExtension>
            <ns3:hr>105</ns3:hr>
            <ns3:cad>88</ns3:cad>
          </ns3:TrackPointExtension>
        </extensions>
      </trkpt>
      <trkpt lat="30.33680261112749576568603515625" lon="120.060842446982860565185546875">
        <ele>9.80000019073486328125</ele>
        <time>2026-08-16T13:05:58.000Z</time>
        <extensions>
          <ns3:TrackPointExtension>
            <ns3:hr>107</ns3:hr>
            <ns3:cad>88</ns3:cad>
          </ns3:TrackPointExtension>
        </extensions>
      </trkpt>
      <trkpt lat="30.33677847124636173248291015625" lon="120.06083833985030651092529296875">
        <ele>9.80000019073486328125</ele>
        <time>2026-08-16T13:05:59.000Z</time>
        <extensions>
          <ns3:TrackPointExtension>
            <ns3:hr>108</ns3:hr>
            <ns3:cad>88</ns3:cad>
          </ns3:TrackPointExtension>
        </extensions>
      </trkpt>
      <trkpt lat="30.33675332553684711456298828125" lon="120.0608442910015583038330078125">
        <ele>9.80000019073486328125</ele>
        <time>2026-08-16T13:06:00.000Z</time>
        <extensions>
          <ns3:TrackPointExtension>
            <ns3:hr>109</ns3:hr>
            <ns3:cad>88</ns3:cad>
          </ns3:TrackPointExtension>
        </extensions>
      </trkpt>
      <trkpt lat="30.3367282636463642120361328125" lon="120.0608395971357822418212890625">
        <ele>9.80000019073486328125</ele>
        <time>2026-08-16T13:06:01.000Z</time>
        <extensions>
          <ns3:TrackPointExtension>
            <ns3:hr>111</ns3:hr>
            <ns3:cad>87</ns3:cad>
          </ns3:TrackPointExtension>
        </extensions>
      </trkpt>
      <trkpt lat="30.3367074765264987945556640625" lon="120.06083867512643337249755859375">
        <ele>9.80000019073486328125</ele>
        <time>2026-08-16T13:06:02.000Z</time>
        <extensions>
          <ns3:TrackPointExtension>
            <ns3:hr>115</ns3:hr>
            <ns3:cad>88</ns3:cad>
          </ns3:TrackPointExtension>
        </extensions>
      </trkpt>
      <trkpt lat="30.33669213764369487762451171875" lon="120.06085543893277645111083984375">
        <ele>9.80000019073486328125</ele>
        <time>2026-08-16T13:06:03.000Z</time>
        <extensions>
          <ns3:TrackPointExtension>
            <ns3:hr>123</ns3:hr>
            <ns3:cad>87</ns3:cad>
          </ns3:TrackPointExtension>
        </extensions>
      </trkpt>
      <trkpt lat="30.33667805604636669158935546875" lon="120.06087354384362697601318359375">
        <ele>9.80000019073486328125</ele>
        <time>2026-08-16T13:06:04.000Z</time>
        <extensions>
          <ns3:TrackPointExtension>
            <ns3:hr>129</ns3:hr>
            <ns3:cad>87</ns3:cad>
          </ns3:TrackPointExtension>
        </extensions>
      </trkpt>
      <trkpt lat="30.33665768802165985107421875" lon="120.06089064292609691619873046875">
        <ele>10</ele>
        <time>2026-08-16T13:06:05.000Z</time>
        <extensions>
          <ns3:TrackPointExtension>
            <ns3:hr>131</ns3:hr>
            <ns3:cad>87</ns3:cad>
          </ns3:TrackPointExtension>
        </extensions>
      </trkpt>
      <trkpt lat="30.33663757145404815673828125" lon="120.0609123520553112030029296875">
        <ele>10</ele>
        <time>2026-08-16T13:06:06.000Z</time>
        <extensions>
          <ns3:TrackPointExtension>
            <ns3:hr>133</ns3:hr>
            <ns3:cad>87</ns3:cad>
          </ns3:TrackPointExtension>
        </extensions>
      </trkpt>
      <trkpt lat="30.3366233222186565399169921875" lon="120.06093867123126983642578125">
        <ele>10</ele>
        <time>2026-08-16T13:06:07.000Z</time>
        <extensions>
          <ns3:TrackPointExtension>
            <ns3:hr>133</ns3:hr>
            <ns3:cad>87</ns3:cad>
          </ns3:TrackPointExtension>
        </extensions>
      </trkpt>
      <trkpt lat="30.33660815097391605377197265625" lon="120.060963146388530731201171875">
        <ele>10</ele>
        <time>2026-08-16T13:06:08.000Z</time>
        <extensions>
          <ns3:TrackPointExtension>
            <ns3:hr>134</ns3:hr>
            <ns3:cad>87</ns3:cad>
          </ns3:TrackPointExtension>
        </extensions>
      </trkpt>
      <trkpt lat="30.33659507520496845245361328125" lon="120.06098602898418903350830078125">
        <ele>10</ele>
        <time>2026-08-16T13:06:09.000Z</time>
        <extensions>
          <ns3:TrackPointExtension>
            <ns3:hr>135</ns3:hr>
            <ns3:cad>87</ns3:cad>
          </ns3:TrackPointExtension>
        </extensions>
      </trkpt>
      <trkpt lat="30.336578227579593658447265625" lon="120.06101150996983051300048828125">
        <ele>9.80000019073486328125</ele>
        <time>2026-08-16T13:06:10.000Z</time>
        <extensions>
          <ns3:TrackPointExtension>
            <ns3:hr>136</ns3:hr>
            <ns3:cad>86</ns3:cad>
          </ns3:TrackPointExtension>
        </extensions>
      </trkpt>
      <trkpt lat="30.33657194115221500396728515625" lon="120.061032883822917938232421875">
        <ele>9.80000019073486328125</ele>
        <time>2026-08-16T13:06:11.000Z</time>
        <extensions>
          <ns3:TrackPointExtension>
            <ns3:hr>137</ns3:hr>
            <ns3:cad>86</ns3:cad>
          </ns3:TrackPointExtension>
        </extensions>
      </trkpt>
      <trkpt lat="30.33655936829745769500732421875" lon="120.06106012500822544097900390625">
        <ele>9.6000003814697265625</ele>
        <time>2026-08-16T13:06:12.000Z</time>
        <extensions>
          <ns3:TrackPointExtension>
            <ns3:hr>139</ns3:hr>
            <ns3:cad>86</ns3:cad>
          </ns3:TrackPointExtension>
        </extensions>
      </trkpt>
      <trkpt lat="30.3365475498139858245849609375" lon="120.06108409725129604339599609375">
        <ele>9.6000003814697265625</ele>
        <time>2026-08-16T13:06:13.000Z</time>
        <extensions>
          <ns3:TrackPointExtension>
            <ns3:hr>139</ns3:hr>
            <ns3:cad>86</ns3:cad>
          </ns3:TrackPointExtension>
        </extensions>
      </trkpt>
      <trkpt lat="30.33653237856924533843994140625" lon="120.0611071474850177764892578125">
        <ele>9.6000003814697265625</ele>
        <time>2026-08-16T13:06:14.000Z</time>
        <extensions>
          <ns3:TrackPointExtension>
            <ns3:hr>140</ns3:hr>
            <ns3:cad>85</ns3:cad>
          </ns3:TrackPointExtension>
        </extensions>
      </trkpt>
      <trkpt lat="30.336521230638027191162109375" lon="120.06113388575613498687744140625">
        <ele>9.80000019073486328125</ele>
        <time>2026-08-16T13:06:15.000Z</time>
        <extensions>
          <ns3:TrackPointExtension>
            <ns3:hr>140</ns3:hr>
            <ns3:cad>85</ns3:cad>
          </ns3:TrackPointExtension>
        </extensions>
      </trkpt>
      <trkpt lat="30.3365083225071430206298828125" lon="120.06115534342825412750244140625">
        <ele>9.80000019073486328125</ele>
        <time>2026-08-16T13:06:16.000Z</time>
        <extensions>
          <ns3:TrackPointExtension>
            <ns3:hr>141</ns3:hr>
            <ns3:cad>85</ns3:cad>
          </ns3:TrackPointExtension>
        </extensions>
      </trkpt>
      <trkpt lat="30.3364784829318523406982421875" lon="120.06117948330938816070556640625">
        <ele>9.80000019073486328125</ele>
        <time>2026-08-16T13:06:17.000Z</time>
        <extensions>
          <ns3:TrackPointExtension>
            <ns3:hr>142</ns3:hr>
            <ns3:cad>86</ns3:cad>
          </ns3:TrackPointExtension>
        </extensions>
      </trkpt>
      <trkpt lat="30.3364664129912853240966796875" lon="120.06120018661022186279296875">
        <ele>10</ele>
        <time>2026-08-16T13:06:18.000Z</time>
        <extensions>
          <ns3:TrackPointExtension>
            <ns3:hr>143</ns3:hr>
            <ns3:cad>86</ns3:cad>
          </ns3:TrackPointExtension>
        </extensions>
      </trkpt>
      <trkpt lat="30.33645073883235454559326171875" lon="120.06122843362390995025634765625">
        <ele>10</ele>
        <time>2026-08-16T13:06:19.000Z</time>
        <extensions>
          <ns3:TrackPointExtension>
            <ns3:hr>144</ns3:hr>
            <ns3:cad>86</ns3:cad>
          </ns3:TrackPointExtension>
        </extensions>
      </trkpt>
      <trkpt lat="30.33643506467342376708984375" lon="120.0612531602382659912109375">
        <ele>10.19999980926513671875</ele>
        <time>2026-08-16T13:06:20.000Z</time>
        <extensions>
          <ns3:TrackPointExtension>
            <ns3:hr>144</ns3:hr>
            <ns3:cad>86</ns3:cad>
          </ns3:TrackPointExtension>
        </extensions>
      </trkpt>
      <trkpt lat="30.33641972579061985015869140625" lon="120.0612801499664783477783203125">
        <ele>10.3999996185302734375</ele>
        <time>2026-08-16T13:06:21.000Z</time>
        <extensions>
          <ns3:TrackPointExtension>
            <ns3:hr>145</ns3:hr>
            <ns3:cad>86</ns3:cad>
          </ns3:TrackPointExtension>
        </extensions>
      </trkpt>
      <trkpt lat="30.336401872336864471435546875" lon="120.06130923517048358917236328125">
        <ele>10.3999996185302734375</ele>
        <time>2026-08-16T13:06:22.000Z</time>
        <extensions>
          <ns3:TrackPointExtension>
            <ns3:hr>146</ns3:hr>
            <ns3:cad>86</ns3:cad>
          </ns3:TrackPointExtension>
        </extensions>
      </trkpt>
      <trkpt lat="30.336385779082775115966796875" lon="120.06133454851806163787841796875">
        <ele>10.3999996185302734375</ele>
        <time>2026-08-16T13:06:23.000Z</time>
        <extensions>
          <ns3:TrackPointExtension>
            <ns3:hr>146</ns3:hr>
            <ns3:cad>86</ns3:cad>
          </ns3:TrackPointExtension>
        </extensions>
      </trkpt>
      <trkpt lat="30.336360298097133636474609375" lon="120.06136187352240085601806640625">
        <ele>10.19999980926513671875</ele>
        <time>2026-08-16T13:06:24.000Z</time>
        <extensions>
          <ns3:TrackPointExtension>
            <ns3:hr>147</ns3:hr>
            <ns3:cad>86</ns3:cad>
          </ns3:TrackPointExtension>
        </extensions>
      </trkpt>
      <trkpt lat="30.336332805454730987548828125" lon="120.0613746978342533111572265625">
        <ele>9.80000019073486328125</ele>
        <time>2026-08-16T13:06:25.000Z</time>
        <extensions>
          <ns3:TrackPointExtension>
            <ns3:hr>148</ns3:hr>
            <ns3:cad>86</ns3:cad>
          </ns3:TrackPointExtension>
        </extensions>
      </trkpt>
      <trkpt lat="30.33631629310548305511474609375" lon="120.061373524367809295654296875">
        <ele>9.6000003814697265625</ele>
        <time>2026-08-16T13:06:26.000Z</time>
        <extensions>
          <ns3:TrackPointExtension>
            <ns3:hr>149</ns3:hr>
            <ns3:cad>86</ns3:cad>
          </ns3:TrackPointExtension>
        </extensions>
      </trkpt>
      <trkpt lat="30.3363044746220111846923828125" lon="120.0613679923117160797119140625">
        <ele>9.3999996185302734375</ele>
        <time>2026-08-16T13:06:27.000Z</time>
        <extensions>
          <ns3:TrackPointExtension>
            <ns3:hr>149</ns3:hr>
            <ns3:cad>85</ns3:cad>
          </ns3:TrackPointExtension>
        </extensions>
      </trkpt>
      <trkpt lat="30.3362994454801082611083984375" lon="120.06136321462690830230712890625">
        <ele>9.3999996185302734375</ele>
        <time>2026-08-16T13:06:28.000Z</time>
        <extensions>
          <ns3:TrackPointExtension>
            <ns3:hr>149</ns3:hr>
            <ns3:cad>85</ns3:cad>
          </ns3:TrackPointExtension>
        </extensions>
      </trkpt>
      <trkpt lat="30.33628662116825580596923828125" lon="120.06135684438049793243408203125">
        <ele>9.3999996185302734375</ele>
        <time>2026-08-16T13:06:29.000Z</time>
        <extensions>
          <ns3:TrackPointExtension>
            <ns3:hr>149</ns3:hr>
            <ns3:cad>85</ns3:cad>
          </ns3:TrackPointExtension>
        </extensions>
      </trkpt>
      <trkpt lat="30.33627186901867389678955078125" lon="120.06135416217148303985595703125">
        <ele>9.3999996185302734375</ele>
        <time>2026-08-16T13:06:30.000Z</time>
        <extensions>
          <ns3:TrackPointExtension>
            <ns3:hr>150</ns3:hr>
            <ns3:cad>85</ns3:cad>
          </ns3:TrackPointExtension>
        </extensions>
      </trkpt>
      <trkpt lat="30.3362555243074893951416015625" lon="120.0613529048860073089599609375">
        <ele>9.19999980926513671875</ele>
        <time>2026-08-16T13:06:31.000Z</time>
        <extensions>
          <ns3:TrackPointExtension>
            <ns3:hr>149</ns3:hr>
            <ns3:cad>85</ns3:cad>
          </ns3:TrackPointExtension>
        </extensions>
      </trkpt>
      <trkpt lat="30.3362293727695941925048828125" lon="120.06136220879852771759033203125">
        <ele>9.19999980926513671875</ele>
        <time>2026-08-16T13:06:32.000Z</time>
        <extensions>
          <ns3:TrackPointExtension>
            <ns3:hr>150</ns3:hr>
            <ns3:cad>81</ns3:cad>
          </ns3:TrackPointExtension>
        </extensions>
      </trkpt>
      <trkpt lat="30.33620296977460384368896484375" lon="120.06137243472039699554443359375">
        <ele>9</ele>
        <time>2026-08-16T13:06:33.000Z</time>
        <extensions>
          <ns3:TrackPointExtension>
            <ns3:hr>150</ns3:hr>
            <ns3:cad>79</ns3:cad>
          </ns3:TrackPointExtension>
        </extensions>
      </trkpt>
      <trkpt lat="30.3361804224550724029541015625" lon="120.06139171309769153594970703125">
        <ele>9</ele>
        <time>2026-08-16T13:06:34.000Z</time>
        <extensions>
          <ns3:TrackPointExtension>
            <ns3:hr>150</ns3:hr>
            <ns3:cad>79</ns3:cad>
          </ns3:TrackPointExtension>
        </extensions>
      </trkpt>
      <trkpt lat="30.336156450212001800537109375" lon="120.06141074001789093017578125">
        <ele>9</ele>
        <time>2026-08-16T13:06:35.000Z</time>
        <extensions>
          <ns3:TrackPointExtension>
            <ns3:hr>150</ns3:hr>
            <ns3:cad>83</ns3:cad>
          </ns3:TrackPointExtension>
        </extensions>
      </trkpt>
      <trkpt lat="30.33613725565373897552490234375" lon="120.06143211387097835540771484375">
        <ele>9.19999980926513671875</ele>
        <time>2026-08-16T13:06:36.000Z</time>
        <extensions>
          <ns3:TrackPointExtension>
            <ns3:hr>149</ns3:hr>
            <ns3:cad>84</ns3:cad>
          </ns3:TrackPointExtension>
        </extensions>
      </trkpt>
      <trkpt lat="30.336109511554241180419921875" lon="120.0614605285227298736572265625">
        <ele>9.19999980926513671875</ele>
        <time>2026-08-16T13:06:37.000Z</time>
        <extensions>
          <ns3:TrackPointExtension>
            <ns3:hr>150</ns3:hr>
            <ns3:cad>84</ns3:cad>
          </ns3:TrackPointExtension>
        </extensions>
      </trkpt>
      <trkpt lat="30.3360929153859615325927734375" lon="120.0614838302135467529296875">
        <ele>9.19999980926513671875</ele>
        <time>2026-08-16T13:06:38.000Z</time>
        <extensions>
          <ns3:TrackPointExtension>
            <ns3:hr>150</ns3:hr>
            <ns3:cad>84</ns3:cad>
          </ns3:TrackPointExtension>
        </extensions>
      </trkpt>
      <trkpt lat="30.33606751821935176849365234375" lon="120.06151308305561542510986328125">
        <ele>9</ele>
        <time>2026-08-16T13:06:39.000Z</time>
        <extensions>
          <ns3:TrackPointExtension>
            <ns3:hr>150</ns3:hr>
            <ns3:cad>86</ns3:cad>
          </ns3:TrackPointExtension>
        </extensions>
      </trkpt>
      <trkpt lat="30.33604857511818408966064453125" lon="120.0615374743938446044921875">
        <ele>9</ele>
        <time>2026-08-16T13:06:40.000Z</time>
        <extensions>
          <ns3:TrackPointExtension>
            <ns3:hr>150</ns3:hr>
            <ns3:cad>86</ns3:cad>
          </ns3:TrackPointExtension>
        </extensions>
      </trkpt>
      <trkpt lat="30.3360268659889698028564453125" lon="120.0615674816071987152099609375">
        <ele>9</ele>
        <time>2026-08-16T13:06:41.000Z</time>
        <extensions>
          <ns3:TrackPointExtension>
            <ns3:hr>150</ns3:hr>
            <ns3:cad>86</ns3:cad>
          </ns3:TrackPointExtension>
        </extensions>
      </trkpt>
      <trkpt lat="30.3360070846974849700927734375" lon="120.06159069947898387908935546875">
        <ele>8.80000019073486328125</ele>
        <time>2026-08-16T13:06:42.000Z</time>
        <extensions>
          <ns3:TrackPointExtension>
            <ns3:hr>150</ns3:hr>
            <ns3:cad>87</ns3:cad>
          </ns3:TrackPointExtension>
        </extensions>
      </trkpt>
      <trkpt lat="30.33598738722503185272216796875" lon="120.0616233050823211669921875">
        <ele>8.80000019073486328125</ele>
        <time>2026-08-16T13:06:43.000Z</time>
        <extensions>
          <ns3:TrackPointExtension>
            <ns3:hr>151</ns3:hr>
            <ns3:cad>87</ns3:cad>
          </ns3:TrackPointExtension>
        </extensions>
      </trkpt>
      <trkpt lat="30.3359705395996570587158203125" lon="120.0616501271724700927734375">
        <ele>8.80000019073486328125</ele>
        <time>2026-08-16T13:06:44.000Z</time>
        <extensions>
          <ns3:TrackPointExtension>
            <ns3:hr>151</ns3:hr>
            <ns3:cad>87</ns3:cad>
          </ns3:TrackPointExtension>
        </extensions>
      </trkpt>
      <trkpt lat="30.33595494925975799560546875" lon="120.06167585961520671844482421875">
        <ele>8.80000019073486328125</ele>
        <time>2026-08-16T13:06:45.000Z</time>
        <extensions>
          <ns3:TrackPointExtension>
            <ns3:hr>152</ns3:hr>
            <ns3:cad>87</ns3:cad>
          </ns3:TrackPointExtension>
        </extensions>
      </trkpt>
      <trkpt lat="30.33594078384339809417724609375" lon="120.06170318461954593658447265625">
        <ele>9.19999980926513671875</ele>
        <time>2026-08-16T13:06:46.000Z</time>
        <extensions>
          <ns3:TrackPointExtension>
            <ns3:hr>153</ns3:hr>
            <ns3:cad>88</ns3:cad>
          </ns3:TrackPointExtension>
        </extensions>
      </trkpt>
      <trkpt lat="30.33592955209314823150634765625" lon="120.0617334432899951934814453125">
        <ele>9.3999996185302734375</ele>
        <time>2026-08-16T13:06:47.000Z</time>
        <extensions>
          <ns3:TrackPointExtension>
            <ns3:hr>154</ns3:hr>
            <ns3:cad>87</ns3:cad>
          </ns3:TrackPointExtension>
        </extensions>
      </trkpt>
      <trkpt lat="30.33591580577194690704345703125" lon="120.06176185794174671173095703125">
        <ele>9.3999996185302734375</ele>
        <time>2026-08-16T13:06:48.000Z</time>
        <extensions>
          <ns3:TrackPointExtension>
            <ns3:hr>155</ns3:hr>
            <ns3:cad>88</ns3:cad>
          </ns3:TrackPointExtension>
        </extensions>
      </trkpt>
      <trkpt lat="30.33590625040233135223388671875" lon="120.06179052405059337615966796875">
        <ele>9.3999996185302734375</ele>
        <time>2026-08-16T13:06:49.000Z</time>
        <extensions>
          <ns3:TrackPointExtension>
            <ns3:hr>155</ns3:hr>
            <ns3:cad>88</ns3:cad>
          </ns3:TrackPointExtension>
        </extensions>
      </trkpt>
      <trkpt lat="30.33588931895792484283447265625" lon="120.06182187236845493316650390625">
        <ele>9.19999980926513671875</ele>
        <time>2026-08-16T13:06:50.000Z</time>
        <extensions>
          <ns3:TrackPointExtension>
            <ns3:hr>155</ns3:hr>
            <ns3:cad>88</ns3:cad>
          </ns3:TrackPointExtension>
        </extensions>
      </trkpt>
      <trkpt lat="30.335876159369945526123046875" lon="120.0618487782776355743408203125">
        <ele>8.80000019073486328125</ele>
        <time>2026-08-16T13:06:51.000Z</time>
        <extensions>
          <ns3:TrackPointExtension>
            <ns3:hr>156</ns3:hr>
            <ns3:cad>89</ns3:cad>
          </ns3:TrackPointExtension>
        </extensions>
      </trkpt>
      <trkpt lat="30.3358555398881435394287109375" lon="120.0618819706141948699951171875">
        <ele>8.80000019073486328125</ele>
        <time>2026-08-16T13:06:52.000Z</time>
        <extensions>
          <ns3:TrackPointExtension>
            <ns3:hr>156</ns3:hr>
            <ns3:cad>88</ns3:cad>
          </ns3:TrackPointExtension>
        </extensions>
      </trkpt>
      <trkpt lat="30.33584271557629108428955078125" lon="120.0619104690849781036376953125">
        <ele>8.80000019073486328125</ele>
        <time>2026-08-16T13:06:53.000Z</time>
        <extensions>
          <ns3:TrackPointExtension>
            <ns3:hr>157</ns3:hr>
            <ns3:cad>88</ns3:cad>
          </ns3:TrackPointExtension>
        </extensions>
      </trkpt>
      <trkpt lat="30.33582628704607486724853515625" lon="120.06194072775542736053466796875">
        <ele>8.80000019073486328125</ele>
        <time>2026-08-16T13:06:54.000Z</time>
        <extensions>
          <ns3:TrackPointExtension>
            <ns3:hr>156</ns3:hr>
            <ns3:cad>88</ns3:cad>
          </ns3:TrackPointExtension>
        </extensions>
      </trkpt>
      <trkpt lat="30.3358082659542560577392578125" lon="120.0619691424071788787841796875">
        <ele>9</ele>
        <time>2026-08-16T13:06:55.000Z</time>
        <extensions>
          <ns3:TrackPointExtension>
            <ns3:hr>157</ns3:hr>
            <ns3:cad>88</ns3:cad>
          </ns3:TrackPointExtension>
        </extensions>
      </trkpt>
      <trkpt lat="30.33579133450984954833984375" lon="120.06199948489665985107421875">
        <ele>9</ele>
        <time>2026-08-16T13:06:56.000Z</time>
        <extensions>
          <ns3:TrackPointExtension>
            <ns3:hr>157</ns3:hr>
            <ns3:cad>88</ns3:cad>
          </ns3:TrackPointExtension>
        </extensions>
      </trkpt>
      <trkpt lat="30.33577113412320613861083984375" lon="120.0620271451771259307861328125">
        <ele>8.80000019073486328125</ele>
        <time>2026-08-16T13:06:57.000Z</time>
        <extensions>
          <ns3:TrackPointExtension>
            <ns3:hr>157</ns3:hr>
            <ns3:cad>87</ns3:cad>
          </ns3:TrackPointExtension>
        </extensions>
      </trkpt>
      <trkpt lat="30.3357539512217044830322265625" lon="120.06205589510500431060791015625">
        <ele>8.80000019073486328125</ele>
        <time>2026-08-16T13:06:58.000Z</time>
        <extensions>
          <ns3:TrackPointExtension>
            <ns3:hr>157</ns3:hr>
            <ns3:cad>87</ns3:cad>
          </ns3:TrackPointExtension>
        </extensions>
      </trkpt>
      <trkpt lat="30.33572955988347530364990234375" lon="120.0620811246335506439208984375">
        <ele>8.6000003814697265625</ele>
        <time>2026-08-16T13:06:59.000Z</time>
        <extensions>
          <ns3:TrackPointExtension>
            <ns3:hr>156</ns3:hr>
            <ns3:cad>87</ns3:cad>
          </ns3:TrackPointExtension>
        </extensions>
      </trkpt>
      <trkpt lat="30.33570307306945323944091796875" lon="120.06209931336343288421630859375">
        <ele>8.6000003814697265625</ele>
        <time>2026-08-16T13:07:00.000Z</time>
        <extensions>
          <ns3:TrackPointExtension>
            <ns3:hr>156</ns3:hr>
            <ns3:cad>86</ns3:cad>
          </ns3:TrackPointExtension>
        </extensions>
      </trkpt>
      <trkpt lat="30.335673652589321136474609375" lon="120.0621146522462368011474609375">
        <ele>8.6000003814697265625</ele>
        <time>2026-08-16T13:07:01.000Z</time>
        <extensions>
          <ns3:TrackPointExtension>
            <ns3:hr>156</ns3:hr>
            <ns3:cad>85</ns3:cad>
          </ns3:TrackPointExtension>
        </extensions>
      </trkpt>
      <trkpt lat="30.33564205281436443328857421875" lon="120.06211817264556884765625">
        <ele>8.6000003814697265625</ele>
        <time>2026-08-16T13:07:02.000Z</time>
        <extensions>
          <ns3:TrackPointExtension>
            <ns3:hr>156</ns3:hr>
            <ns3:cad>85</ns3:cad>
          </ns3:TrackPointExtension>
        </extensions>
      </trkpt>
      <trkpt lat="30.3356109559535980224609375" lon="120.06211674772202968597412109375">
        <ele>8.6000003814697265625</ele>
        <time>2026-08-16T13:07:03.000Z</time>
        <extensions>
          <ns3:TrackPointExtension>
            <ns3:hr>157</ns3:hr>
            <ns3:cad>84</ns3:cad>
          </ns3:TrackPointExtension>
        </extensions>
      </trkpt>
      <trkpt lat="30.3355782665312290191650390625" lon="120.062104761600494384765625">
        <ele>8.6000003814697265625</ele>
        <time>2026-08-16T13:07:04.000Z</time>
        <extensions>
          <ns3:TrackPointExtension>
            <ns3:hr>156</ns3:hr>
            <ns3:cad>84</ns3:cad>
          </ns3:TrackPointExtension>
        </extensions>
      </trkpt>
      <trkpt lat="30.33555521629750728607177734375" lon="120.06209176965057849884033203125">
        <ele>8.6000003814697265625</ele>
        <time>2026-08-16T13:07:05.000Z</time>
        <extensions>
          <ns3:TrackPointExtension>
            <ns3:hr>156</ns3:hr>
            <ns3:cad>84</ns3:cad>
          </ns3:TrackPointExtension>
        </extensions>
      </trkpt>
      <trkpt lat="30.33553241752088069915771484375" lon="120.062069557607173919677734375">
        <ele>8.6000003814697265625</ele>
        <time>2026-08-16T13:07:06.000Z</time>
        <extensions>
          <ns3:TrackPointExtension>
            <ns3:hr>156</ns3:hr>
            <ns3:cad>84</ns3:cad>
          </ns3:TrackPointExtension>
        </extensions>
      </trkpt>
      <trkpt lat="30.33550978638231754302978515625" lon="120.0620486028492450714111328125">
        <ele>8.3999996185302734375</ele>
        <time>2026-08-16T13:07:07.000Z</time>
        <extensions>
          <ns3:TrackPointExtension>
            <ns3:hr>157</ns3:hr>
            <ns3:cad>85</ns3:cad>
          </ns3:TrackPointExtension>
        </extensions>
      </trkpt>
      <trkpt lat="30.33548715524375438690185546875" lon="120.0620254687964916229248046875">
        <ele>8.3999996185302734375</ele>
        <time>2026-08-16T13:07:08.000Z</time>
        <extensions>
          <ns3:TrackPointExtension>
            <ns3:hr>158</ns3:hr>
            <ns3:cad>86</ns3:cad>
          </ns3:TrackPointExtension>
        </extensions>
      </trkpt>
      <trkpt lat="30.33546687103807926177978515625" lon="120.06199638359248638153076171875">
        <ele>8.3999996185302734375</ele>
        <time>2026-08-16T13:07:09.000Z</time>
        <extensions>
          <ns3:TrackPointExtension>
            <ns3:hr>159</ns3:hr>
            <ns3:cad>86</ns3:cad>
          </ns3:TrackPointExtension>
        </extensions>
      </trkpt>
      <trkpt lat="30.33544474281370639801025390625" lon="120.06197526119649410247802734375">
        <ele>8.3999996185302734375</ele>
        <time>2026-08-16T13:07:10.000Z</time>
        <extensions>
          <ns3:TrackPointExtension>
            <ns3:hr>160</ns3:hr>
            <ns3:cad>86</ns3:cad>
          </ns3:TrackPointExtension>
        </extensions>
      </trkpt>
      <trkpt lat="30.335422195494174957275390625" lon="120.0619453378021717071533203125">
        <ele>8.3999996185302734375</ele>
        <time>2026-08-16T13:07:11.000Z</time>
        <extensions>
          <ns3:TrackPointExtension>
            <ns3:hr>161</ns3:hr>
            <ns3:cad>86</ns3:cad>
          </ns3:TrackPointExtension>
        </extensions>
      </trkpt>
      <trkpt lat="30.33540107309818267822265625" lon="120.06192706525325775146484375">
        <ele>8.6000003814697265625</ele>
        <time>2026-08-16T13:07:12.000Z</time>
        <extensions>
          <ns3:TrackPointExtension>
            <ns3:hr>163</ns3:hr>
            <ns3:cad>86</ns3:cad>
          </ns3:TrackPointExtension>
        </extensions>
      </trkpt>
      <trkpt lat="30.33537852577865123748779296875" lon="120.0618995726108551025390625">
        <ele>8.6000003814697265625</ele>
        <time>2026-08-16T13:07:13.000Z</time>
        <extensions>
          <ns3:TrackPointExtension>
            <ns3:hr>165</ns3:hr>
            <ns3:cad>86</ns3:cad>
          </ns3:TrackPointExtension>
        </extensions>
      </trkpt>
      <trkpt lat="30.33536025322973728179931640625" lon="120.0618769414722919464111328125">
        <ele>8.6000003814697265625</ele>
        <time>2026-08-16T13:07:14.000Z</time>
        <extensions>
          <ns3:TrackPointExtension>
            <ns3:hr>166</ns3:hr>
            <ns3:cad>86</ns3:cad>
          </ns3:TrackPointExtension>
        </extensions>
      </trkpt>
      <trkpt lat="30.335338376462459564208984375" lon="120.061848275363445281982421875">
        <ele>8.6000003814697265625</ele>
        <time>2026-08-16T13:07:15.000Z</time>
        <extensions>
          <ns3:TrackPointExtension>
            <ns3:hr>167</ns3:hr>
            <ns3:cad>86</ns3:cad>
          </ns3:TrackPointExtension>
        </extensions>
      </trkpt>
      <trkpt lat="30.33531784079968929290771484375" lon="120.0618232972919940948486328125">
        <ele>8.6000003814697265625</ele>
        <time>2026-08-16T13:07:16.000Z</time>
        <extensions>
          <ns3:TrackPointExtension>
            <ns3:hr>168</ns3:hr>
            <ns3:cad>87</ns3:cad>
          </ns3:TrackPointExtension>
        </extensions>
      </trkpt>
      <trkpt lat="30.3352973051369190216064453125" lon="120.06180242635309696197509765625">
        <ele>8.80000019073486328125</ele>
        <time>2026-08-16T13:07:17.000Z</time>
        <extensions>
          <ns3:TrackPointExtension>
            <ns3:hr>169</ns3:hr>
            <ns3:cad>86</ns3:cad>
          </ns3:TrackPointExtension>
        </extensions>
      </trkpt>
      <trkpt lat="30.3352775238454341888427734375" lon="120.0617787055671215057373046875">
        <ele>8.80000019073486328125</ele>
        <time>2026-08-16T13:07:18.000Z</time>
        <extensions>
          <ns3:TrackPointExtension>
            <ns3:hr>169</ns3:hr>
            <ns3:cad>87</ns3:cad>
          </ns3:TrackPointExtension>
        </extensions>
      </trkpt>
      <trkpt lat="30.33525447361171245574951171875" lon="120.0617572478950023651123046875">
        <ele>8.80000019073486328125</ele>
        <time>2026-08-16T13:07:19.000Z</time>
        <extensions>
          <ns3:TrackPointExtension>
            <ns3:hr>170</ns3:hr>
            <ns3:cad>87</ns3:cad>
          </ns3:TrackPointExtension>
        </extensions>
      </trkpt>
      <trkpt lat="30.33523117192089557647705078125" lon="120.06172657012939453125">
        <ele>8.6000003814697265625</ele>
        <time>2026-08-16T13:07:20.000Z</time>
        <extensions>
          <ns3:TrackPointExtension>
            <ns3:hr>170</ns3:hr>
            <ns3:cad>87</ns3:cad>
          </ns3:TrackPointExtension>
        </extensions>
      </trkpt>
      <trkpt lat="30.33521206118166446685791015625" lon="120.06170351989567279815673828125">
        <ele>8.6000003814697265625</ele>
        <time>2026-08-16T13:07:21.000Z</time>
        <extensions>
          <ns3:TrackPointExtension>
            <ns3:hr>171</ns3:hr>
            <ns3:cad>87</ns3:cad>
          </ns3:TrackPointExtension>
        </extensions>
      </trkpt>
      <trkpt lat="30.33518783748149871826171875" lon="120.06167552433907985687255859375">
        <ele>8.6000003814697265625</ele>
        <time>2026-08-16T13:07:22.000Z</time>
        <extensions>
          <ns3:TrackPointExtension>
            <ns3:hr>172</ns3:hr>
            <ns3:cad>88</ns3:cad>
          </ns3:TrackPointExtension>
        </extensions>
      </trkpt>
      <trkpt lat="30.33516637980937957763671875" lon="120.06165482103824615478515625">
        <ele>8.3999996185302734375</ele>
        <time>2026-08-16T13:07:23.000Z</time>
        <extensions>
          <ns3:TrackPointExtension>
            <ns3:hr>172</ns3:hr>
            <ns3:cad>87</ns3:cad>
          </ns3:TrackPointExtension>
        </extensions>
      </trkpt>
      <trkpt lat="30.33514467068016529083251953125" lon="120.06162573583424091339111328125">
        <ele>8.3999996185302734375</ele>
        <time>2026-08-16T13:07:24.000Z</time>
        <extensions>
          <ns3:TrackPointExtension>
            <ns3:hr>173</ns3:hr>
            <ns3:cad>87</ns3:cad>
          </ns3:TrackPointExtension>
        </extensions>
      </trkpt>
      <trkpt lat="30.33512371592223644256591796875" lon="120.06160117685794830322265625">
        <ele>8.6000003814697265625</ele>
        <time>2026-08-16T13:07:25.000Z</time>
        <extensions>
          <ns3:TrackPointExtension>
            <ns3:hr>173</ns3:hr>
            <ns3:cad>87</ns3:cad>
          </ns3:TrackPointExtension>
        </extensions>
      </trkpt>
      <trkpt lat="30.33509957604110240936279296875" lon="120.06157175637781620025634765625">
        <ele>8.6000003814697265625</ele>
        <time>2026-08-16T13:07:26.000Z</time>
        <extensions>
          <ns3:TrackPointExtension>
            <ns3:hr>173</ns3:hr>
            <ns3:cad>87</ns3:cad>
          </ns3:TrackPointExtension>
        </extensions>
      </trkpt>
      <trkpt lat="30.335074849426746368408203125" lon="120.06154627539217472076416015625">
        <ele>8.80000019073486328125</ele>
        <time>2026-08-16T13:07:27.000Z</time>
        <extensions>
          <ns3:TrackPointExtension>
            <ns3:hr>172</ns3:hr>
            <ns3:cad>87</ns3:cad>
          </ns3:TrackPointExtension>
        </extensions>
      </trkpt>
      <trkpt lat="30.335051380097866058349609375" lon="120.0615218840539455413818359375">
        <ele>8.80000019073486328125</ele>
        <time>2026-08-16T13:07:28.000Z</time>
        <extensions>
          <ns3:TrackPointExtension>
            <ns3:hr>172</ns3:hr>
            <ns3:cad>87</ns3:cad>
          </ns3:TrackPointExtension>
        </extensions>
      </trkpt>
      <trkpt lat="30.33502682112157344818115234375" lon="120.0614964030683040618896484375">
        <ele>8.80000019073486328125</ele>
        <time>2026-08-16T13:07:29.000Z</time>
        <extensions>
          <ns3:TrackPointExtension>
            <ns3:hr>172</ns3:hr>
            <ns3:cad>88</ns3:cad>
          </ns3:TrackPointExtension>
        </extensions>
      </trkpt>
      <trkpt lat="30.33500217832624912261962890625" lon="120.061471760272979736328125">
        <ele>8.80000019073486328125</ele>
        <time>2026-08-16T13:07:30.000Z</time>
        <extensions>
          <ns3:TrackPointExtension>
            <ns3:hr>172</ns3:hr>
            <ns3:cad>88</ns3:cad>
          </ns3:TrackPointExtension>
        </extensions>
      </trkpt>
      <trkpt lat="30.33497770316898822784423828125" lon="120.06144426763057708740234375">
        <ele>8.80000019073486328125</ele>
        <time>2026-08-16T13:07:31.000Z</time>
        <extensions>
          <ns3:TrackPointExtension>
            <ns3:hr>172</ns3:hr>
            <ns3:cad>88</ns3:cad>
          </ns3:TrackPointExtension>
        </extensions>
      </trkpt>
      <trkpt lat="30.33495473675429821014404296875" lon="120.06142004393041133880615234375">
        <ele>8.6000003814697265625</ele>
        <time>2026-08-16T13:07:32.000Z</time>
        <extensions>
          <ns3:TrackPointExtension>
            <ns3:hr>172</ns3:hr>
            <ns3:cad>88</ns3:cad>
          </ns3:TrackPointExtension>
        </extensions>
      </trkpt>
      <trkpt lat="30.33493244089186191558837890625" lon="120.0613897852599620819091796875">
        <ele>8.6000003814697265625</ele>
        <time>2026-08-16T13:07:33.000Z</time>
        <extensions>
          <ns3:TrackPointExtension>
            <ns3:hr>172</ns3:hr>
            <ns3:cad>87</ns3:cad>
          </ns3:TrackPointExtension>
        </extensions>
      </trkpt>
      <trkpt lat="30.334911905229091644287109375" lon="120.0613649748265743255615234375">
        <ele>8.6000003814697265625</ele>
        <time>2026-08-16T13:07:34.000Z</time>
        <extensions>
          <ns3:TrackPointExtension>
            <ns3:hr>173</ns3:hr>
            <ns3:cad>87</ns3:cad>
          </ns3:TrackPointExtension>
        </extensions>
      </trkpt>
      <trkpt lat="30.33488935790956020355224609375" lon="120.06133119575679302215576171875">
        <ele>8.6000003814697265625</ele>
        <time>2026-08-16T13:07:35.000Z</time>
        <extensions>
          <ns3:TrackPointExtension>
            <ns3:hr>174</ns3:hr>
            <ns3:cad>87</ns3:cad>
          </ns3:TrackPointExtension>
        </extensions>
      </trkpt>
      <trkpt lat="30.334866978228092193603515625" lon="120.06130856461822986602783203125">
        <ele>8.6000003814697265625</ele>
        <time>2026-08-16T13:07:36.000Z</time>
        <extensions>
          <ns3:TrackPointExtension>
            <ns3:hr>176</ns3:hr>
            <ns3:cad>87</ns3:cad>
          </ns3:TrackPointExtension>
        </extensions>
      </trkpt>
      <trkpt lat="30.33484225161373615264892578125" lon="120.06127621047198772430419921875">
        <ele>8.80000019073486328125</ele>
        <time>2026-08-16T13:07:37.000Z</time>
        <extensions>
          <ns3:TrackPointExtension>
            <ns3:hr>177</ns3:hr>
            <ns3:cad>87</ns3:cad>
          </ns3:TrackPointExtension>
        </extensions>
      </trkpt>
      <trkpt lat="30.3348235599696636199951171875" lon="120.06125056184828281402587890625">
        <ele>8.80000019073486328125</ele>
        <time>2026-08-16T13:07:38.000Z</time>
        <extensions>
          <ns3:TrackPointExtension>
            <ns3:hr>177</ns3:hr>
            <ns3:cad>87</ns3:cad>
          </ns3:TrackPointExtension>
        </extensions>
      </trkpt>
      <trkpt lat="30.33480235375463962554931640625" lon="120.0612241588532924652099609375">
        <ele>8.80000019073486328125</ele>
        <time>2026-08-16T13:07:39.000Z</time>
        <extensions>
          <ns3:TrackPointExtension>
            <ns3:hr>177</ns3:hr>
            <ns3:cad>87</ns3:cad>
          </ns3:TrackPointExtension>
        </extensions>
      </trkpt>
      <trkpt lat="30.33478039316833019256591796875" lon="120.061199851334095001220703125">
        <ele>8.80000019073486328125</ele>
        <time>2026-08-16T13:07:40.000Z</time>
        <extensions>
          <ns3:TrackPointExtension>
            <ns3:hr>178</ns3:hr>
            <ns3:cad>87</ns3:cad>
          </ns3:TrackPointExtension>
        </extensions>
      </trkpt>
      <trkpt lat="30.334758348762989044189453125" lon="120.0611795671284198760986328125">
        <ele>8.80000019073486328125</ele>
        <time>2026-08-16T13:07:41.000Z</time>
        <extensions>
          <ns3:TrackPointExtension>
            <ns3:hr>178</ns3:hr>
            <ns3:cad>87</ns3:cad>
          </ns3:TrackPointExtension>
        </extensions>
      </trkpt>
      <trkpt lat="30.33473789691925048828125" lon="120.0611564330756664276123046875">
        <ele>8.80000019073486328125</ele>
        <time>2026-08-16T13:07:42.000Z</time>
        <extensions>
          <ns3:TrackPointExtension>
            <ns3:hr>178</ns3:hr>
            <ns3:cad>87</ns3:cad>
          </ns3:TrackPointExtension>
        </extensions>
      </trkpt>
      <trkpt lat="30.33472088165581226348876953125" lon="120.06113740615546703338623046875">
        <ele>8.80000019073486328125</ele>
        <time>2026-08-16T13:07:43.000Z</time>
        <extensions>
          <ns3:TrackPointExtension>
            <ns3:hr>178</ns3:hr>
            <ns3:cad>87</ns3:cad>
          </ns3:TrackPointExtension>
        </extensions>
      </trkpt>
      <trkpt lat="30.33469757996499538421630859375" lon="120.06110773421823978424072265625">
        <ele>8.80000019073486328125</ele>
        <time>2026-08-16T13:07:44.000Z</time>
        <extensions>
          <ns3:TrackPointExtension>
            <ns3:hr>178</ns3:hr>
            <ns3:cad>86</ns3:cad>
          </ns3:TrackPointExtension>
        </extensions>
      </trkpt>
      <trkpt lat="30.3346800617873668670654296875" lon="120.06109063513576984405517578125">
        <ele>8.6000003814697265625</ele>
        <time>2026-08-16T13:07:45.000Z</time>
        <extensions>
          <ns3:TrackPointExtension>
            <ns3:hr>178</ns3:hr>
            <ns3:cad>86</ns3:cad>
          </ns3:TrackPointExtension>
        </extensions>
      </trkpt>
      <trkpt lat="30.334654413163661956787109375" lon="120.061061717569828033447265625">
        <ele>8.6000003814697265625</ele>
        <time>2026-08-16T13:07:46.000Z</time>
        <extensions>
          <ns3:TrackPointExtension>
            <ns3:hr>178</ns3:hr>
            <ns3:cad>86</ns3:cad>
          </ns3:TrackPointExtension>
        </extensions>
      </trkpt>
      <trkpt lat="30.3346378169953823089599609375" lon="120.06104168482124805450439453125">
        <ele>8.6000003814697265625</ele>
        <time>2026-08-16T13:07:47.000Z</time>
        <extensions>
          <ns3:TrackPointExtension>
            <ns3:hr>178</ns3:hr>
            <ns3:cad>86</ns3:cad>
          </ns3:TrackPointExtension>
        </extensions>
      </trkpt>
      <trkpt lat="30.3346180357038974761962890625" lon="120.061015449464321136474609375">
        <ele>8.80000019073486328125</ele>
        <time>2026-08-16T13:07:48.000Z</time>
        <extensions>
          <ns3:TrackPointExtension>
            <ns3:hr>178</ns3:hr>
            <ns3:cad>87</ns3:cad>
          </ns3:TrackPointExtension>
        </extensions>
      </trkpt>
      <trkpt lat="30.3345992602407932281494140625" lon="120.060994327068328857421875">
        <ele>8.80000019073486328125</ele>
        <time>2026-08-16T13:07:49.000Z</time>
        <extensions>
          <ns3:TrackPointExtension>
            <ns3:hr>178</ns3:hr>
            <ns3:cad>87</ns3:cad>
          </ns3:TrackPointExtension>
        </extensions>
      </trkpt>
      <trkpt lat="30.3345761261880397796630859375" lon="120.06097177974879741668701171875">
        <ele>8.80000019073486328125</ele>
        <time>2026-08-16T13:07:50.000Z</time>
        <extensions>
          <ns3:TrackPointExtension>
            <ns3:hr>178</ns3:hr>
            <ns3:cad>88</ns3:cad>
          </ns3:TrackPointExtension>
        </extensions>
      </trkpt>
      <trkpt lat="30.33455609343945980072021484375" lon="120.06094864569604396820068359375">
        <ele>8.80000019073486328125</ele>
        <time>2026-08-16T13:07:51.000Z</time>
        <extensions>
          <ns3:TrackPointExtension>
            <ns3:hr>176</ns3:hr>
            <ns3:cad>87</ns3:cad>
          </ns3:TrackPointExtension>
        </extensions>
      </trkpt>
      <trkpt lat="30.3345375694334506988525390625" lon="120.0609338097274303436279296875">
        <ele>8.6000003814697265625</ele>
        <time>2026-08-16T13:07:52.000Z</time>
        <extensions>
          <ns3:TrackPointExtension>
            <ns3:hr>176</ns3:hr>
            <ns3:cad>87</ns3:cad>
          </ns3:TrackPointExtension>
        </extensions>
      </trkpt>
      <trkpt lat="30.33452139236032962799072265625" lon="120.0609039701521396636962890625">
        <ele>8.6000003814697265625</ele>
        <time>2026-08-16T13:07:53.000Z</time>
        <extensions>
          <ns3:TrackPointExtension>
            <ns3:hr>176</ns3:hr>
            <ns3:cad>87</ns3:cad>
          </ns3:TrackPointExtension>
        </extensions>
      </trkpt>
      <trkpt lat="30.3345063887536525726318359375" lon="120.06088100373744964599609375">
        <ele>8.6000003814697265625</ele>
        <time>2026-08-16T13:07:54.000Z</time>
        <extensions>
          <ns3:TrackPointExtension>
            <ns3:hr>176</ns3:hr>
            <ns3:cad>87</ns3:cad>
          </ns3:TrackPointExtension>
        </extensions>
      </trkpt>
      <trkpt lat="30.33449172042310237884521484375" lon="120.06084873341023921966552734375">
        <ele>8.6000003814697265625</ele>
        <time>2026-08-16T13:07:55.000Z</time>
        <extensions>
          <ns3:TrackPointExtension>
            <ns3:hr>176</ns3:hr>
            <ns3:cad>88</ns3:cad>
          </ns3:TrackPointExtension>
        </extensions>
      </trkpt>
      <trkpt lat="30.33447571098804473876953125" lon="120.06082744337618350982666015625">
        <ele>8.6000003814697265625</ele>
        <time>2026-08-16T13:07:56.000Z</time>
        <extensions>
          <ns3:TrackPointExtension>
            <ns3:hr>176</ns3:hr>
            <ns3:cad>87</ns3:cad>
          </ns3:TrackPointExtension>
        </extensions>
      </trkpt>
      <trkpt lat="30.3344584442675113677978515625" lon="120.06079341284930706024169921875">
        <ele>8.6000003814697265625</ele>
        <time>2026-08-16T13:07:57.000Z</time>
        <extensions>
          <ns3:TrackPointExtension>
            <ns3:hr>176</ns3:hr>
            <ns3:cad>88</ns3:cad>
          </ns3:TrackPointExtension>
        </extensions>
      </trkpt>
      <trkpt lat="30.33444260247051715850830078125" lon="120.06077161990106105804443359375">
        <ele>8.3999996185302734375</ele>
        <time>2026-08-16T13:07:58.000Z</time>
        <extensions>
          <ns3:TrackPointExtension>
            <ns3:hr>176</ns3:hr>
            <ns3:cad>87</ns3:cad>
          </ns3:TrackPointExtension>
        </extensions>
      </trkpt>
      <trkpt lat="30.33442215062677860260009765625" lon="120.06074144504964351654052734375">
        <ele>8.6000003814697265625</ele>
        <time>2026-08-16T13:07:59.000Z</time>
        <extensions>
          <ns3:TrackPointExtension>
            <ns3:hr>176</ns3:hr>
            <ns3:cad>88</ns3:cad>
          </ns3:TrackPointExtension>
        </extensions>
      </trkpt>
      <trkpt lat="30.33440236933529376983642578125" lon="120.06072183139622211456298828125">
        <ele>8.6000003814697265625</ele>
        <time>2026-08-16T13:08:00.000Z</time>
        <extensions>
          <ns3:TrackPointExtension>
            <ns3:hr>176</ns3:hr>
            <ns3:cad>88</ns3:cad>
          </ns3:TrackPointExtension>
        </extensions>
      </trkpt>
      <trkpt lat="30.33437781035900115966796875" lon="120.06069618277251720428466796875">
        <ele>8.80000019073486328125</ele>
        <time>2026-08-16T13:08:01.000Z</time>
        <extensions>
          <ns3:TrackPointExtension>
            <ns3:hr>175</ns3:hr>
            <ns3:cad>88</ns3:cad>
          </ns3:TrackPointExtension>
        </extensions>
      </trkpt>
      <trkpt lat="30.33435610122978687286376953125" lon="120.06067506037652492523193359375">
        <ele>8.80000019073486328125</ele>
        <time>2026-08-16T13:08:02.000Z</time>
        <extensions>
          <ns3:TrackPointExtension>
            <ns3:hr>176</ns3:hr>
            <ns3:cad>89</ns3:cad>
          </ns3:TrackPointExtension>
        </extensions>
      </trkpt>
      <trkpt lat="30.33433355391025543212890625" lon="120.0606496632099151611328125">
        <ele>8.80000019073486328125</ele>
        <time>2026-08-16T13:08:03.000Z</time>
        <extensions>
          <ns3:TrackPointExtension>
            <ns3:hr>176</ns3:hr>
            <ns3:cad>88</ns3:cad>
          </ns3:TrackPointExtension>
        </extensions>
      </trkpt>
      <trkpt lat="30.3343119286000728607177734375" lon="120.06062527187168598175048828125">
        <ele>8.6000003814697265625</ele>
        <time>2026-08-16T13:08:04.000Z</time>
        <extensions>
          <ns3:TrackPointExtension>
            <ns3:hr>176</ns3:hr>
            <ns3:cad>88</ns3:cad>
          </ns3:TrackPointExtension>
        </extensions>
      </trkpt>
      <trkpt lat="30.33428569324314594268798828125" lon="120.06060565821826457977294921875">
        <ele>8.6000003814697265625</ele>
        <time>2026-08-16T13:08:05.000Z</time>
        <extensions>
          <ns3:TrackPointExtension>
            <ns3:hr>176</ns3:hr>
            <ns3:cad>88</ns3:cad>
          </ns3:TrackPointExtension>
        </extensions>
      </trkpt>
      <trkpt lat="30.33426356501877307891845703125" lon="120.06058235652744770050048828125">
        <ele>8.3999996185302734375</ele>
        <time>2026-08-16T13:08:06.000Z</time>
        <extensions>
          <ns3:TrackPointExtension>
            <ns3:hr>177</ns3:hr>
            <ns3:cad>88</ns3:cad>
          </ns3:TrackPointExtension>
        </extensions>
      </trkpt>
      <trkpt lat="30.334239341318607330322265625" lon="120.0605609826743602752685546875">
        <ele>8.3999996185302734375</ele>
        <time>2026-08-16T13:08:07.000Z</time>
        <extensions>
          <ns3:TrackPointExtension>
            <ns3:hr>177</ns3:hr>
            <ns3:cad>88</ns3:cad>
          </ns3:TrackPointExtension>
        </extensions>
      </trkpt>
      <trkpt lat="30.334214866161346435546875" lon="120.06053491495549678802490234375">
        <ele>8.3999996185302734375</ele>
        <time>2026-08-16T13:08:08.000Z</time>
        <extensions>
          <ns3:TrackPointExtension>
            <ns3:hr>177</ns3:hr>
            <ns3:cad>88</ns3:cad>
          </ns3:TrackPointExtension>
        </extensions>
      </trkpt>
      <trkpt lat="30.33418846316635608673095703125" lon="120.06051312200725078582763671875">
        <ele>8.3999996185302734375</ele>
        <time>2026-08-16T13:08:09.000Z</time>
        <extensions>
          <ns3:TrackPointExtension>
            <ns3:hr>177</ns3:hr>
            <ns3:cad>88</ns3:cad>
          </ns3:TrackPointExtension>
        </extensions>
      </trkpt>
      <trkpt lat="30.33416650258004665374755859375" lon="120.060484707355499267578125">
        <ele>8.3999996185302734375</ele>
        <time>2026-08-16T13:08:10.000Z</time>
        <extensions>
          <ns3:TrackPointExtension>
            <ns3:hr>177</ns3:hr>
            <ns3:cad>88</ns3:cad>
          </ns3:TrackPointExtension>
        </extensions>
      </trkpt>
      <trkpt lat="30.334142111241817474365234375" lon="120.060463249683380126953125">
        <ele>8.3999996185302734375</ele>
        <time>2026-08-16T13:08:11.000Z</time>
        <extensions>
          <ns3:TrackPointExtension>
            <ns3:hr>178</ns3:hr>
            <ns3:cad>88</ns3:cad>
          </ns3:TrackPointExtension>
        </extensions>
      </trkpt>
      <trkpt lat="30.3341196477413177490234375" lon="120.06043148227035999298095703125">
        <ele>8.6000003814697265625</ele>
        <time>2026-08-16T13:08:12.000Z</time>
        <extensions>
          <ns3:TrackPointExtension>
            <ns3:hr>178</ns3:hr>
            <ns3:cad>87</ns3:cad>
          </ns3:TrackPointExtension>
        </extensions>
      </trkpt>
      <trkpt lat="30.33409978263080120086669921875" lon="120.06040700711309909820556640625">
        <ele>8.6000003814697265625</ele>
        <time>2026-08-16T13:08:13.000Z</time>
        <extensions>
          <ns3:TrackPointExtension>
            <ns3:hr>178</ns3:hr>
            <ns3:cad>87</ns3:cad>
          </ns3:TrackPointExtension>
        </extensions>
      </trkpt>
      <trkpt lat="30.3340765647590160369873046875" lon="120.0603759102523326873779296875">
        <ele>8.6000003814697265625</ele>
        <time>2026-08-16T13:08:14.000Z</time>
        <extensions>
          <ns3:TrackPointExtension>
            <ns3:hr>178</ns3:hr>
            <ns3:cad>87</ns3:cad>
          </ns3:TrackPointExtension>
        </extensions>
      </trkpt>
      <trkpt lat="30.3340520896017551422119140625" lon="120.06035369820892810821533203125">
        <ele>8.6000003814697265625</ele>
        <time>2026-08-16T13:08:15.000Z</time>
        <extensions>
          <ns3:TrackPointExtension>
            <ns3:hr>178</ns3:hr>
            <ns3:cad>88</ns3:cad>
          </ns3:TrackPointExtension>
        </extensions>
      </trkpt>
      <trkpt lat="30.334029458463191986083984375" lon="120.06032318808138370513916015625">
        <ele>8.3999996185302734375</ele>
        <time>2026-08-16T13:08:16.000Z</time>
        <extensions>
          <ns3:TrackPointExtension>
            <ns3:hr>179</ns3:hr>
            <ns3:cad>87</ns3:cad>
          </ns3:TrackPointExtension>
        </extensions>
      </trkpt>
      <trkpt lat="30.334007330238819122314453125" lon="120.0603034906089305877685546875">
        <ele>8.3999996185302734375</ele>
        <time>2026-08-16T13:08:17.000Z</time>
        <extensions>
          <ns3:TrackPointExtension>
            <ns3:hr>179</ns3:hr>
            <ns3:cad>88</ns3:cad>
          </ns3:TrackPointExtension>
        </extensions>
      </trkpt>
      <trkpt lat="30.33397992141544818878173828125" lon="120.060281865298748016357421875">
        <ele>8.3999996185302734375</ele>
        <time>2026-08-16T13:08:18.000Z</time>
        <extensions>
          <ns3:TrackPointExtension>
            <ns3:hr>179</ns3:hr>
            <ns3:cad>88</ns3:cad>
          </ns3:TrackPointExtension>
        </extensions>
      </trkpt>
      <trkpt lat="30.33395930193364620208740234375" lon="120.06025596521794795989990234375">
        <ele>8.3999996185302734375</ele>
        <time>2026-08-16T13:08:19.000Z</time>
        <extensions>
          <ns3:TrackPointExtension>
            <ns3:hr>179</ns3:hr>
            <ns3:cad>88</ns3:cad>
          </ns3:TrackPointExtension>
        </extensions>
      </trkpt>
      <trkpt lat="30.33393348567187786102294921875" lon="120.06022880785167217254638671875">
        <ele>8.3999996185302734375</ele>
        <time>2026-08-16T13:08:20.000Z</time>
        <extensions>
          <ns3:TrackPointExtension>
            <ns3:hr>178</ns3:hr>
            <ns3:cad>88</ns3:cad>
          </ns3:TrackPointExtension>
        </extensions>
      </trkpt>
      <trkpt lat="30.333910770714282989501953125" lon="120.06020106375217437744140625">
        <ele>8.3999996185302734375</ele>
        <time>2026-08-16T13:08:21.000Z</time>
        <extensions>
          <ns3:TrackPointExtension>
            <ns3:hr>179</ns3:hr>
            <ns3:cad>88</ns3:cad>
          </ns3:TrackPointExtension>
        </extensions>
      </trkpt>
      <trkpt lat="30.3338891454041004180908203125" lon="120.06018094718456268310546875">
        <ele>8.6000003814697265625</ele>
        <time>2026-08-16T13:08:22.000Z</time>
        <extensions>
          <ns3:TrackPointExtension>
            <ns3:hr>179</ns3:hr>
            <ns3:cad>88</ns3:cad>
          </ns3:TrackPointExtension>
        </extensions>
      </trkpt>
      <trkpt lat="30.33386710099875926971435546875" lon="120.0601529516279697418212890625">
        <ele>8.6000003814697265625</ele>
        <time>2026-08-16T13:08:23.000Z</time>
        <extensions>
          <ns3:TrackPointExtension>
            <ns3:hr>179</ns3:hr>
            <ns3:cad>88</ns3:cad>
          </ns3:TrackPointExtension>
        </extensions>
      </trkpt>
      <trkpt lat="30.3338452242314815521240234375" lon="120.0601351819932460784912109375">
        <ele>8.6000003814697265625</ele>
        <time>2026-08-16T13:08:24.000Z</time>
        <extensions>
          <ns3:TrackPointExtension>
            <ns3:hr>179</ns3:hr>
            <ns3:cad>88</ns3:cad>
          </ns3:TrackPointExtension>
        </extensions>
      </trkpt>
      <trkpt lat="30.333820246160030364990234375" lon="120.0601120479404926300048828125">
        <ele>8.6000003814697265625</ele>
        <time>2026-08-16T13:08:25.000Z</time>
        <extensions>
          <ns3:TrackPointExtension>
            <ns3:hr>179</ns3:hr>
            <ns3:cad>88</ns3:cad>
          </ns3:TrackPointExtension>
        </extensions>
      </trkpt>
      <trkpt lat="30.3338002972304821014404296875" lon="120.06009100936353206634521484375">
        <ele>8.6000003814697265625</ele>
        <time>2026-08-16T13:08:26.000Z</time>
        <extensions>
          <ns3:TrackPointExtension>
            <ns3:hr>178</ns3:hr>
            <ns3:cad>88</ns3:cad>
          </ns3:TrackPointExtension>
        </extensions>
      </trkpt>
      <trkpt lat="30.33377875573933124542236328125" lon="120.06006435491144657135009765625">
        <ele>8.6000003814697265625</ele>
        <time>2026-08-16T13:08:27.000Z</time>
        <extensions>
          <ns3:TrackPointExtension>
            <ns3:hr>179</ns3:hr>
            <ns3:cad>88</ns3:cad>
          </ns3:TrackPointExtension>
        </extensions>
      </trkpt>
      <trkpt lat="30.3337543644011020660400390625" lon="120.06004239432513713836669921875">
        <ele>8.3999996185302734375</ele>
        <time>2026-08-16T13:08:28.000Z</time>
        <extensions>
          <ns3:TrackPointExtension>
            <ns3:hr>179</ns3:hr>
            <ns3:cad>88</ns3:cad>
          </ns3:TrackPointExtension>
        </extensions>
      </trkpt>
      <trkpt lat="30.33372846432030200958251953125" lon="120.06000920198857784271240234375">
        <ele>8.3999996185302734375</ele>
        <time>2026-08-16T13:08:29.000Z</time>
        <extensions>
          <ns3:TrackPointExtension>
            <ns3:hr>179</ns3:hr>
            <ns3:cad>88</ns3:cad>
          </ns3:TrackPointExtension>
        </extensions>
      </trkpt>
      <trkpt lat="30.33370348624885082244873046875" lon="120.05998288281261920928955078125">
        <ele>8.3999996185302734375</ele>
        <time>2026-08-16T13:08:30.000Z</time>
        <extensions>
          <ns3:TrackPointExtension>
            <ns3:hr>178</ns3:hr>
            <ns3:cad>88</ns3:cad>
          </ns3:TrackPointExtension>
        </extensions>
      </trkpt>
      <trkpt lat="30.33368035219609737396240234375" lon="120.0599497742950916290283203125">
        <ele>8.3999996185302734375</ele>
        <time>2026-08-16T13:08:31.000Z</time>
        <extensions>
          <ns3:TrackPointExtension>
            <ns3:hr>178</ns3:hr>
            <ns3:cad>87</ns3:cad>
          </ns3:TrackPointExtension>
        </extensions>
      </trkpt>
      <trkpt lat="30.33366040326654911041259765625" lon="120.05992018617689609527587890625">
        <ele>8.3999996185302734375</ele>
        <time>2026-08-16T13:08:32.000Z</time>
        <extensions>
          <ns3:TrackPointExtension>
            <ns3:hr>179</ns3:hr>
            <ns3:cad>87</ns3:cad>
          </ns3:TrackPointExtension>
        </extensions>
      </trkpt>
      <trkpt lat="30.33363592810928821563720703125" lon="120.05989638157188892364501953125">
        <ele>8.6000003814697265625</ele>
        <time>2026-08-16T13:08:33.000Z</time>
        <extensions>
          <ns3:TrackPointExtension>
            <ns3:hr>179</ns3:hr>
            <ns3:cad>87</ns3:cad>
          </ns3:TrackPointExtension>
        </extensions>
      </trkpt>
      <trkpt lat="30.33361245878040790557861328125" lon="120.05987458862364292144775390625">
        <ele>8.6000003814697265625</ele>
        <time>2026-08-16T13:08:34.000Z</time>
        <extensions>
          <ns3:TrackPointExtension>
            <ns3:hr>179</ns3:hr>
            <ns3:cad>88</ns3:cad>
          </ns3:TrackPointExtension>
        </extensions>
      </trkpt>
      <trkpt lat="30.33358815126121044158935546875" lon="120.059870146214962005615234375">
        <ele>8.6000003814697265625</ele>
        <time>2026-08-16T13:08:35.000Z</time>
        <extensions>
          <ns3:TrackPointExtension>
            <ns3:hr>178</ns3:hr>
            <ns3:cad>88</ns3:cad>
          </ns3:TrackPointExtension>
        </extensions>
      </trkpt>
      <trkpt lat="30.3335578925907611846923828125" lon="120.0598716549575328826904296875">
        <ele>8.6000003814697265625</ele>
        <time>2026-08-16T13:08:36.000Z</time>
        <extensions>
          <ns3:TrackPointExtension>
            <ns3:hr>179</ns3:hr>
            <ns3:cad>88</ns3:cad>
          </ns3:TrackPointExtension>
        </extensions>
      </trkpt>
      <trkpt lat="30.3335334174335002899169921875" lon="120.0598810426890850067138671875">
        <ele>8.6000003814697265625</ele>
        <time>2026-08-16T13:08:37.000Z</time>
        <extensions>
          <ns3:TrackPointExtension>
            <ns3:hr>179</ns3:hr>
            <ns3:cad>87</ns3:cad>
          </ns3:TrackPointExtension>
        </extensions>
      </trkpt>
      <trkpt lat="30.3335022367537021636962890625" lon="120.0598921068012714385986328125">
        <ele>8.6000003814697265625</ele>
        <time>2026-08-16T13:08:38.000Z</time>
        <extensions>
          <ns3:TrackPointExtension>
            <ns3:hr>179</ns3:hr>
            <ns3:cad>86</ns3:cad>
          </ns3:TrackPointExtension>
        </extensions>
      </trkpt>
      <trkpt lat="30.33347482793033123016357421875" lon="120.0599011592566967010498046875">
        <ele>8.6000003814697265625</ele>
        <time>2026-08-16T13:08:39.000Z</time>
        <extensions>
          <ns3:TrackPointExtension>
            <ns3:hr>179</ns3:hr>
            <ns3:cad>85</ns3:cad>
          </ns3:TrackPointExtension>
        </extensions>
      </trkpt>
      <trkpt lat="30.33344465307891368865966796875" lon="120.0599128939211368560791015625">
        <ele>8.6000003814697265625</ele>
        <time>2026-08-16T13:08:40.000Z</time>
        <extensions>
          <ns3:TrackPointExtension>
            <ns3:hr>180</ns3:hr>
            <ns3:cad>84</ns3:cad>
          </ns3:TrackPointExtension>
        </extensions>
      </trkpt>
      <trkpt lat="30.33341414295136928558349609375" lon="120.05992370657622814178466796875">
        <ele>8.6000003814697265625</ele>
        <time>2026-08-16T13:08:41.000Z</time>
        <extensions>
          <ns3:TrackPointExtension>
            <ns3:hr>180</ns3:hr>
            <ns3:cad>84</ns3:cad>
          </ns3:TrackPointExtension>
        </extensions>
      </trkpt>
      <trkpt lat="30.33338916487991809844970703125" lon="120.05993711762130260467529296875">
        <ele>8.6000003814697265625</ele>
        <time>2026-08-16T13:08:42.000Z</time>
        <extensions>
          <ns3:TrackPointExtension>
            <ns3:hr>180</ns3:hr>
            <ns3:cad>85</ns3:cad>
          </ns3:TrackPointExtension>
        </extensions>
      </trkpt>
      <trkpt lat="30.333357565104961395263671875" lon="120.0599417276680469512939453125">
        <ele>8.6000003814697265625</ele>
        <time>2026-08-16T13:08:43.000Z</time>
        <extensions>
          <ns3:TrackPointExtension>
            <ns3:hr>181</ns3:hr>
            <ns3:cad>85</ns3:cad>
          </ns3:TrackPointExtension>
        </extensions>
      </trkpt>
      <trkpt lat="30.3333282284438610076904296875" lon="120.05994432605803012847900390625">
        <ele>8.6000003814697265625</ele>
        <time>2026-08-16T13:08:44.000Z</time>
        <extensions>
          <ns3:TrackPointExtension>
            <ns3:hr>180</ns3:hr>
            <ns3:cad>86</ns3:cad>
          </ns3:TrackPointExtension>
        </extensions>
      </trkpt>
      <trkpt lat="30.33329713158309459686279296875" lon="120.05994164384901523590087890625">
        <ele>8.6000003814697265625</ele>
        <time>2026-08-16T13:08:45.000Z</time>
        <extensions>
          <ns3:TrackPointExtension>
            <ns3:hr>180</ns3:hr>
            <ns3:cad>86</ns3:cad>
          </ns3:TrackPointExtension>
        </extensions>
      </trkpt>
      <trkpt lat="30.33326561562716960906982421875" lon="120.0599350221455097198486328125">
        <ele>8.3999996185302734375</ele>
        <time>2026-08-16T13:08:46.000Z</time>
        <extensions>
          <ns3:TrackPointExtension>
            <ns3:hr>180</ns3:hr>
            <ns3:cad>85</ns3:cad>
          </ns3:TrackPointExtension>
        </extensions>
      </trkpt>
      <trkpt lat="30.33323644660413265228271484375" lon="120.05993259139358997344970703125">
        <ele>8.3999996185302734375</ele>
        <time>2026-08-16T13:08:47.000Z</time>
        <extensions>
          <ns3:TrackPointExtension>
            <ns3:hr>180</ns3:hr>
            <ns3:cad>85</ns3:cad>
          </ns3:TrackPointExtension>
        </extensions>
      </trkpt>
      <trkpt lat="30.33320476301014423370361328125" lon="120.05993108265101909637451171875">
        <ele>8.3999996185302734375</ele>
        <time>2026-08-16T13:08:48.000Z</time>
        <extensions>
          <ns3:TrackPointExtension>
            <ns3:hr>180</ns3:hr>
            <ns3:cad>85</ns3:cad>
          </ns3:TrackPointExtension>
        </extensions>
      </trkpt>
      <trkpt lat="30.3331803716719150543212890625" lon="120.05993946455419063568115234375">
        <ele>8.3999996185302734375</ele>
        <time>2026-08-16T13:08:49.000Z</time>
        <extensions>
          <ns3:TrackPointExtension>
            <ns3:hr>180</ns3:hr>
            <ns3:cad>85</ns3:cad>
          </ns3:TrackPointExtension>
        </extensions>
      </trkpt>
      <trkpt lat="30.3331515379250049591064453125" lon="120.05995488725602626800537109375">
        <ele>8.3999996185302734375</ele>
        <time>2026-08-16T13:08:50.000Z</time>
        <extensions>
          <ns3:TrackPointExtension>
            <ns3:hr>180</ns3:hr>
            <ns3:cad>86</ns3:cad>
          </ns3:TrackPointExtension>
        </extensions>
      </trkpt>
      <trkpt lat="30.33313326537609100341796875" lon="120.0599759258329868316650390625">
        <ele>8.3999996185302734375</ele>
        <time>2026-08-16T13:08:51.000Z</time>
        <extensions>
          <ns3:TrackPointExtension>
            <ns3:hr>180</ns3:hr>
            <ns3:cad>86</ns3:cad>
          </ns3:TrackPointExtension>
        </extensions>
      </trkpt>
      <trkpt lat="30.3331089578568935394287109375" lon="120.0599970482289791107177734375">
        <ele>8.3999996185302734375</ele>
        <time>2026-08-16T13:08:52.000Z</time>
        <extensions>
          <ns3:TrackPointExtension>
            <ns3:hr>180</ns3:hr>
            <ns3:cad>86</ns3:cad>
          </ns3:TrackPointExtension>
        </extensions>
      </trkpt>
      <trkpt lat="30.3330898471176624298095703125" lon="120.060019008815288543701171875">
        <ele>8.6000003814697265625</ele>
        <time>2026-08-16T13:08:53.000Z</time>
        <extensions>
          <ns3:TrackPointExtension>
            <ns3:hr>179</ns3:hr>
            <ns3:cad>86</ns3:cad>
          </ns3:TrackPointExtension>
        </extensions>
      </trkpt>
      <trkpt lat="30.3330683894455432891845703125" lon="120.06004440598189830780029296875">
        <ele>8.6000003814697265625</ele>
        <time>2026-08-16T13:08:54.000Z</time>
        <extensions>
          <ns3:TrackPointExtension>
            <ns3:hr>180</ns3:hr>
            <ns3:cad>86</ns3:cad>
          </ns3:TrackPointExtension>
        </extensions>
      </trkpt>
      <trkpt lat="30.33304953016340732574462890625" lon="120.060066282749176025390625">
        <ele>8.3999996185302734375</ele>
        <time>2026-08-16T13:08:55.000Z</time>
        <extensions>
          <ns3:TrackPointExtension>
            <ns3:hr>180</ns3:hr>
            <ns3:cad>86</ns3:cad>
          </ns3:TrackPointExtension>
        </extensions>
      </trkpt>
      <trkpt lat="30.3330271504819393157958984375" lon="120.06008832715451717376708984375">
        <ele>8.19999980926513671875</ele>
        <time>2026-08-16T13:08:56.000Z</time>
        <extensions>
          <ns3:TrackPointExtension>
            <ns3:hr>180</ns3:hr>
            <ns3:cad>86</ns3:cad>
          </ns3:TrackPointExtension>
        </extensions>
      </trkpt>
      <trkpt lat="30.33300661481916904449462890625" lon="120.0601093657314777374267578125">
        <ele>8.19999980926513671875</ele>
        <time>2026-08-16T13:08:57.000Z</time>
        <extensions>
          <ns3:TrackPointExtension>
            <ns3:hr>180</ns3:hr>
            <ns3:cad>86</ns3:cad>
          </ns3:TrackPointExtension>
        </extensions>
      </trkpt>
      <trkpt lat="30.3329842351377010345458984375" lon="120.06013400852680206298828125">
        <ele>8</ele>
        <time>2026-08-16T13:08:58.000Z</time>
        <extensions>
          <ns3:TrackPointExtension>
            <ns3:hr>180</ns3:hr>
            <ns3:cad>88</ns3:cad>
          </ns3:TrackPointExtension>
        </extensions>
      </trkpt>
      <trkpt lat="30.3329622745513916015625" lon="120.06015689112246036529541015625">
        <ele>8</ele>
        <time>2026-08-16T13:08:59.000Z</time>
        <extensions>
          <ns3:TrackPointExtension>
            <ns3:hr>180</ns3:hr>
            <ns3:cad>88</ns3:cad>
          </ns3:TrackPointExtension>
        </extensions>
      </trkpt>
      <trkpt lat="30.33294023014605045318603515625" lon="120.06018036045134067535400390625">
        <ele>8</ele>
        <time>2026-08-16T13:09:00.000Z</time>
        <extensions>
          <ns3:TrackPointExtension>
            <ns3:hr>180</ns3:hr>
            <ns3:cad>88</ns3:cad>
          </ns3:TrackPointExtension>
        </extensions>
      </trkpt>
      <trkpt lat="30.33291541971266269683837890625" lon="120.06020081229507923126220703125">
        <ele>8.19999980926513671875</ele>
        <time>2026-08-16T13:09:01.000Z</time>
        <extensions>
          <ns3:TrackPointExtension>
            <ns3:hr>180</ns3:hr>
            <ns3:cad>88</ns3:cad>
          </ns3:TrackPointExtension>
        </extensions>
      </trkpt>
      <trkpt lat="30.33289723098278045654296875" lon="120.0602243654429912567138671875">
        <ele>8.3999996185302734375</ele>
        <time>2026-08-16T13:09:02.000Z</time>
        <extensions>
          <ns3:TrackPointExtension>
            <ns3:hr>180</ns3:hr>
            <ns3:cad>88</ns3:cad>
          </ns3:TrackPointExtension>
        </extensions>
      </trkpt>
      <trkpt lat="30.33287552185356616973876953125" lon="120.0602461583912372589111328125">
        <ele>8.3999996185302734375</ele>
        <time>2026-08-16T13:09:03.000Z</time>
        <extensions>
          <ns3:TrackPointExtension>
            <ns3:hr>180</ns3:hr>
            <ns3:cad>88</ns3:cad>
          </ns3:TrackPointExtension>
        </extensions>
      </trkpt>
      <trkpt lat="30.3328554891049861907958984375" lon="120.0602714717388153076171875">
        <ele>8.3999996185302734375</ele>
        <time>2026-08-16T13:09:04.000Z</time>
        <extensions>
          <ns3:TrackPointExtension>
            <ns3:hr>180</ns3:hr>
            <ns3:cad>89</ns3:cad>
          </ns3:TrackPointExtension>
        </extensions>
      </trkpt>
      <trkpt lat="30.332830511033535003662109375" lon="120.06029251031577587127685546875">
        <ele>8.3999996185302734375</ele>
        <time>2026-08-16T13:09:05.000Z</time>
        <extensions>
          <ns3:TrackPointExtension>
            <ns3:hr>180</ns3:hr>
            <ns3:cad>89</ns3:cad>
          </ns3:TrackPointExtension>
        </extensions>
      </trkpt>
      <trkpt lat="30.33280913718044757843017578125" lon="120.06031614728271961212158203125">
        <ele>8.3999996185302734375</ele>
        <time>2026-08-16T13:09:06.000Z</time>
        <extensions>
          <ns3:TrackPointExtension>
            <ns3:hr>180</ns3:hr>
            <ns3:cad>89</ns3:cad>
          </ns3:TrackPointExtension>
        </extensions>
      </trkpt>
      <trkpt lat="30.332782901823520660400390625" lon="120.0603403709828853607177734375">
        <ele>8.19999980926513671875</ele>
        <time>2026-08-16T13:09:07.000Z</time>
        <extensions>
          <ns3:TrackPointExtension>
            <ns3:hr>180</ns3:hr>
            <ns3:cad>88</ns3:cad>
          </ns3:TrackPointExtension>
        </extensions>
      </trkpt>
      <trkpt lat="30.3327642939984798431396484375" lon="120.06036560051143169403076171875">
        <ele>8.19999980926513671875</ele>
        <time>2026-08-16T13:09:08.000Z</time>
        <extensions>
          <ns3:TrackPointExtension>
            <ns3:hr>180</ns3:hr>
            <ns3:cad>88</ns3:cad>
          </ns3:TrackPointExtension>
        </extensions>
      </trkpt>
      <trkpt lat="30.332736968994140625" lon="120.06039041094481945037841796875">
        <ele>8.3999996185302734375</ele>
        <time>2026-08-16T13:09:09.000Z</time>
        <extensions>
          <ns3:TrackPointExtension>
            <ns3:hr>181</ns3:hr>
            <ns3:cad>88</ns3:cad>
          </ns3:TrackPointExtension>
        </extensions>
      </trkpt>
      <trkpt lat="30.3327197022736072540283203125" lon="120.0604161433875560760498046875">
        <ele>8.3999996185302734375</ele>
        <time>2026-08-16T13:09:10.000Z</time>
        <extensions>
          <ns3:TrackPointExtension>
            <ns3:hr>182</ns3:hr>
            <ns3:cad>88</ns3:cad>
          </ns3:TrackPointExtension>
        </extensions>
      </trkpt>
      <trkpt lat="30.332696400582790374755859375" lon="120.06044254638254642486572265625">
        <ele>8.3999996185302734375</ele>
        <time>2026-08-16T13:09:11.000Z</time>
        <extensions>
          <ns3:TrackPointExtension>
            <ns3:hr>183</ns3:hr>
            <ns3:cad>87</ns3:cad>
          </ns3:TrackPointExtension>
        </extensions>
      </trkpt>
      <trkpt lat="30.33267938531935214996337890625" lon="120.0604667700827121734619140625">
        <ele>8.3999996185302734375</ele>
        <time>2026-08-16T13:09:12.000Z</time>
        <extensions>
          <ns3:TrackPointExtension>
            <ns3:hr>184</ns3:hr>
            <ns3:cad>87</ns3:cad>
          </ns3:TrackPointExtension>
        </extensions>
      </trkpt>
      <trkpt lat="30.33265650272369384765625" lon="120.06049183197319507598876953125">
        <ele>8.3999996185302734375</ele>
        <time>2026-08-16T13:09:13.000Z</time>
        <extensions>
          <ns3:TrackPointExtension>
            <ns3:hr>183</ns3:hr>
            <ns3:cad>87</ns3:cad>
          </ns3:TrackPointExtension>
        </extensions>
      </trkpt>
      <trkpt lat="30.3326399065554141998291015625" lon="120.06051697768270969390869140625">
        <ele>8.3999996185302734375</ele>
        <time>2026-08-16T13:09:14.000Z</time>
        <extensions>
          <ns3:TrackPointExtension>
            <ns3:hr>182</ns3:hr>
            <ns3:cad>88</ns3:cad>
          </ns3:TrackPointExtension>
        </extensions>
      </trkpt>
      <trkpt lat="30.3326187841594219207763671875" lon="120.0605425424873828887939453125">
        <ele>8.19999980926513671875</ele>
        <time>2026-08-16T13:09:15.000Z</time>
        <extensions>
          <ns3:TrackPointExtension>
            <ns3:hr>181</ns3:hr>
            <ns3:cad>88</ns3:cad>
          </ns3:TrackPointExtension>
        </extensions>
      </trkpt>
      <trkpt lat="30.3325993381440639495849609375" lon="120.0605638325214385986328125">
        <ele>8.19999980926513671875</ele>
        <time>2026-08-16T13:09:16.000Z</time>
        <extensions>
          <ns3:TrackPointExtension>
            <ns3:hr>181</ns3:hr>
            <ns3:cad>89</ns3:cad>
          </ns3:TrackPointExtension>
        </extensions>
      </trkpt>
      <trkpt lat="30.33257762901484966278076171875" lon="120.060584284365177154541015625">
        <ele>8.19999980926513671875</ele>
        <time>2026-08-16T13:09:17.000Z</time>
        <extensions>
          <ns3:TrackPointExtension>
            <ns3:hr>181</ns3:hr>
            <ns3:cad>88</ns3:cad>
          </ns3:TrackPointExtension>
        </extensions>
      </trkpt>
      <trkpt lat="30.33255533315241336822509765625" lon="120.06059979088604450225830078125">
        <ele>8.19999980926513671875</ele>
        <time>2026-08-16T13:09:18.000Z</time>
        <extensions>
          <ns3:TrackPointExtension>
            <ns3:hr>181</ns3:hr>
            <ns3:cad>88</ns3:cad>
          </ns3:TrackPointExtension>
        </extensions>
      </trkpt>
      <trkpt lat="30.33254007808864116668701171875" lon="120.0606223382055759429931640625">
        <ele>8.19999980926513671875</ele>
        <time>2026-08-16T13:09:19.000Z</time>
        <extensions>
          <ns3:TrackPointExtension>
            <ns3:hr>181</ns3:hr>
            <ns3:cad>88</ns3:cad>
          </ns3:TrackPointExtension>
        </extensions>
      </trkpt>
      <trkpt lat="30.33252046443521976470947265625" lon="120.06064622662961483001708984375">
        <ele>8.19999980926513671875</ele>
        <time>2026-08-16T13:09:20.000Z</time>
        <extensions>
          <ns3:TrackPointExtension>
            <ns3:hr>180</ns3:hr>
            <ns3:cad>88</ns3:cad>
          </ns3:TrackPointExtension>
        </extensions>
      </trkpt>
      <trkpt lat="30.3324997611343860626220703125" lon="120.0606662593781948089599609375">
        <ele>8.19999980926513671875</ele>
        <time>2026-08-16T13:09:21.000Z</time>
        <extensions>
          <ns3:TrackPointExtension>
            <ns3:hr>180</ns3:hr>
            <ns3:cad>88</ns3:cad>
          </ns3:TrackPointExtension>
        </extensions>
      </trkpt>
      <trkpt lat="30.332470424473285675048828125" lon="120.06067522801458835601806640625">
        <ele>8.3999996185302734375</ele>
        <time>2026-08-16T13:09:22.000Z</time>
        <extensions>
          <ns3:TrackPointExtension>
            <ns3:hr>180</ns3:hr>
            <ns3:cad>88</ns3:cad>
          </ns3:TrackPointExtension>
        </extensions>
      </trkpt>
      <trkpt lat="30.33243932761251926422119140625" lon="120.06067908369004726409912109375">
        <ele>8.3999996185302734375</ele>
        <time>2026-08-16T13:09:23.000Z</time>
        <extensions>
          <ns3:TrackPointExtension>
            <ns3:hr>180</ns3:hr>
            <ns3:cad>87</ns3:cad>
          </ns3:TrackPointExtension>
        </extensions>
      </trkpt>
      <trkpt lat="30.33240579999983310699462890625" lon="120.060675479471683502197265625">
        <ele>8.3999996185302734375</ele>
        <time>2026-08-16T13:09:24.000Z</time>
        <extensions>
          <ns3:TrackPointExtension>
            <ns3:hr>181</ns3:hr>
            <ns3:cad>86</ns3:cad>
          </ns3:TrackPointExtension>
        </extensions>
      </trkpt>
      <trkpt lat="30.33237528987228870391845703125" lon="120.06066584028303623199462890625">
        <ele>8.6000003814697265625</ele>
        <time>2026-08-16T13:09:25.000Z</time>
        <extensions>
          <ns3:TrackPointExtension>
            <ns3:hr>180</ns3:hr>
            <ns3:cad>85</ns3:cad>
          </ns3:TrackPointExtension>
        </extensions>
      </trkpt>
      <trkpt lat="30.33234536647796630859375" lon="120.060646645724773406982421875">
        <ele>8.6000003814697265625</ele>
        <time>2026-08-16T13:09:26.000Z</time>
        <extensions>
          <ns3:TrackPointExtension>
            <ns3:hr>180</ns3:hr>
            <ns3:cad>85</ns3:cad>
          </ns3:TrackPointExtension>
        </extensions>
      </trkpt>
      <trkpt lat="30.33231745474040508270263671875" lon="120.060621164739131927490234375">
        <ele>8.6000003814697265625</ele>
        <time>2026-08-16T13:09:27.000Z</time>
        <extensions>
          <ns3:TrackPointExtension>
            <ns3:hr>180</ns3:hr>
            <ns3:cad>85</ns3:cad>
          </ns3:TrackPointExtension>
        </extensions>
      </trkpt>
      <trkpt lat="30.332293398678302764892578125" lon="120.0605992041528224945068359375">
        <ele>8.6000003814697265625</ele>
        <time>2026-08-16T13:09:28.000Z</time>
        <extensions>
          <ns3:TrackPointExtension>
            <ns3:hr>180</ns3:hr>
            <ns3:cad>87</ns3:cad>
          </ns3:TrackPointExtension>
        </extensions>
      </trkpt>
      <trkpt lat="30.33227085135877132415771484375" lon="120.06057254970073699951171875">
        <ele>8.80000019073486328125</ele>
        <time>2026-08-16T13:09:29.000Z</time>
        <extensions>
          <ns3:TrackPointExtension>
            <ns3:hr>181</ns3:hr>
            <ns3:cad>87</ns3:cad>
          </ns3:TrackPointExtension>
        </extensions>
      </trkpt>
      <trkpt lat="30.33225190825760364532470703125" lon="120.06055201403796672821044921875">
        <ele>8.80000019073486328125</ele>
        <time>2026-08-16T13:09:30.000Z</time>
        <extensions>
          <ns3:TrackPointExtension>
            <ns3:hr>181</ns3:hr>
            <ns3:cad>86</ns3:cad>
          </ns3:TrackPointExtension>
        </extensions>
      </trkpt>
      <trkpt lat="30.33223045058548450469970703125" lon="120.06052267737686634063720703125">
        <ele>8.80000019073486328125</ele>
        <time>2026-08-16T13:09:31.000Z</time>
        <extensions>
          <ns3:TrackPointExtension>
            <ns3:hr>181</ns3:hr>
            <ns3:cad>86</ns3:cad>
          </ns3:TrackPointExtension>
        </extensions>
      </trkpt>
      <trkpt lat="30.33221083693206310272216796875" lon="120.06050373427569866180419921875">
        <ele>8.80000019073486328125</ele>
        <time>2026-08-16T13:09:32.000Z</time>
        <extensions>
          <ns3:TrackPointExtension>
            <ns3:hr>181</ns3:hr>
            <ns3:cad>87</ns3:cad>
          </ns3:TrackPointExtension>
        </extensions>
      </trkpt>
      <trkpt lat="30.332190804183483123779296875" lon="120.06047473289072513580322265625">
        <ele>8.80000019073486328125</ele>
        <time>2026-08-16T13:09:33.000Z</time>
        <extensions>
          <ns3:TrackPointExtension>
            <ns3:hr>181</ns3:hr>
            <ns3:cad>87</ns3:cad>
          </ns3:TrackPointExtension>
        </extensions>
      </trkpt>
      <trkpt lat="30.33216959796845912933349609375" lon="120.06045025773346424102783203125">
        <ele>8.80000019073486328125</ele>
        <time>2026-08-16T13:09:34.000Z</time>
        <extensions>
          <ns3:TrackPointExtension>
            <ns3:hr>182</ns3:hr>
            <ns3:cad>87</ns3:cad>
          </ns3:TrackPointExtension>
        </extensions>
      </trkpt>
      <trkpt lat="30.3321426920592784881591796875" lon="120.060431063175201416015625">
        <ele>8.80000019073486328125</ele>
        <time>2026-08-16T13:09:35.000Z</time>
        <extensions>
          <ns3:TrackPointExtension>
            <ns3:hr>181</ns3:hr>
            <ns3:cad>87</ns3:cad>
          </ns3:TrackPointExtension>
        </extensions>
      </trkpt>
      <trkpt lat="30.33212249167263507843017578125" lon="120.0604069232940673828125">
        <ele>8.80000019073486328125</ele>
        <time>2026-08-16T13:09:36.000Z</time>
        <extensions>
          <ns3:TrackPointExtension>
            <ns3:hr>181</ns3:hr>
            <ns3:cad>87</ns3:cad>
          </ns3:TrackPointExtension>
        </extensions>
      </trkpt>
      <trkpt lat="30.33209918998181819915771484375" lon="120.060385130345821380615234375">
        <ele>8.6000003814697265625</ele>
        <time>2026-08-16T13:09:37.000Z</time>
        <extensions>
          <ns3:TrackPointExtension>
            <ns3:hr>182</ns3:hr>
            <ns3:cad>88</ns3:cad>
          </ns3:TrackPointExtension>
        </extensions>
      </trkpt>
      <trkpt lat="30.3320773132145404815673828125" lon="120.060359649360179901123046875">
        <ele>8.6000003814697265625</ele>
        <time>2026-08-16T13:09:38.000Z</time>
        <extensions>
          <ns3:TrackPointExtension>
            <ns3:hr>181</ns3:hr>
            <ns3:cad>88</ns3:cad>
          </ns3:TrackPointExtension>
        </extensions>
      </trkpt>
      <trkpt lat="30.332056023180484771728515625" lon="120.0603380240499973297119140625">
        <ele>8.6000003814697265625</ele>
        <time>2026-08-16T13:09:39.000Z</time>
        <extensions>
          <ns3:TrackPointExtension>
            <ns3:hr>181</ns3:hr>
            <ns3:cad>88</ns3:cad>
          </ns3:TrackPointExtension>
        </extensions>
      </trkpt>
      <trkpt lat="30.33203766681253910064697265625" lon="120.06031329743564128875732421875">
        <ele>8.3999996185302734375</ele>
        <time>2026-08-16T13:09:40.000Z</time>
        <extensions>
          <ns3:TrackPointExtension>
            <ns3:hr>182</ns3:hr>
            <ns3:cad>87</ns3:cad>
          </ns3:TrackPointExtension>
        </extensions>
      </trkpt>
      <trkpt lat="30.33201755024492740631103515625" lon="120.06029435433447360992431640625">
        <ele>8.3999996185302734375</ele>
        <time>2026-08-16T13:09:41.000Z</time>
        <extensions>
          <ns3:TrackPointExtension>
            <ns3:hr>182</ns3:hr>
            <ns3:cad>88</ns3:cad>
          </ns3:TrackPointExtension>
        </extensions>
      </trkpt>
      <trkpt lat="30.33199877478182315826416015625" lon="120.060269795358180999755859375">
        <ele>8.3999996185302734375</ele>
        <time>2026-08-16T13:09:42.000Z</time>
        <extensions>
          <ns3:TrackPointExtension>
            <ns3:hr>182</ns3:hr>
            <ns3:cad>87</ns3:cad>
          </ns3:TrackPointExtension>
        </extensions>
      </trkpt>
      <trkpt lat="30.33197580836713314056396484375" lon="120.06025395356118679046630859375">
        <ele>8.3999996185302734375</ele>
        <time>2026-08-16T13:09:43.000Z</time>
        <extensions>
          <ns3:TrackPointExtension>
            <ns3:hr>182</ns3:hr>
            <ns3:cad>88</ns3:cad>
          </ns3:TrackPointExtension>
        </extensions>
      </trkpt>
      <trkpt lat="30.331952758133411407470703125" lon="120.06023014895617961883544921875">
        <ele>8.3999996185302734375</ele>
        <time>2026-08-16T13:09:44.000Z</time>
        <extensions>
          <ns3:TrackPointExtension>
            <ns3:hr>182</ns3:hr>
            <ns3:cad>88</ns3:cad>
          </ns3:TrackPointExtension>
        </extensions>
      </trkpt>
      <trkpt lat="30.331930629909038543701171875" lon="120.06020852364599704742431640625">
        <ele>8.3999996185302734375</ele>
        <time>2026-08-16T13:09:45.000Z</time>
        <extensions>
          <ns3:TrackPointExtension>
            <ns3:hr>182</ns3:hr>
            <ns3:cad>88</ns3:cad>
          </ns3:TrackPointExtension>
        </extensions>
      </trkpt>
      <trkpt lat="30.3319130279123783111572265625" lon="120.06018404848873615264892578125">
        <ele>8.3999996185302734375</ele>
        <time>2026-08-16T13:09:46.000Z</time>
        <extensions>
          <ns3:TrackPointExtension>
            <ns3:hr>182</ns3:hr>
            <ns3:cad>88</ns3:cad>
          </ns3:TrackPointExtension>
        </extensions>
      </trkpt>
      <trkpt lat="30.3318934142589569091796875" lon="120.0601606629788875579833984375">
        <ele>8.3999996185302734375</ele>
        <time>2026-08-16T13:09:47.000Z</time>
        <extensions>
          <ns3:TrackPointExtension>
            <ns3:hr>182</ns3:hr>
            <ns3:cad>87</ns3:cad>
          </ns3:TrackPointExtension>
        </extensions>
      </trkpt>
      <trkpt lat="30.3318714536726474761962890625" lon="120.06013937294483184814453125">
        <ele>8.3999996185302734375</ele>
        <time>2026-08-16T13:09:48.000Z</time>
        <extensions>
          <ns3:TrackPointExtension>
            <ns3:hr>182</ns3:hr>
            <ns3:cad>88</ns3:cad>
          </ns3:TrackPointExtension>
        </extensions>
      </trkpt>
      <trkpt lat="30.3318478167057037353515625" lon="120.06011213175952434539794921875">
        <ele>8.3999996185302734375</ele>
        <time>2026-08-16T13:09:49.000Z</time>
        <extensions>
          <ns3:TrackPointExtension>
            <ns3:hr>182</ns3:hr>
            <ns3:cad>88</ns3:cad>
          </ns3:TrackPointExtension>
        </extensions>
      </trkpt>
      <trkpt lat="30.33182744868099689483642578125" lon="120.0600872375071048736572265625">
        <ele>8.6000003814697265625</ele>
        <time>2026-08-16T13:09:50.000Z</time>
        <extensions>
          <ns3:TrackPointExtension>
            <ns3:hr>182</ns3:hr>
            <ns3:cad>88</ns3:cad>
          </ns3:TrackPointExtension>
        </extensions>
      </trkpt>
      <trkpt lat="30.33180951140820980072021484375" lon="120.06006116978824138641357421875">
        <ele>8.6000003814697265625</ele>
        <time>2026-08-16T13:09:51.000Z</time>
        <extensions>
          <ns3:TrackPointExtension>
            <ns3:hr>181</ns3:hr>
            <ns3:cad>87</ns3:cad>
          </ns3:TrackPointExtension>
        </extensions>
      </trkpt>
      <trkpt lat="30.33178889192640781402587890625" lon="120.06004281342029571533203125">
        <ele>8.6000003814697265625</ele>
        <time>2026-08-16T13:09:52.000Z</time>
        <extensions>
          <ns3:TrackPointExtension>
            <ns3:hr>180</ns3:hr>
            <ns3:cad>87</ns3:cad>
          </ns3:TrackPointExtension>
        </extensions>
      </trkpt>
      <trkpt lat="30.33176709897816181182861328125" lon="120.06001406349241733551025390625">
        <ele>8.6000003814697265625</ele>
        <time>2026-08-16T13:09:53.000Z</time>
        <extensions>
          <ns3:TrackPointExtension>
            <ns3:hr>179</ns3:hr>
            <ns3:cad>87</ns3:cad>
          </ns3:TrackPointExtension>
        </extensions>
      </trkpt>
      <trkpt lat="30.3317467309534549713134765625" lon="120.05999696440994739532470703125">
        <ele>8.3999996185302734375</ele>
        <time>2026-08-16T13:09:54.000Z</time>
        <extensions>
          <ns3:TrackPointExtension>
            <ns3:hr>178</ns3:hr>
            <ns3:cad>87</ns3:cad>
          </ns3:TrackPointExtension>
        </extensions>
      </trkpt>
      <trkpt lat="30.3317242674529552459716796875" lon="120.0599675439298152923583984375">
        <ele>8.3999996185302734375</ele>
        <time>2026-08-16T13:09:55.000Z</time>
        <extensions>
          <ns3:TrackPointExtension>
            <ns3:hr>178</ns3:hr>
            <ns3:cad>87</ns3:cad>
          </ns3:TrackPointExtension>
        </extensions>
      </trkpt>
      <trkpt lat="30.3317118622362613677978515625" lon="120.05994767881929874420166015625">
        <ele>8.3999996185302734375</ele>
        <time>2026-08-16T13:09:56.000Z</time>
        <extensions>
          <ns3:TrackPointExtension>
            <ns3:hr>178</ns3:hr>
            <ns3:cad>87</ns3:cad>
          </ns3:TrackPointExtension>
        </extensions>
      </trkpt>
      <trkpt lat="30.3316940926015377044677734375" lon="120.05992412567138671875">
        <ele>8.3999996185302734375</ele>
        <time>2026-08-16T13:09:57.000Z</time>
        <extensions>
          <ns3:TrackPointExtension>
            <ns3:hr>179</ns3:hr>
            <ns3:cad>87</ns3:cad>
          </ns3:TrackPointExtension>
        </extensions>
      </trkpt>
      <trkpt lat="30.3316722996532917022705078125" lon="120.05990224890410900115966796875">
        <ele>8.3999996185302734375</ele>
        <time>2026-08-16T13:09:58.000Z</time>
        <extensions>
          <ns3:TrackPointExtension>
            <ns3:hr>179</ns3:hr>
            <ns3:cad>87</ns3:cad>
          </ns3:TrackPointExtension>
        </extensions>
      </trkpt>
      <trkpt lat="30.33164924941956996917724609375" lon="120.05988129414618015289306640625">
        <ele>8.3999996185302734375</ele>
        <time>2026-08-16T13:09:59.000Z</time>
        <extensions>
          <ns3:TrackPointExtension>
            <ns3:hr>180</ns3:hr>
            <ns3:cad>87</ns3:cad>
          </ns3:TrackPointExtension>
        </extensions>
      </trkpt>
      <trkpt lat="30.3316280432045459747314453125" lon="120.05985648371279239654541015625">
        <ele>8.3999996185302734375</ele>
        <time>2026-08-16T13:10:00.000Z</time>
        <extensions>
          <ns3:TrackPointExtension>
            <ns3:hr>180</ns3:hr>
            <ns3:cad>87</ns3:cad>
          </ns3:TrackPointExtension>
        </extensions>
      </trkpt>
      <trkpt lat="30.331608764827251434326171875" lon="120.0598367862403392791748046875">
        <ele>8.3999996185302734375</ele>
        <time>2026-08-16T13:10:01.000Z</time>
        <extensions>
          <ns3:TrackPointExtension>
            <ns3:hr>180</ns3:hr>
            <ns3:cad>87</ns3:cad>
          </ns3:TrackPointExtension>
        </extensions>
      </trkpt>
      <trkpt lat="30.3315874747931957244873046875" lon="120.0598072819411754608154296875">
        <ele>8.3999996185302734375</ele>
        <time>2026-08-16T13:10:02.000Z</time>
        <extensions>
          <ns3:TrackPointExtension>
            <ns3:hr>180</ns3:hr>
            <ns3:cad>87</ns3:cad>
          </ns3:TrackPointExtension>
        </extensions>
      </trkpt>
      <trkpt lat="30.33156660385429859161376953125" lon="120.05978875793516635894775390625">
        <ele>8.19999980926513671875</ele>
        <time>2026-08-16T13:10:03.000Z</time>
        <extensions>
          <ns3:TrackPointExtension>
            <ns3:hr>180</ns3:hr>
            <ns3:cad>87</ns3:cad>
          </ns3:TrackPointExtension>
        </extensions>
      </trkpt>
      <trkpt lat="30.33154405653476715087890625" lon="120.0597623549401760101318359375">
        <ele>8.3999996185302734375</ele>
        <time>2026-08-16T13:10:04.000Z</time>
        <extensions>
          <ns3:TrackPointExtension>
            <ns3:hr>180</ns3:hr>
            <ns3:cad>87</ns3:cad>
          </ns3:TrackPointExtension>
        </extensions>
      </trkpt>
      <trkpt lat="30.331527292728424072265625" lon="120.05974316038191318511962890625">
        <ele>8.3999996185302734375</ele>
        <time>2026-08-16T13:10:05.000Z</time>
        <extensions>
          <ns3:TrackPointExtension>
            <ns3:hr>180</ns3:hr>
            <ns3:cad>87</ns3:cad>
          </ns3:TrackPointExtension>
        </extensions>
      </trkpt>
      <trkpt lat="30.33151111565530300140380859375" lon="120.05971818231046199798583984375">
        <ele>8.3999996185302734375</ele>
        <time>2026-08-16T13:10:06.000Z</time>
        <extensions>
          <ns3:TrackPointExtension>
            <ns3:hr>179</ns3:hr>
            <ns3:cad>87</ns3:cad>
          </ns3:TrackPointExtension>
        </extensions>
      </trkpt>
      <trkpt lat="30.33149368129670619964599609375" lon="120.05969680845737457275390625">
        <ele>8.3999996185302734375</ele>
        <time>2026-08-16T13:10:07.000Z</time>
        <extensions>
          <ns3:TrackPointExtension>
            <ns3:hr>179</ns3:hr>
            <ns3:cad>87</ns3:cad>
          </ns3:TrackPointExtension>
        </extensions>
      </trkpt>
      <trkpt lat="30.33147272653877735137939453125" lon="120.05967593751847743988037109375">
        <ele>8.3999996185302734375</ele>
        <time>2026-08-16T13:10:08.000Z</time>
        <extensions>
          <ns3:TrackPointExtension>
            <ns3:hr>179</ns3:hr>
            <ns3:cad>87</ns3:cad>
          </ns3:TrackPointExtension>
        </extensions>
      </trkpt>
      <trkpt lat="30.331452190876007080078125" lon="120.059653222560882568359375">
        <ele>8.3999996185302734375</ele>
        <time>2026-08-16T13:10:09.000Z</time>
        <extensions>
          <ns3:TrackPointExtension>
            <ns3:hr>179</ns3:hr>
            <ns3:cad>87</ns3:cad>
          </ns3:TrackPointExtension>
        </extensions>
      </trkpt>
      <trkpt lat="30.3314322419464588165283203125" lon="120.0596357882022857666015625">
        <ele>8.3999996185302734375</ele>
        <time>2026-08-16T13:10:10.000Z</time>
        <extensions>
          <ns3:TrackPointExtension>
            <ns3:hr>179</ns3:hr>
            <ns3:cad>86</ns3:cad>
          </ns3:TrackPointExtension>
        </extensions>
      </trkpt>
      <trkpt lat="30.3314127959311008453369140625" lon="120.05961424671113491058349609375">
        <ele>8.19999980926513671875</ele>
        <time>2026-08-16T13:10:11.000Z</time>
        <extensions>
          <ns3:TrackPointExtension>
            <ns3:hr>179</ns3:hr>
            <ns3:cad>86</ns3:cad>
          </ns3:TrackPointExtension>
        </extensions>
      </trkpt>
      <trkpt lat="30.3313933499157428741455078125" lon="120.05959731526672840118408203125">
        <ele>8.3999996185302734375</ele>
        <time>2026-08-16T13:10:12.000Z</time>
        <extensions>
          <ns3:TrackPointExtension>
            <ns3:hr>179</ns3:hr>
            <ns3:cad>86</ns3:cad>
          </ns3:TrackPointExtension>
        </extensions>
      </trkpt>
      <trkpt lat="30.3313739039003849029541015625" lon="120.05956999026238918304443359375">
        <ele>8.3999996185302734375</ele>
        <time>2026-08-16T13:10:13.000Z</time>
        <extensions>
          <ns3:TrackPointExtension>
            <ns3:hr>179</ns3:hr>
            <ns3:cad>87</ns3:cad>
          </ns3:TrackPointExtension>
        </extensions>
      </trkpt>
      <trkpt lat="30.33135370351374149322509765625" lon="120.05955121479928493499755859375">
        <ele>8.3999996185302734375</ele>
        <time>2026-08-16T13:10:14.000Z</time>
        <extensions>
          <ns3:TrackPointExtension>
            <ns3:hr>179</ns3:hr>
            <ns3:cad>87</ns3:cad>
          </ns3:TrackPointExtension>
        </extensions>
      </trkpt>
      <trkpt lat="30.3313343413174152374267578125" lon="120.0595271587371826171875">
        <ele>8.6000003814697265625</ele>
        <time>2026-08-16T13:10:15.000Z</time>
        <extensions>
          <ns3:TrackPointExtension>
            <ns3:hr>179</ns3:hr>
            <ns3:cad>87</ns3:cad>
          </ns3:TrackPointExtension>
        </extensions>
      </trkpt>
      <trkpt lat="30.33131539821624755859375" lon="120.05950477905571460723876953125">
        <ele>8.6000003814697265625</ele>
        <time>2026-08-16T13:10:16.000Z</time>
        <extensions>
          <ns3:TrackPointExtension>
            <ns3:hr>179</ns3:hr>
            <ns3:cad>87</ns3:cad>
          </ns3:TrackPointExtension>
        </extensions>
      </trkpt>
      <trkpt lat="30.33129285089671611785888671875" lon="120.0594790466129779815673828125">
        <ele>8.6000003814697265625</ele>
        <time>2026-08-16T13:10:17.000Z</time>
        <extensions>
          <ns3:TrackPointExtension>
            <ns3:hr>178</ns3:hr>
            <ns3:cad>87</ns3:cad>
          </ns3:TrackPointExtension>
        </extensions>
      </trkpt>
      <trkpt lat="30.33127659000456333160400390625" lon="120.05945800803601741790771484375">
        <ele>8.6000003814697265625</ele>
        <time>2026-08-16T13:10:18.000Z</time>
        <extensions>
          <ns3:TrackPointExtension>
            <ns3:hr>178</ns3:hr>
            <ns3:cad>87</ns3:cad>
          </ns3:TrackPointExtension>
        </extensions>
      </trkpt>
      <trkpt lat="30.33125613816082477569580078125" lon="120.05943587981164455413818359375">
        <ele>8.3999996185302734375</ele>
        <time>2026-08-16T13:10:19.000Z</time>
        <extensions>
          <ns3:TrackPointExtension>
            <ns3:hr>178</ns3:hr>
            <ns3:cad>88</ns3:cad>
          </ns3:TrackPointExtension>
        </extensions>
      </trkpt>
      <trkpt lat="30.33124096691608428955078125" lon="120.05940855480730533599853515625">
        <ele>8.3999996185302734375</ele>
        <time>2026-08-16T13:10:20.000Z</time>
        <extensions>
          <ns3:TrackPointExtension>
            <ns3:hr>179</ns3:hr>
            <ns3:cad>88</ns3:cad>
          </ns3:TrackPointExtension>
        </extensions>
      </trkpt>
      <trkpt lat="30.3312243707478046417236328125" lon="120.0593898631632328033447265625">
        <ele>8.3999996185302734375</ele>
        <time>2026-08-16T13:10:21.000Z</time>
        <extensions>
          <ns3:TrackPointExtension>
            <ns3:hr>179</ns3:hr>
            <ns3:cad>88</ns3:cad>
          </ns3:TrackPointExtension>
        </extensions>
      </trkpt>
      <trkpt lat="30.3312059305608272552490234375" lon="120.05936815403401851654052734375">
        <ele>8.3999996185302734375</ele>
        <time>2026-08-16T13:10:22.000Z</time>
        <extensions>
          <ns3:TrackPointExtension>
            <ns3:hr>179</ns3:hr>
            <ns3:cad>88</ns3:cad>
          </ns3:TrackPointExtension>
        </extensions>
      </trkpt>
      <trkpt lat="30.33118866384029388427734375" lon="120.05935013294219970703125">
        <ele>8.3999996185302734375</ele>
        <time>2026-08-16T13:10:23.000Z</time>
        <extensions>
          <ns3:TrackPointExtension>
            <ns3:hr>180</ns3:hr>
            <ns3:cad>86</ns3:cad>
          </ns3:TrackPointExtension>
        </extensions>
      </trkpt>
      <trkpt lat="30.33116829581558704376220703125" lon="120.05932708270847797393798828125">
        <ele>8.3999996185302734375</ele>
        <time>2026-08-16T13:10:24.000Z</time>
        <extensions>
          <ns3:TrackPointExtension>
            <ns3:hr>180</ns3:hr>
            <ns3:cad>86</ns3:cad>
          </ns3:TrackPointExtension>
        </extensions>
      </trkpt>
      <trkpt lat="30.33115320838987827301025390625" lon="120.05931166000664234161376953125">
        <ele>8.3999996185302734375</ele>
        <time>2026-08-16T13:10:25.000Z</time>
        <extensions>
          <ns3:TrackPointExtension>
            <ns3:hr>181</ns3:hr>
            <ns3:cad>86</ns3:cad>
          </ns3:TrackPointExtension>
        </extensions>
      </trkpt>
      <trkpt lat="30.3311351872980594635009765625" lon="120.05929187871515750885009765625">
        <ele>8.6000003814697265625</ele>
        <time>2026-08-16T13:10:26.000Z</time>
        <extensions>
          <ns3:TrackPointExtension>
            <ns3:hr>181</ns3:hr>
            <ns3:cad>86</ns3:cad>
          </ns3:TrackPointExtension>
        </extensions>
      </trkpt>
      <trkpt lat="30.3311164118349552154541015625" lon="120.0592681579291820526123046875">
        <ele>8.6000003814697265625</ele>
        <time>2026-08-16T13:10:27.000Z</time>
        <extensions>
          <ns3:TrackPointExtension>
            <ns3:hr>181</ns3:hr>
            <ns3:cad>86</ns3:cad>
          </ns3:TrackPointExtension>
        </extensions>
      </trkpt>
      <trkpt lat="30.331094451248645782470703125" lon="120.05925022065639495849609375">
        <ele>8.3999996185302734375</ele>
        <time>2026-08-16T13:10:28.000Z</time>
        <extensions>
          <ns3:TrackPointExtension>
            <ns3:hr>181</ns3:hr>
            <ns3:cad>86</ns3:cad>
          </ns3:TrackPointExtension>
        </extensions>
      </trkpt>
      <trkpt lat="30.33107207156717777252197265625" lon="120.05922666750848293304443359375">
        <ele>8.3999996185302734375</ele>
        <time>2026-08-16T13:10:29.000Z</time>
        <extensions>
          <ns3:TrackPointExtension>
            <ns3:hr>182</ns3:hr>
            <ns3:cad>86</ns3:cad>
          </ns3:TrackPointExtension>
        </extensions>
      </trkpt>
      <trkpt lat="30.3310527093708515167236328125" lon="120.05920906551182270050048828125">
        <ele>8.3999996185302734375</ele>
        <time>2026-08-16T13:10:30.000Z</time>
        <extensions>
          <ns3:TrackPointExtension>
            <ns3:hr>182</ns3:hr>
            <ns3:cad>86</ns3:cad>
          </ns3:TrackPointExtension>
        </extensions>
      </trkpt>
      <trkpt lat="30.33103133551776409149169921875" lon="120.0591866858303546905517578125">
        <ele>8.3999996185302734375</ele>
        <time>2026-08-16T13:10:31.000Z</time>
        <extensions>
          <ns3:TrackPointExtension>
            <ns3:hr>181</ns3:hr>
            <ns3:cad>86</ns3:cad>
          </ns3:TrackPointExtension>
        </extensions>
      </trkpt>
      <trkpt lat="30.331012643873691558837890625" lon="120.059165060520172119140625">
        <ele>8.3999996185302734375</ele>
        <time>2026-08-16T13:10:32.000Z</time>
        <extensions>
          <ns3:TrackPointExtension>
            <ns3:hr>181</ns3:hr>
            <ns3:cad>86</ns3:cad>
          </ns3:TrackPointExtension>
        </extensions>
      </trkpt>
      <trkpt lat="30.33099244348704814910888671875" lon="120.0591417588293552398681640625">
        <ele>8.3999996185302734375</ele>
        <time>2026-08-16T13:10:33.000Z</time>
        <extensions>
          <ns3:TrackPointExtension>
            <ns3:hr>181</ns3:hr>
            <ns3:cad>86</ns3:cad>
          </ns3:TrackPointExtension>
        </extensions>
      </trkpt>
      <trkpt lat="30.3309722431004047393798828125" lon="120.0591181218624114990234375">
        <ele>8.3999996185302734375</ele>
        <time>2026-08-16T13:10:34.000Z</time>
        <extensions>
          <ns3:TrackPointExtension>
            <ns3:hr>182</ns3:hr>
            <ns3:cad>85</ns3:cad>
          </ns3:TrackPointExtension>
        </extensions>
      </trkpt>
      <trkpt lat="30.33095204271376132965087890625" lon="120.05910160951316356658935546875">
        <ele>8.3999996185302734375</ele>
        <time>2026-08-16T13:10:35.000Z</time>
        <extensions>
          <ns3:TrackPointExtension>
            <ns3:hr>181</ns3:hr>
            <ns3:cad>85</ns3:cad>
          </ns3:TrackPointExtension>
        </extensions>
      </trkpt>
      <trkpt lat="30.3309333510696887969970703125" lon="120.0590797327458858489990234375">
        <ele>8.3999996185302734375</ele>
        <time>2026-08-16T13:10:36.000Z</time>
        <extensions>
          <ns3:TrackPointExtension>
            <ns3:hr>181</ns3:hr>
            <ns3:cad>85</ns3:cad>
          </ns3:TrackPointExtension>
        </extensions>
      </trkpt>
      <trkpt lat="30.33091507852077484130859375" lon="120.05905969999730587005615234375">
        <ele>8.3999996185302734375</ele>
        <time>2026-08-16T13:10:37.000Z</time>
        <extensions>
          <ns3:TrackPointExtension>
            <ns3:hr>182</ns3:hr>
            <ns3:cad>85</ns3:cad>
          </ns3:TrackPointExtension>
        </extensions>
      </trkpt>
      <trkpt lat="30.33089538104832172393798828125" lon="120.059036314487457275390625">
        <ele>8.3999996185302734375</ele>
        <time>2026-08-16T13:10:38.000Z</time>
        <extensions>
          <ns3:TrackPointExtension>
            <ns3:hr>182</ns3:hr>
            <ns3:cad>85</ns3:cad>
          </ns3:TrackPointExtension>
        </extensions>
      </trkpt>
      <trkpt lat="30.3308776952326297760009765625" lon="120.05901410244405269622802734375">
        <ele>8.3999996185302734375</ele>
        <time>2026-08-16T13:10:39.000Z</time>
        <extensions>
          <ns3:TrackPointExtension>
            <ns3:hr>182</ns3:hr>
            <ns3:cad>85</ns3:cad>
          </ns3:TrackPointExtension>
        </extensions>
      </trkpt>
      <trkpt lat="30.3308602608740329742431640625" lon="120.05899247713387012481689453125">
        <ele>8.3999996185302734375</ele>
        <time>2026-08-16T13:10:40.000Z</time>
        <extensions>
          <ns3:TrackPointExtension>
            <ns3:hr>182</ns3:hr>
            <ns3:cad>85</ns3:cad>
          </ns3:TrackPointExtension>
        </extensions>
      </trkpt>
      <trkpt lat="30.33084207214415073394775390625" lon="120.05896858870983123779296875">
        <ele>8.19999980926513671875</ele>
        <time>2026-08-16T13:10:41.000Z</time>
        <extensions>
          <ns3:TrackPointExtension>
            <ns3:hr>181</ns3:hr>
            <ns3:cad>86</ns3:cad>
          </ns3:TrackPointExtension>
        </extensions>
      </trkpt>
      <trkpt lat="30.33082329668104648590087890625" lon="120.0589509867131710052490234375">
        <ele>8.3999996185302734375</ele>
        <time>2026-08-16T13:10:42.000Z</time>
        <extensions>
          <ns3:TrackPointExtension>
            <ns3:hr>181</ns3:hr>
            <ns3:cad>86</ns3:cad>
          </ns3:TrackPointExtension>
        </extensions>
      </trkpt>
      <trkpt lat="30.3308009169995784759521484375" lon="120.058923326432704925537109375">
        <ele>8.19999980926513671875</ele>
        <time>2026-08-16T13:10:43.000Z</time>
        <extensions>
          <ns3:TrackPointExtension>
            <ns3:hr>181</ns3:hr>
            <ns3:cad>86</ns3:cad>
          </ns3:TrackPointExtension>
        </extensions>
      </trkpt>
      <trkpt lat="30.33078038133680820465087890625" lon="120.05890212021768093109130859375">
        <ele>8.3999996185302734375</ele>
        <time>2026-08-16T13:10:44.000Z</time>
        <extensions>
          <ns3:TrackPointExtension>
            <ns3:hr>181</ns3:hr>
            <ns3:cad>86</ns3:cad>
          </ns3:TrackPointExtension>
        </extensions>
      </trkpt>
      <trkpt lat="30.33075749874114990234375" lon="120.05887462757527828216552734375">
        <ele>8.3999996185302734375</ele>
        <time>2026-08-16T13:10:45.000Z</time>
        <extensions>
          <ns3:TrackPointExtension>
            <ns3:hr>182</ns3:hr>
            <ns3:cad>86</ns3:cad>
          </ns3:TrackPointExtension>
        </extensions>
      </trkpt>
      <trkpt lat="30.3307355381548404693603515625" lon="120.05884864367544651031494140625">
        <ele>8.3999996185302734375</ele>
        <time>2026-08-16T13:10:46.000Z</time>
        <extensions>
          <ns3:TrackPointExtension>
            <ns3:hr>181</ns3:hr>
            <ns3:cad>87</ns3:cad>
          </ns3:TrackPointExtension>
        </extensions>
      </trkpt>
      <trkpt lat="30.33071919344365596771240234375" lon="120.05882768891751766204833984375">
        <ele>8.19999980926513671875</ele>
        <time>2026-08-16T13:10:47.000Z</time>
        <extensions>
          <ns3:TrackPointExtension>
            <ns3:hr>181</ns3:hr>
            <ns3:cad>87</ns3:cad>
          </ns3:TrackPointExtension>
        </extensions>
      </trkpt>
      <trkpt lat="30.33069957979023456573486328125" lon="120.0588068179786205291748046875">
        <ele>8.3999996185302734375</ele>
        <time>2026-08-16T13:10:48.000Z</time>
        <extensions>
          <ns3:TrackPointExtension>
            <ns3:hr>181</ns3:hr>
            <ns3:cad>87</ns3:cad>
          </ns3:TrackPointExtension>
        </extensions>
      </trkpt>
      <trkpt lat="30.33067904412746429443359375" lon="120.05878292955458164215087890625">
        <ele>8.3999996185302734375</ele>
        <time>2026-08-16T13:10:49.000Z</time>
        <extensions>
          <ns3:TrackPointExtension>
            <ns3:hr>181</ns3:hr>
            <ns3:cad>87</ns3:cad>
          </ns3:TrackPointExtension>
        </extensions>
      </trkpt>
      <trkpt lat="30.33065716736018657684326171875" lon="120.05875744856894016265869140625">
        <ele>8.3999996185302734375</ele>
        <time>2026-08-16T13:10:50.000Z</time>
        <extensions>
          <ns3:TrackPointExtension>
            <ns3:hr>181</ns3:hr>
            <ns3:cad>87</ns3:cad>
          </ns3:TrackPointExtension>
        </extensions>
      </trkpt>
      <trkpt lat="30.33063654787838459014892578125" lon="120.058734901249408721923828125">
        <ele>8.3999996185302734375</ele>
        <time>2026-08-16T13:10:51.000Z</time>
        <extensions>
          <ns3:TrackPointExtension>
            <ns3:hr>181</ns3:hr>
            <ns3:cad>87</ns3:cad>
          </ns3:TrackPointExtension>
        </extensions>
      </trkpt>
      <trkpt lat="30.33061810769140720367431640625" lon="120.0587079115211963653564453125">
        <ele>8.3999996185302734375</ele>
        <time>2026-08-16T13:10:52.000Z</time>
        <extensions>
          <ns3:TrackPointExtension>
            <ns3:hr>181</ns3:hr>
            <ns3:cad>87</ns3:cad>
          </ns3:TrackPointExtension>
        </extensions>
      </trkpt>
      <trkpt lat="30.3305974043905735015869140625" lon="120.0586871244013309478759765625">
        <ele>8.3999996185302734375</ele>
        <time>2026-08-16T13:10:53.000Z</time>
        <extensions>
          <ns3:TrackPointExtension>
            <ns3:hr>181</ns3:hr>
            <ns3:cad>88</ns3:cad>
          </ns3:TrackPointExtension>
        </extensions>
      </trkpt>
      <trkpt lat="30.33057502470910549163818359375" lon="120.0586623139679431915283203125">
        <ele>8.3999996185302734375</ele>
        <time>2026-08-16T13:10:54.000Z</time>
        <extensions>
          <ns3:TrackPointExtension>
            <ns3:hr>181</ns3:hr>
            <ns3:cad>88</ns3:cad>
          </ns3:TrackPointExtension>
        </extensions>
      </trkpt>
      <trkpt lat="30.33055507577955722808837890625" lon="120.0586435385048389434814453125">
        <ele>8.3999996185302734375</ele>
        <time>2026-08-16T13:10:55.000Z</time>
        <extensions>
          <ns3:TrackPointExtension>
            <ns3:hr>181</ns3:hr>
            <ns3:cad>88</ns3:cad>
          </ns3:TrackPointExtension>
        </extensions>
      </trkpt>
      <trkpt lat="30.33053261227905750274658203125" lon="120.05861713550984859466552734375">
        <ele>8.3999996185302734375</ele>
        <time>2026-08-16T13:10:56.000Z</time>
        <extensions>
          <ns3:TrackPointExtension>
            <ns3:hr>182</ns3:hr>
            <ns3:cad>87</ns3:cad>
          </ns3:TrackPointExtension>
        </extensions>
      </trkpt>
      <trkpt lat="30.33051316626369953155517578125" lon="120.0585982762277126312255859375">
        <ele>8.3999996185302734375</ele>
        <time>2026-08-16T13:10:57.000Z</time>
        <extensions>
          <ns3:TrackPointExtension>
            <ns3:hr>181</ns3:hr>
            <ns3:cad>87</ns3:cad>
          </ns3:TrackPointExtension>
        </extensions>
      </trkpt>
      <trkpt lat="30.3304914571344852447509765625" lon="120.05857405252754688262939453125">
        <ele>8.3999996185302734375</ele>
        <time>2026-08-16T13:10:58.000Z</time>
        <extensions>
          <ns3:TrackPointExtension>
            <ns3:hr>181</ns3:hr>
            <ns3:cad>87</ns3:cad>
          </ns3:TrackPointExtension>
        </extensions>
      </trkpt>
      <trkpt lat="30.33047360368072986602783203125" lon="120.058549828827381134033203125">
        <ele>8.3999996185302734375</ele>
        <time>2026-08-16T13:10:59.000Z</time>
        <extensions>
          <ns3:TrackPointExtension>
            <ns3:hr>182</ns3:hr>
            <ns3:cad>87</ns3:cad>
          </ns3:TrackPointExtension>
        </extensions>
      </trkpt>
      <trkpt lat="30.33045709133148193359375" lon="120.0585261918604373931884765625">
        <ele>8.19999980926513671875</ele>
        <time>2026-08-16T13:11:00.000Z</time>
        <extensions>
          <ns3:TrackPointExtension>
            <ns3:hr>182</ns3:hr>
            <ns3:cad>87</ns3:cad>
          </ns3:TrackPointExtension>
        </extensions>
      </trkpt>
      <trkpt lat="30.33044074662029743194580078125" lon="120.05850045941770076751708984375">
        <ele>8.19999980926513671875</ele>
        <time>2026-08-16T13:11:01.000Z</time>
        <extensions>
          <ns3:TrackPointExtension>
            <ns3:hr>182</ns3:hr>
            <ns3:cad>87</ns3:cad>
          </ns3:TrackPointExtension>
        </extensions>
      </trkpt>
      <trkpt lat="30.33041945658624172210693359375" lon="120.0584782473742961883544921875">
        <ele>8.3999996185302734375</ele>
        <time>2026-08-16T13:11:02.000Z</time>
        <extensions>
          <ns3:TrackPointExtension>
            <ns3:hr>182</ns3:hr>
            <ns3:cad>87</ns3:cad>
          </ns3:TrackPointExtension>
        </extensions>
      </trkpt>
      <trkpt lat="30.33040168695151805877685546875" lon="120.0584502518177032470703125">
        <ele>8.3999996185302734375</ele>
        <time>2026-08-16T13:11:03.000Z</time>
        <extensions>
          <ns3:TrackPointExtension>
            <ns3:hr>182</ns3:hr>
            <ns3:cad>86</ns3:cad>
          </ns3:TrackPointExtension>
        </extensions>
      </trkpt>
      <trkpt lat="30.33038257621228694915771484375" lon="120.058431811630725860595703125">
        <ele>8.3999996185302734375</ele>
        <time>2026-08-16T13:11:04.000Z</time>
        <extensions>
          <ns3:TrackPointExtension>
            <ns3:hr>182</ns3:hr>
            <ns3:cad>87</ns3:cad>
          </ns3:TrackPointExtension>
        </extensions>
      </trkpt>
      <trkpt lat="30.33035910688340663909912109375" lon="120.05840993486344814300537109375">
        <ele>8.3999996185302734375</ele>
        <time>2026-08-16T13:11:05.000Z</time>
        <extensions>
          <ns3:TrackPointExtension>
            <ns3:hr>182</ns3:hr>
            <ns3:cad>87</ns3:cad>
          </ns3:TrackPointExtension>
        </extensions>
      </trkpt>
      <trkpt lat="30.33033949322998523712158203125" lon="120.05839702673256397247314453125">
        <ele>8.3999996185302734375</ele>
        <time>2026-08-16T13:11:06.000Z</time>
        <extensions>
          <ns3:TrackPointExtension>
            <ns3:hr>182</ns3:hr>
            <ns3:cad>88</ns3:cad>
          </ns3:TrackPointExtension>
        </extensions>
      </trkpt>
      <trkpt lat="30.3303151018917560577392578125" lon="120.058371126651763916015625">
        <ele>8.19999980926513671875</ele>
        <time>2026-08-16T13:11:07.000Z</time>
        <extensions>
          <ns3:TrackPointExtension>
            <ns3:hr>181</ns3:hr>
            <ns3:cad>88</ns3:cad>
          </ns3:TrackPointExtension>
        </extensions>
      </trkpt>
      <trkpt lat="30.330297164618968963623046875" lon="120.0583563745021820068359375">
        <ele>8.19999980926513671875</ele>
        <time>2026-08-16T13:11:08.000Z</time>
        <extensions>
          <ns3:TrackPointExtension>
            <ns3:hr>181</ns3:hr>
            <ns3:cad>87</ns3:cad>
          </ns3:TrackPointExtension>
        </extensions>
      </trkpt>
      <trkpt lat="30.3302741982042789459228515625" lon="120.0583362579345703125">
        <ele>8.19999980926513671875</ele>
        <time>2026-08-16T13:11:09.000Z</time>
        <extensions>
          <ns3:TrackPointExtension>
            <ns3:hr>181</ns3:hr>
            <ns3:cad>87</ns3:cad>
          </ns3:TrackPointExtension>
        </extensions>
      </trkpt>
      <trkpt lat="30.330252237617969512939453125" lon="120.0583186559379100799560546875">
        <ele>8.19999980926513671875</ele>
        <time>2026-08-16T13:11:10.000Z</time>
        <extensions>
          <ns3:TrackPointExtension>
            <ns3:hr>182</ns3:hr>
            <ns3:cad>87</ns3:cad>
          </ns3:TrackPointExtension>
        </extensions>
      </trkpt>
      <trkpt lat="30.3302292712032794952392578125" lon="120.0582992099225521087646484375">
        <ele>8.19999980926513671875</ele>
        <time>2026-08-16T13:11:11.000Z</time>
        <extensions>
          <ns3:TrackPointExtension>
            <ns3:hr>181</ns3:hr>
            <ns3:cad>87</ns3:cad>
          </ns3:TrackPointExtension>
        </extensions>
      </trkpt>
      <trkpt lat="30.33021158538758754730224609375" lon="120.05826828069984912872314453125">
        <ele>8.3999996185302734375</ele>
        <time>2026-08-16T13:11:12.000Z</time>
        <extensions>
          <ns3:TrackPointExtension>
            <ns3:hr>181</ns3:hr>
            <ns3:cad>87</ns3:cad>
          </ns3:TrackPointExtension>
        </extensions>
      </trkpt>
      <trkpt lat="30.33019222319126129150390625" lon="120.05824833177030086517333984375">
        <ele>8.3999996185302734375</ele>
        <time>2026-08-16T13:11:13.000Z</time>
        <extensions>
          <ns3:TrackPointExtension>
            <ns3:hr>182</ns3:hr>
            <ns3:cad>86</ns3:cad>
          </ns3:TrackPointExtension>
        </extensions>
      </trkpt>
      <trkpt lat="30.33017571084201335906982421875" lon="120.0582241080701351165771484375">
        <ele>8.6000003814697265625</ele>
        <time>2026-08-16T13:11:14.000Z</time>
        <extensions>
          <ns3:TrackPointExtension>
            <ns3:hr>182</ns3:hr>
            <ns3:cad>86</ns3:cad>
          </ns3:TrackPointExtension>
        </extensions>
      </trkpt>
      <trkpt lat="30.330163054168224334716796875" lon="120.05820709280669689178466796875">
        <ele>8.3999996185302734375</ele>
        <time>2026-08-16T13:11:15.000Z</time>
        <extensions>
          <ns3:TrackPointExtension>
            <ns3:hr>182</ns3:hr>
            <ns3:cad>86</ns3:cad>
          </ns3:TrackPointExtension>
        </extensions>
      </trkpt>
      <trkpt lat="30.3301491402089595794677734375" lon="120.0581838749349117279052734375">
        <ele>8.3999996185302734375</ele>
        <time>2026-08-16T13:11:16.000Z</time>
        <extensions>
          <ns3:TrackPointExtension>
            <ns3:hr>181</ns3:hr>
            <ns3:cad>86</ns3:cad>
          </ns3:TrackPointExtension>
        </extensions>
      </trkpt>
      <trkpt lat="30.330130197107791900634765625" lon="120.05815730430185794830322265625">
        <ele>8.3999996185302734375</ele>
        <time>2026-08-16T13:11:17.000Z</time>
        <extensions>
          <ns3:TrackPointExtension>
            <ns3:hr>182</ns3:hr>
            <ns3:cad>85</ns3:cad>
          </ns3:TrackPointExtension>
        </extensions>
      </trkpt>
      <trkpt lat="30.33011167310178279876708984375" lon="120.0581349246203899383544921875">
        <ele>8.3999996185302734375</ele>
        <time>2026-08-16T13:11:18.000Z</time>
        <extensions>
          <ns3:TrackPointExtension>
            <ns3:hr>181</ns3:hr>
            <ns3:cad>85</ns3:cad>
          </ns3:TrackPointExtension>
        </extensions>
      </trkpt>
      <trkpt lat="30.3300944902002811431884765625" lon="120.0581096112728118896484375">
        <ele>8.3999996185302734375</ele>
        <time>2026-08-16T13:11:19.000Z</time>
        <extensions>
          <ns3:TrackPointExtension>
            <ns3:hr>181</ns3:hr>
            <ns3:cad>85</ns3:cad>
          </ns3:TrackPointExtension>
        </extensions>
      </trkpt>
      <trkpt lat="30.33007663674652576446533203125" lon="120.0580923445522785186767578125">
        <ele>8.3999996185302734375</ele>
        <time>2026-08-16T13:11:20.000Z</time>
        <extensions>
          <ns3:TrackPointExtension>
            <ns3:hr>182</ns3:hr>
            <ns3:cad>85</ns3:cad>
          </ns3:TrackPointExtension>
        </extensions>
      </trkpt>
      <trkpt lat="30.33005953766405582427978515625" lon="120.0580692104995250701904296875">
        <ele>8.3999996185302734375</ele>
        <time>2026-08-16T13:11:21.000Z</time>
        <extensions>
          <ns3:TrackPointExtension>
            <ns3:hr>182</ns3:hr>
            <ns3:cad>85</ns3:cad>
          </ns3:TrackPointExtension>
        </extensions>
      </trkpt>
      <trkpt lat="30.33004243858158588409423828125" lon="120.05805261433124542236328125">
        <ele>8.3999996185302734375</ele>
        <time>2026-08-16T13:11:22.000Z</time>
        <extensions>
          <ns3:TrackPointExtension>
            <ns3:hr>182</ns3:hr>
            <ns3:cad>86</ns3:cad>
          </ns3:TrackPointExtension>
        </extensions>
      </trkpt>
      <trkpt lat="30.33002399839460849761962890625" lon="120.05802738480269908905029296875">
        <ele>8.3999996185302734375</ele>
        <time>2026-08-16T13:11:23.000Z</time>
        <extensions>
          <ns3:TrackPointExtension>
            <ns3:hr>182</ns3:hr>
            <ns3:cad>87</ns3:cad>
          </ns3:TrackPointExtension>
        </extensions>
      </trkpt>
      <trkpt lat="30.3300069831311702728271484375" lon="120.05800592713057994842529296875">
        <ele>8.3999996185302734375</ele>
        <time>2026-08-16T13:11:24.000Z</time>
        <extensions>
          <ns3:TrackPointExtension>
            <ns3:hr>182</ns3:hr>
            <ns3:cad>87</ns3:cad>
          </ns3:TrackPointExtension>
        </extensions>
      </trkpt>
      <trkpt lat="30.32998795621097087860107421875" lon="120.05798011086881160736083984375">
        <ele>8.3999996185302734375</ele>
        <time>2026-08-16T13:11:25.000Z</time>
        <extensions>
          <ns3:TrackPointExtension>
            <ns3:hr>182</ns3:hr>
            <ns3:cad>87</ns3:cad>
          </ns3:TrackPointExtension>
        </extensions>
      </trkpt>
      <trkpt lat="30.32996750436723232269287109375" lon="120.05795664153993129730224609375">
        <ele>8.3999996185302734375</ele>
        <time>2026-08-16T13:11:26.000Z</time>
        <extensions>
          <ns3:TrackPointExtension>
            <ns3:hr>181</ns3:hr>
            <ns3:cad>87</ns3:cad>
          </ns3:TrackPointExtension>
        </extensions>
      </trkpt>
      <trkpt lat="30.3299476392567157745361328125" lon="120.057936944067478179931640625">
        <ele>8.3999996185302734375</ele>
        <time>2026-08-16T13:11:27.000Z</time>
        <extensions>
          <ns3:TrackPointExtension>
            <ns3:hr>181</ns3:hr>
            <ns3:cad>87</ns3:cad>
          </ns3:TrackPointExtension>
        </extensions>
      </trkpt>
      <trkpt lat="30.32992995344102382659912109375" lon="120.05791255272924900054931640625">
        <ele>8.3999996185302734375</ele>
        <time>2026-08-16T13:11:28.000Z</time>
        <extensions>
          <ns3:TrackPointExtension>
            <ns3:hr>181</ns3:hr>
            <ns3:cad>87</ns3:cad>
          </ns3:TrackPointExtension>
        </extensions>
      </trkpt>
      <trkpt lat="30.329910255968570709228515625" lon="120.0578962080180644989013671875">
        <ele>8.6000003814697265625</ele>
        <time>2026-08-16T13:11:29.000Z</time>
        <extensions>
          <ns3:TrackPointExtension>
            <ns3:hr>181</ns3:hr>
            <ns3:cad>87</ns3:cad>
          </ns3:TrackPointExtension>
        </extensions>
      </trkpt>
      <trkpt lat="30.3298899717628955841064453125" lon="120.05787156522274017333984375">
        <ele>8.6000003814697265625</ele>
        <time>2026-08-16T13:11:30.000Z</time>
        <extensions>
          <ns3:TrackPointExtension>
            <ns3:hr>181</ns3:hr>
            <ns3:cad>86</ns3:cad>
          </ns3:TrackPointExtension>
        </extensions>
      </trkpt>
      <trkpt lat="30.32987128011882305145263671875" lon="120.05785220302641391754150390625">
        <ele>8.6000003814697265625</ele>
        <time>2026-08-16T13:11:31.000Z</time>
        <extensions>
          <ns3:TrackPointExtension>
            <ns3:hr>181</ns3:hr>
            <ns3:cad>86</ns3:cad>
          </ns3:TrackPointExtension>
        </extensions>
      </trkpt>
      <trkpt lat="30.32985024154186248779296875" lon="120.0578298233449459075927734375">
        <ele>8.6000003814697265625</ele>
        <time>2026-08-16T13:11:32.000Z</time>
        <extensions>
          <ns3:TrackPointExtension>
            <ns3:hr>181</ns3:hr>
            <ns3:cad>86</ns3:cad>
          </ns3:TrackPointExtension>
        </extensions>
      </trkpt>
      <trkpt lat="30.32983255572617053985595703125" lon="120.05780342034995555877685546875">
        <ele>8.6000003814697265625</ele>
        <time>2026-08-16T13:11:33.000Z</time>
        <extensions>
          <ns3:TrackPointExtension>
            <ns3:hr>181</ns3:hr>
            <ns3:cad>85</ns3:cad>
          </ns3:TrackPointExtension>
        </extensions>
      </trkpt>
      <trkpt lat="30.32981059513986110687255859375" lon="120.0577845610678195953369140625">
        <ele>8.6000003814697265625</ele>
        <time>2026-08-16T13:11:34.000Z</time>
        <extensions>
          <ns3:TrackPointExtension>
            <ns3:hr>181</ns3:hr>
            <ns3:cad>85</ns3:cad>
          </ns3:TrackPointExtension>
        </extensions>
      </trkpt>
      <trkpt lat="30.32979014329612255096435546875" lon="120.057760588824748992919921875">
        <ele>8.6000003814697265625</ele>
        <time>2026-08-16T13:11:35.000Z</time>
        <extensions>
          <ns3:TrackPointExtension>
            <ns3:hr>181</ns3:hr>
            <ns3:cad>85</ns3:cad>
          </ns3:TrackPointExtension>
        </extensions>
      </trkpt>
      <trkpt lat="30.3297696076333522796630859375" lon="120.05774491466581821441650390625">
        <ele>8.80000019073486328125</ele>
        <time>2026-08-16T13:11:36.000Z</time>
        <extensions>
          <ns3:TrackPointExtension>
            <ns3:hr>181</ns3:hr>
            <ns3:cad>85</ns3:cad>
          </ns3:TrackPointExtension>
        </extensions>
      </trkpt>
      <trkpt lat="30.32974856905639171600341796875" lon="120.05771934986114501953125">
        <ele>8.80000019073486328125</ele>
        <time>2026-08-16T13:11:37.000Z</time>
        <extensions>
          <ns3:TrackPointExtension>
            <ns3:hr>181</ns3:hr>
            <ns3:cad>85</ns3:cad>
          </ns3:TrackPointExtension>
        </extensions>
      </trkpt>
      <trkpt lat="30.329728536307811737060546875" lon="120.057702250778675079345703125">
        <ele>8.80000019073486328125</ele>
        <time>2026-08-16T13:11:38.000Z</time>
        <extensions>
          <ns3:TrackPointExtension>
            <ns3:hr>181</ns3:hr>
            <ns3:cad>86</ns3:cad>
          </ns3:TrackPointExtension>
        </extensions>
      </trkpt>
      <trkpt lat="30.329708419740200042724609375" lon="120.0576804578304290771484375">
        <ele>8.80000019073486328125</ele>
        <time>2026-08-16T13:11:39.000Z</time>
        <extensions>
          <ns3:TrackPointExtension>
            <ns3:hr>181</ns3:hr>
            <ns3:cad>86</ns3:cad>
          </ns3:TrackPointExtension>
        </extensions>
      </trkpt>
      <trkpt lat="30.32968997955322265625" lon="120.05766059271991252899169921875">
        <ele>8.80000019073486328125</ele>
        <time>2026-08-16T13:11:40.000Z</time>
        <extensions>
          <ns3:TrackPointExtension>
            <ns3:hr>181</ns3:hr>
            <ns3:cad>86</ns3:cad>
          </ns3:TrackPointExtension>
        </extensions>
      </trkpt>
      <trkpt lat="30.3296698629856109619140625" lon="120.057642571628093719482421875">
        <ele>8.80000019073486328125</ele>
        <time>2026-08-16T13:11:41.000Z</time>
        <extensions>
          <ns3:TrackPointExtension>
            <ns3:hr>181</ns3:hr>
            <ns3:cad>86</ns3:cad>
          </ns3:TrackPointExtension>
        </extensions>
      </trkpt>
      <trkpt lat="30.3296468965709209442138671875" lon="120.05762086249887943267822265625">
        <ele>9</ele>
        <time>2026-08-16T13:11:42.000Z</time>
        <extensions>
          <ns3:TrackPointExtension>
            <ns3:hr>181</ns3:hr>
            <ns3:cad>86</ns3:cad>
          </ns3:TrackPointExtension>
        </extensions>
      </trkpt>
      <trkpt lat="30.329629294574260711669921875" lon="120.05760158412158489227294921875">
        <ele>9</ele>
        <time>2026-08-16T13:11:43.000Z</time>
        <extensions>
          <ns3:TrackPointExtension>
            <ns3:hr>181</ns3:hr>
            <ns3:cad>86</ns3:cad>
          </ns3:TrackPointExtension>
        </extensions>
      </trkpt>
      <trkpt lat="30.3296147100627422332763671875" lon="120.05757878534495830535888671875">
        <ele>9.19999980926513671875</ele>
        <time>2026-08-16T13:11:44.000Z</time>
        <extensions>
          <ns3:TrackPointExtension>
            <ns3:hr>181</ns3:hr>
            <ns3:cad>85</ns3:cad>
          </ns3:TrackPointExtension>
        </extensions>
      </trkpt>
      <trkpt lat="30.32960037700831890106201171875" lon="120.057559423148632049560546875">
        <ele>9.3999996185302734375</ele>
        <time>2026-08-16T13:11:45.000Z</time>
        <extensions>
          <ns3:TrackPointExtension>
            <ns3:hr>181</ns3:hr>
            <ns3:cad>85</ns3:cad>
          </ns3:TrackPointExtension>
        </extensions>
      </trkpt>
      <trkpt lat="30.32958277501165866851806640625" lon="120.05754207260906696319580078125">
        <ele>9.3999996185302734375</ele>
        <time>2026-08-16T13:11:46.000Z</time>
        <extensions>
          <ns3:TrackPointExtension>
            <ns3:hr>181</ns3:hr>
            <ns3:cad>86</ns3:cad>
          </ns3:TrackPointExtension>
        </extensions>
      </trkpt>
      <trkpt lat="30.32956517301499843597412109375" lon="120.05752153694629669189453125">
        <ele>9.6000003814697265625</ele>
        <time>2026-08-16T13:11:47.000Z</time>
        <extensions>
          <ns3:TrackPointExtension>
            <ns3:hr>180</ns3:hr>
            <ns3:cad>86</ns3:cad>
          </ns3:TrackPointExtension>
        </extensions>
      </trkpt>
      <trkpt lat="30.3295459784567356109619140625" lon="120.0575002469122409820556640625">
        <ele>9.3999996185302734375</ele>
        <time>2026-08-16T13:11:48.000Z</time>
        <extensions>
          <ns3:TrackPointExtension>
            <ns3:hr>180</ns3:hr>
            <ns3:cad>86</ns3:cad>
          </ns3:TrackPointExtension>
        </extensions>
      </trkpt>
      <trkpt lat="30.329529382288455963134765625" lon="120.05747652612626552581787109375">
        <ele>9.3999996185302734375</ele>
        <time>2026-08-16T13:11:49.000Z</time>
        <extensions>
          <ns3:TrackPointExtension>
            <ns3:hr>180</ns3:hr>
            <ns3:cad>86</ns3:cad>
          </ns3:TrackPointExtension>
        </extensions>
      </trkpt>
      <trkpt lat="30.32950968481600284576416015625" lon="120.057457499206066131591796875">
        <ele>9.3999996185302734375</ele>
        <time>2026-08-16T13:11:50.000Z</time>
        <extensions>
          <ns3:TrackPointExtension>
            <ns3:hr>180</ns3:hr>
            <ns3:cad>86</ns3:cad>
          </ns3:TrackPointExtension>
        </extensions>
      </trkpt>
      <trkpt lat="30.329488478600978851318359375" lon="120.05742958746850490570068359375">
        <ele>9.6000003814697265625</ele>
        <time>2026-08-16T13:11:51.000Z</time>
        <extensions>
          <ns3:TrackPointExtension>
            <ns3:hr>180</ns3:hr>
            <ns3:cad>86</ns3:cad>
          </ns3:TrackPointExtension>
        </extensions>
      </trkpt>
      <trkpt lat="30.3294675238430500030517578125" lon="120.05740611813962459564208984375">
        <ele>9.6000003814697265625</ele>
        <time>2026-08-16T13:11:52.000Z</time>
        <extensions>
          <ns3:TrackPointExtension>
            <ns3:hr>180</ns3:hr>
            <ns3:cad>86</ns3:cad>
          </ns3:TrackPointExtension>
        </extensions>
      </trkpt>
      <trkpt lat="30.32944380305707454681396484375" lon="120.057382397353649139404296875">
        <ele>9.6000003814697265625</ele>
        <time>2026-08-16T13:11:53.000Z</time>
        <extensions>
          <ns3:TrackPointExtension>
            <ns3:hr>181</ns3:hr>
            <ns3:cad>86</ns3:cad>
          </ns3:TrackPointExtension>
        </extensions>
      </trkpt>
      <trkpt lat="30.3294229321181774139404296875" lon="120.05735213868319988250732421875">
        <ele>9.80000019073486328125</ele>
        <time>2026-08-16T13:11:54.000Z</time>
        <extensions>
          <ns3:TrackPointExtension>
            <ns3:hr>181</ns3:hr>
            <ns3:cad>86</ns3:cad>
          </ns3:TrackPointExtension>
        </extensions>
      </trkpt>
      <trkpt lat="30.32940189354121685028076171875" lon="120.057330429553985595703125">
        <ele>10</ele>
        <time>2026-08-16T13:11:55.000Z</time>
        <extensions>
          <ns3:TrackPointExtension>
            <ns3:hr>182</ns3:hr>
            <ns3:cad>86</ns3:cad>
          </ns3:TrackPointExtension>
        </extensions>
      </trkpt>
      <trkpt lat="30.3293843753635883331298828125" lon="120.0573034398257732391357421875">
        <ele>10</ele>
        <time>2026-08-16T13:11:56.000Z</time>
        <extensions>
          <ns3:TrackPointExtension>
            <ns3:hr>181</ns3:hr>
            <ns3:cad>86</ns3:cad>
          </ns3:TrackPointExtension>
        </extensions>
      </trkpt>
      <trkpt lat="30.329365767538547515869140625" lon="120.057285167276859283447265625">
        <ele>10</ele>
        <time>2026-08-16T13:11:57.000Z</time>
        <extensions>
          <ns3:TrackPointExtension>
            <ns3:hr>181</ns3:hr>
            <ns3:cad>85</ns3:cad>
          </ns3:TrackPointExtension>
        </extensions>
      </trkpt>
      <trkpt lat="30.3293424658477306365966796875" lon="120.0572608597576618194580078125">
        <ele>10.19999980926513671875</ele>
        <time>2026-08-16T13:11:58.000Z</time>
        <extensions>
          <ns3:TrackPointExtension>
            <ns3:hr>180</ns3:hr>
            <ns3:cad>85</ns3:cad>
          </ns3:TrackPointExtension>
        </extensions>
      </trkpt>
      <trkpt lat="30.32932092435657978057861328125" lon="120.05724149756133556365966796875">
        <ele>10.19999980926513671875</ele>
        <time>2026-08-16T13:11:59.000Z</time>
        <extensions>
          <ns3:TrackPointExtension>
            <ns3:hr>180</ns3:hr>
            <ns3:cad>85</ns3:cad>
          </ns3:TrackPointExtension>
        </extensions>
      </trkpt>
      <trkpt lat="30.32929644919931888580322265625" lon="120.05722054280340671539306640625">
        <ele>10.19999980926513671875</ele>
        <time>2026-08-16T13:12:00.000Z</time>
        <extensions>
          <ns3:TrackPointExtension>
            <ns3:hr>180</ns3:hr>
            <ns3:cad>85</ns3:cad>
          </ns3:TrackPointExtension>
        </extensions>
      </trkpt>
      <trkpt lat="30.329275913536548614501953125" lon="120.057195313274860382080078125">
        <ele>10.19999980926513671875</ele>
        <time>2026-08-16T13:12:01.000Z</time>
        <extensions>
          <ns3:TrackPointExtension>
            <ns3:hr>180</ns3:hr>
            <ns3:cad>86</ns3:cad>
          </ns3:TrackPointExtension>
        </extensions>
      </trkpt>
      <trkpt lat="30.32925588078796863555908203125" lon="120.057175196707248687744140625">
        <ele>10.19999980926513671875</ele>
        <time>2026-08-16T13:12:02.000Z</time>
        <extensions>
          <ns3:TrackPointExtension>
            <ns3:hr>181</ns3:hr>
            <ns3:cad>86</ns3:cad>
          </ns3:TrackPointExtension>
        </extensions>
      </trkpt>
      <trkpt lat="30.329236686229705810546875" lon="120.057148039340972900390625">
        <ele>10.19999980926513671875</ele>
        <time>2026-08-16T13:12:03.000Z</time>
        <extensions>
          <ns3:TrackPointExtension>
            <ns3:hr>181</ns3:hr>
            <ns3:cad>86</ns3:cad>
          </ns3:TrackPointExtension>
        </extensions>
      </trkpt>
      <trkpt lat="30.329220257699489593505859375" lon="120.0571287609636783599853515625">
        <ele>10</ele>
        <time>2026-08-16T13:12:04.000Z</time>
        <extensions>
          <ns3:TrackPointExtension>
            <ns3:hr>181</ns3:hr>
            <ns3:cad>86</ns3:cad>
          </ns3:TrackPointExtension>
        </extensions>
      </trkpt>
      <trkpt lat="30.32919670455157756805419921875" lon="120.0571036152541637420654296875">
        <ele>10</ele>
        <time>2026-08-16T13:12:05.000Z</time>
        <extensions>
          <ns3:TrackPointExtension>
            <ns3:hr>181</ns3:hr>
            <ns3:cad>86</ns3:cad>
          </ns3:TrackPointExtension>
        </extensions>
      </trkpt>
      <trkpt lat="30.3291761688888072967529296875" lon="120.057083331048488616943359375">
        <ele>9.80000019073486328125</ele>
        <time>2026-08-16T13:12:06.000Z</time>
        <extensions>
          <ns3:TrackPointExtension>
            <ns3:hr>181</ns3:hr>
            <ns3:cad>86</ns3:cad>
          </ns3:TrackPointExtension>
        </extensions>
      </trkpt>
      <trkpt lat="30.32915479503571987152099609375" lon="120.0570650584995746612548828125">
        <ele>9.6000003814697265625</ele>
        <time>2026-08-16T13:12:07.000Z</time>
        <extensions>
          <ns3:TrackPointExtension>
            <ns3:hr>181</ns3:hr>
            <ns3:cad>85</ns3:cad>
          </ns3:TrackPointExtension>
        </extensions>
      </trkpt>
      <trkpt lat="30.32913518138229846954345703125" lon="120.057037062942981719970703125">
        <ele>9.3999996185302734375</ele>
        <time>2026-08-16T13:12:08.000Z</time>
        <extensions>
          <ns3:TrackPointExtension>
            <ns3:hr>181</ns3:hr>
            <ns3:cad>85</ns3:cad>
          </ns3:TrackPointExtension>
        </extensions>
      </trkpt>
      <trkpt lat="30.32911355607211589813232421875" lon="120.05702055059373378753662109375">
        <ele>9.3999996185302734375</ele>
        <time>2026-08-16T13:12:09.000Z</time>
        <extensions>
          <ns3:TrackPointExtension>
            <ns3:hr>181</ns3:hr>
            <ns3:cad>85</ns3:cad>
          </ns3:TrackPointExtension>
        </extensions>
      </trkpt>
      <trkpt lat="30.32909260131418704986572265625" lon="120.056997500360012054443359375">
        <ele>9.3999996185302734375</ele>
        <time>2026-08-16T13:12:10.000Z</time>
        <extensions>
          <ns3:TrackPointExtension>
            <ns3:hr>181</ns3:hr>
            <ns3:cad>85</ns3:cad>
          </ns3:TrackPointExtension>
        </extensions>
      </trkpt>
      <trkpt lat="30.32907533459365367889404296875" lon="120.05698484368622303009033203125">
        <ele>9.3999996185302734375</ele>
        <time>2026-08-16T13:12:11.000Z</time>
        <extensions>
          <ns3:TrackPointExtension>
            <ns3:hr>182</ns3:hr>
            <ns3:cad>86</ns3:cad>
          </ns3:TrackPointExtension>
        </extensions>
      </trkpt>
      <trkpt lat="30.32905094325542449951171875" lon="120.05696363747119903564453125">
        <ele>9.3999996185302734375</ele>
        <time>2026-08-16T13:12:12.000Z</time>
        <extensions>
          <ns3:TrackPointExtension>
            <ns3:hr>181</ns3:hr>
            <ns3:cad>86</ns3:cad>
          </ns3:TrackPointExtension>
        </extensions>
      </trkpt>
      <trkpt lat="30.32902638427913188934326171875" lon="120.05694595165550708770751953125">
        <ele>9.19999980926513671875</ele>
        <time>2026-08-16T13:12:13.000Z</time>
        <extensions>
          <ns3:TrackPointExtension>
            <ns3:hr>180</ns3:hr>
            <ns3:cad>86</ns3:cad>
          </ns3:TrackPointExtension>
        </extensions>
      </trkpt>
      <trkpt lat="30.32899855636060237884521484375" lon="120.05692466162145137786865234375">
        <ele>9</ele>
        <time>2026-08-16T13:12:14.000Z</time>
        <extensions>
          <ns3:TrackPointExtension>
            <ns3:hr>180</ns3:hr>
            <ns3:cad>86</ns3:cad>
          </ns3:TrackPointExtension>
        </extensions>
      </trkpt>
      <trkpt lat="30.32897374592721462249755859375" lon="120.0569021143019199371337890625">
        <ele>9</ele>
        <time>2026-08-16T13:12:15.000Z</time>
        <extensions>
          <ns3:TrackPointExtension>
            <ns3:hr>180</ns3:hr>
            <ns3:cad>86</ns3:cad>
          </ns3:TrackPointExtension>
        </extensions>
      </trkpt>
      <trkpt lat="30.3289510309696197509765625" lon="120.056883506476879119873046875">
        <ele>8.80000019073486328125</ele>
        <time>2026-08-16T13:12:16.000Z</time>
        <extensions>
          <ns3:TrackPointExtension>
            <ns3:hr>180</ns3:hr>
            <ns3:cad>85</ns3:cad>
          </ns3:TrackPointExtension>
        </extensions>
      </trkpt>
      <trkpt lat="30.3289282321929931640625" lon="120.05685945041477680206298828125">
        <ele>8.6000003814697265625</ele>
        <time>2026-08-16T13:12:17.000Z</time>
        <extensions>
          <ns3:TrackPointExtension>
            <ns3:hr>181</ns3:hr>
            <ns3:cad>85</ns3:cad>
          </ns3:TrackPointExtension>
        </extensions>
      </trkpt>
      <trkpt lat="30.32890836708247661590576171875" lon="120.0568437762558460235595703125">
        <ele>8.6000003814697265625</ele>
        <time>2026-08-16T13:12:18.000Z</time>
        <extensions>
          <ns3:TrackPointExtension>
            <ns3:hr>181</ns3:hr>
            <ns3:cad>85</ns3:cad>
          </ns3:TrackPointExtension>
        </extensions>
      </trkpt>
      <trkpt lat="30.32888053916394710540771484375" lon="120.05682148039340972900390625">
        <ele>8.6000003814697265625</ele>
        <time>2026-08-16T13:12:19.000Z</time>
        <extensions>
          <ns3:TrackPointExtension>
            <ns3:hr>182</ns3:hr>
            <ns3:cad>86</ns3:cad>
          </ns3:TrackPointExtension>
        </extensions>
      </trkpt>
      <trkpt lat="30.3288586623966693878173828125" lon="120.05680714733898639678955078125">
        <ele>8.6000003814697265625</ele>
        <time>2026-08-16T13:12:20.000Z</time>
        <extensions>
          <ns3:TrackPointExtension>
            <ns3:hr>182</ns3:hr>
            <ns3:cad>86</ns3:cad>
          </ns3:TrackPointExtension>
        </extensions>
      </trkpt>
      <trkpt lat="30.32883460633456707000732421875" lon="120.0567857734858989715576171875">
        <ele>8.6000003814697265625</ele>
        <time>2026-08-16T13:12:21.000Z</time>
        <extensions>
          <ns3:TrackPointExtension>
            <ns3:hr>182</ns3:hr>
            <ns3:cad>86</ns3:cad>
          </ns3:TrackPointExtension>
        </extensions>
      </trkpt>
      <trkpt lat="30.32881314866244792938232421875" lon="120.05677009932696819305419921875">
        <ele>8.6000003814697265625</ele>
        <time>2026-08-16T13:12:22.000Z</time>
        <extensions>
          <ns3:TrackPointExtension>
            <ns3:hr>182</ns3:hr>
            <ns3:cad>87</ns3:cad>
          </ns3:TrackPointExtension>
        </extensions>
      </trkpt>
      <trkpt lat="30.32878465019166469573974609375" lon="120.0567485578358173370361328125">
        <ele>8.80000019073486328125</ele>
        <time>2026-08-16T13:12:23.000Z</time>
        <extensions>
          <ns3:TrackPointExtension>
            <ns3:hr>182</ns3:hr>
            <ns3:cad>88</ns3:cad>
          </ns3:TrackPointExtension>
        </extensions>
      </trkpt>
      <trkpt lat="30.32875631935894489288330078125" lon="120.05673221312463283538818359375">
        <ele>8.80000019073486328125</ele>
        <time>2026-08-16T13:12:24.000Z</time>
        <extensions>
          <ns3:TrackPointExtension>
            <ns3:hr>182</ns3:hr>
            <ns3:cad>88</ns3:cad>
          </ns3:TrackPointExtension>
        </extensions>
      </trkpt>
      <trkpt lat="30.32872639596462249755859375" lon="120.05671293474733829498291015625">
        <ele>9</ele>
        <time>2026-08-16T13:12:25.000Z</time>
        <extensions>
          <ns3:TrackPointExtension>
            <ns3:hr>183</ns3:hr>
            <ns3:cad>88</ns3:cad>
          </ns3:TrackPointExtension>
        </extensions>
      </trkpt>
      <trkpt lat="30.3286997415125370025634765625" lon="120.05670078098773956298828125">
        <ele>9.19999980926513671875</ele>
        <time>2026-08-16T13:12:26.000Z</time>
        <extensions>
          <ns3:TrackPointExtension>
            <ns3:hr>182</ns3:hr>
            <ns3:cad>89</ns3:cad>
          </ns3:TrackPointExtension>
        </extensions>
      </trkpt>
      <trkpt lat="30.32867275178432464599609375" lon="120.05667722783982753753662109375">
        <ele>9</ele>
        <time>2026-08-16T13:12:27.000Z</time>
        <extensions>
          <ns3:TrackPointExtension>
            <ns3:hr>182</ns3:hr>
            <ns3:cad>89</ns3:cad>
          </ns3:TrackPointExtension>
        </extensions>
      </trkpt>
      <trkpt lat="30.32864802516996860504150390625" lon="120.05666398443281650543212890625">
        <ele>9</ele>
        <time>2026-08-16T13:12:28.000Z</time>
        <extensions>
          <ns3:TrackPointExtension>
            <ns3:hr>181</ns3:hr>
            <ns3:cad>89</ns3:cad>
          </ns3:TrackPointExtension>
        </extensions>
      </trkpt>
      <trkpt lat="30.3286182694137096405029296875" lon="120.0566462986171245574951171875">
        <ele>8.80000019073486328125</ele>
        <time>2026-08-16T13:12:29.000Z</time>
        <extensions>
          <ns3:TrackPointExtension>
            <ns3:hr>181</ns3:hr>
            <ns3:cad>90</ns3:cad>
          </ns3:TrackPointExtension>
        </extensions>
      </trkpt>
      <trkpt lat="30.3285951353609561920166015625" lon="120.05663263611495494842529296875">
        <ele>8.6000003814697265625</ele>
        <time>2026-08-16T13:12:30.000Z</time>
        <extensions>
          <ns3:TrackPointExtension>
            <ns3:hr>181</ns3:hr>
            <ns3:cad>90</ns3:cad>
          </ns3:TrackPointExtension>
        </extensions>
      </trkpt>
      <trkpt lat="30.32856605015695095062255859375" lon="120.056615285575389862060546875">
        <ele>8.3999996185302734375</ele>
        <time>2026-08-16T13:12:31.000Z</time>
        <extensions>
          <ns3:TrackPointExtension>
            <ns3:hr>180</ns3:hr>
            <ns3:cad>90</ns3:cad>
          </ns3:TrackPointExtension>
        </extensions>
      </trkpt>
      <trkpt lat="30.32854191027581691741943359375" lon="120.0566037185490131378173828125">
        <ele>8.3999996185302734375</ele>
        <time>2026-08-16T13:12:32.000Z</time>
        <extensions>
          <ns3:TrackPointExtension>
            <ns3:hr>178</ns3:hr>
            <ns3:cad>90</ns3:cad>
          </ns3:TrackPointExtension>
        </extensions>
      </trkpt>
      <trkpt lat="30.32851458527147769927978515625" lon="120.056587122380733489990234375">
        <ele>8.3999996185302734375</ele>
        <time>2026-08-16T13:12:33.000Z</time>
        <extensions>
          <ns3:TrackPointExtension>
            <ns3:hr>176</ns3:hr>
            <ns3:cad>89</ns3:cad>
          </ns3:TrackPointExtension>
        </extensions>
      </trkpt>
      <trkpt lat="30.328492037951946258544921875" lon="120.0565705262124538421630859375">
        <ele>8.3999996185302734375</ele>
        <time>2026-08-16T13:12:34.000Z</time>
        <extensions>
          <ns3:TrackPointExtension>
            <ns3:hr>176</ns3:hr>
            <ns3:cad>88</ns3:cad>
          </ns3:TrackPointExtension>
        </extensions>
      </trkpt>
      <trkpt lat="30.32846664078533649444580078125" lon="120.05655351094901561737060546875">
        <ele>8.3999996185302734375</ele>
        <time>2026-08-16T13:12:35.000Z</time>
        <extensions>
          <ns3:TrackPointExtension>
            <ns3:hr>176</ns3:hr>
            <ns3:cad>88</ns3:cad>
          </ns3:TrackPointExtension>
        </extensions>
      </trkpt>
      <trkpt lat="30.3284422494471073150634765625" lon="120.05653959698975086212158203125">
        <ele>8.3999996185302734375</ele>
        <time>2026-08-16T13:12:36.000Z</time>
        <extensions>
          <ns3:TrackPointExtension>
            <ns3:hr>177</ns3:hr>
            <ns3:cad>89</ns3:cad>
          </ns3:TrackPointExtension>
        </extensions>
      </trkpt>
      <trkpt lat="30.32841651700437068939208984375" lon="120.0565215758979320526123046875">
        <ele>8.3999996185302734375</ele>
        <time>2026-08-16T13:12:37.000Z</time>
        <extensions>
          <ns3:TrackPointExtension>
            <ns3:hr>178</ns3:hr>
            <ns3:cad>89</ns3:cad>
          </ns3:TrackPointExtension>
        </extensions>
      </trkpt>
      <trkpt lat="30.32838902436196804046630859375" lon="120.056506656110286712646484375">
        <ele>8.3999996185302734375</ele>
        <time>2026-08-16T13:12:38.000Z</time>
        <extensions>
          <ns3:TrackPointExtension>
            <ns3:hr>179</ns3:hr>
            <ns3:cad>89</ns3:cad>
          </ns3:TrackPointExtension>
        </extensions>
      </trkpt>
      <trkpt lat="30.3283609449863433837890625" lon="120.05648813210427761077880859375">
        <ele>8.3999996185302734375</ele>
        <time>2026-08-16T13:12:39.000Z</time>
        <extensions>
          <ns3:TrackPointExtension>
            <ns3:hr>180</ns3:hr>
            <ns3:cad>88</ns3:cad>
          </ns3:TrackPointExtension>
        </extensions>
      </trkpt>
      <trkpt lat="30.32833571545779705047607421875" lon="120.05647120065987110137939453125">
        <ele>8.19999980926513671875</ele>
        <time>2026-08-16T13:12:40.000Z</time>
        <extensions>
          <ns3:TrackPointExtension>
            <ns3:hr>181</ns3:hr>
            <ns3:cad>88</ns3:cad>
          </ns3:TrackPointExtension>
        </extensions>
      </trkpt>
      <trkpt lat="30.3283099830150604248046875" lon="120.05645393393933773040771484375">
        <ele>8.19999980926513671875</ele>
        <time>2026-08-16T13:12:41.000Z</time>
        <extensions>
          <ns3:TrackPointExtension>
            <ns3:hr>182</ns3:hr>
            <ns3:cad>89</ns3:cad>
          </ns3:TrackPointExtension>
        </extensions>
      </trkpt>
      <trkpt lat="30.32828408293426036834716796875" lon="120.05643398500978946685791015625">
        <ele>8.19999980926513671875</ele>
        <time>2026-08-16T13:12:42.000Z</time>
        <extensions>
          <ns3:TrackPointExtension>
            <ns3:hr>183</ns3:hr>
            <ns3:cad>89</ns3:cad>
          </ns3:TrackPointExtension>
        </extensions>
      </trkpt>
      <trkpt lat="30.3282585181295871734619140625" lon="120.05641914904117584228515625">
        <ele>8</ele>
        <time>2026-08-16T13:12:43.000Z</time>
        <extensions>
          <ns3:TrackPointExtension>
            <ns3:hr>183</ns3:hr>
            <ns3:cad>89</ns3:cad>
          </ns3:TrackPointExtension>
        </extensions>
      </trkpt>
      <trkpt lat="30.328232534229755401611328125" lon="120.0564005412161350250244140625">
        <ele>8</ele>
        <time>2026-08-16T13:12:44.000Z</time>
        <extensions>
          <ns3:TrackPointExtension>
            <ns3:hr>183</ns3:hr>
            <ns3:cad>89</ns3:cad>
          </ns3:TrackPointExtension>
        </extensions>
      </trkpt>
      <trkpt lat="30.32820847816765308380126953125" lon="120.05638319067656993865966796875">
        <ele>7.80000019073486328125</ele>
        <time>2026-08-16T13:12:45.000Z</time>
        <extensions>
          <ns3:TrackPointExtension>
            <ns3:hr>183</ns3:hr>
            <ns3:cad>89</ns3:cad>
          </ns3:TrackPointExtension>
        </extensions>
      </trkpt>
      <trkpt lat="30.32818333245813846588134765625" lon="120.0563613139092922210693359375">
        <ele>7.80000019073486328125</ele>
        <time>2026-08-16T13:12:46.000Z</time>
        <extensions>
          <ns3:TrackPointExtension>
            <ns3:hr>184</ns3:hr>
            <ns3:cad>89</ns3:cad>
          </ns3:TrackPointExtension>
        </extensions>
      </trkpt>
      <trkpt lat="30.32815902493894100189208984375" lon="120.0563492439687252044677734375">
        <ele>8</ele>
        <time>2026-08-16T13:12:47.000Z</time>
        <extensions>
          <ns3:TrackPointExtension>
            <ns3:hr>183</ns3:hr>
            <ns3:cad>89</ns3:cad>
          </ns3:TrackPointExtension>
        </extensions>
      </trkpt>
      <trkpt lat="30.32813019119203090667724609375" lon="120.05633055232465267181396484375">
        <ele>7.80000019073486328125</ele>
        <time>2026-08-16T13:12:48.000Z</time>
        <extensions>
          <ns3:TrackPointExtension>
            <ns3:hr>183</ns3:hr>
            <ns3:cad>89</ns3:cad>
          </ns3:TrackPointExtension>
        </extensions>
      </trkpt>
      <trkpt lat="30.32810839824378490447998046875" lon="120.0563197396695613861083984375">
        <ele>8</ele>
        <time>2026-08-16T13:12:49.000Z</time>
        <extensions>
          <ns3:TrackPointExtension>
            <ns3:hr>183</ns3:hr>
            <ns3:cad>89</ns3:cad>
          </ns3:TrackPointExtension>
        </extensions>
      </trkpt>
      <trkpt lat="30.32808409072458744049072265625" lon="120.056300461292266845703125">
        <ele>8</ele>
        <time>2026-08-16T13:12:50.000Z</time>
        <extensions>
          <ns3:TrackPointExtension>
            <ns3:hr>183</ns3:hr>
            <ns3:cad>89</ns3:cad>
          </ns3:TrackPointExtension>
        </extensions>
      </trkpt>
      <trkpt lat="30.32806078903377056121826171875" lon="120.05628813989460468292236328125">
        <ele>7.80000019073486328125</ele>
        <time>2026-08-16T13:12:51.000Z</time>
        <extensions>
          <ns3:TrackPointExtension>
            <ns3:hr>183</ns3:hr>
            <ns3:cad>88</ns3:cad>
          </ns3:TrackPointExtension>
        </extensions>
      </trkpt>
      <trkpt lat="30.32803480513393878936767578125" lon="120.0562677718698978424072265625">
        <ele>7.599999904632568359375</ele>
        <time>2026-08-16T13:12:52.000Z</time>
        <extensions>
          <ns3:TrackPointExtension>
            <ns3:hr>183</ns3:hr>
            <ns3:cad>88</ns3:cad>
          </ns3:TrackPointExtension>
        </extensions>
      </trkpt>
      <trkpt lat="30.3280127607285976409912109375" lon="120.0562526844441890716552734375">
        <ele>7.80000019073486328125</ele>
        <time>2026-08-16T13:12:53.000Z</time>
        <extensions>
          <ns3:TrackPointExtension>
            <ns3:hr>183</ns3:hr>
            <ns3:cad>88</ns3:cad>
          </ns3:TrackPointExtension>
        </extensions>
      </trkpt>
      <trkpt lat="30.3279886208474636077880859375" lon="120.0562416203320026397705078125">
        <ele>7.80000019073486328125</ele>
        <time>2026-08-16T13:12:54.000Z</time>
        <extensions>
          <ns3:TrackPointExtension>
            <ns3:hr>183</ns3:hr>
            <ns3:cad>88</ns3:cad>
          </ns3:TrackPointExtension>
        </extensions>
      </trkpt>
      <trkpt lat="30.32796205021440982818603515625" lon="120.0562285445630550384521484375">
        <ele>7.80000019073486328125</ele>
        <time>2026-08-16T13:12:55.000Z</time>
        <extensions>
          <ns3:TrackPointExtension>
            <ns3:hr>183</ns3:hr>
            <ns3:cad>86</ns3:cad>
          </ns3:TrackPointExtension>
        </extensions>
      </trkpt>
      <trkpt lat="30.32793690450489521026611328125" lon="120.0562221743166446685791015625">
        <ele>7.80000019073486328125</ele>
        <time>2026-08-16T13:12:56.000Z</time>
        <extensions>
          <ns3:TrackPointExtension>
            <ns3:hr>183</ns3:hr>
            <ns3:cad>86</ns3:cad>
          </ns3:TrackPointExtension>
        </extensions>
      </trkpt>
      <trkpt lat="30.32791108824312686920166015625" lon="120.0562067516148090362548828125">
        <ele>8</ele>
        <time>2026-08-16T13:12:57.000Z</time>
        <extensions>
          <ns3:TrackPointExtension>
            <ns3:hr>183</ns3:hr>
            <ns3:cad>88</ns3:cad>
          </ns3:TrackPointExtension>
        </extensions>
      </trkpt>
      <trkpt lat="30.32788460142910480499267578125" lon="120.05619660951197147369384765625">
        <ele>8</ele>
        <time>2026-08-16T13:12:58.000Z</time>
        <extensions>
          <ns3:TrackPointExtension>
            <ns3:hr>183</ns3:hr>
            <ns3:cad>88</ns3:cad>
          </ns3:TrackPointExtension>
        </extensions>
      </trkpt>
      <trkpt lat="30.3278565220534801483154296875" lon="120.0561806000769138336181640625">
        <ele>8</ele>
        <time>2026-08-16T13:12:59.000Z</time>
        <extensions>
          <ns3:TrackPointExtension>
            <ns3:hr>183</ns3:hr>
            <ns3:cad>88</ns3:cad>
          </ns3:TrackPointExtension>
        </extensions>
      </trkpt>
      <trkpt lat="30.32783095724880695343017578125" lon="120.05617213435471057891845703125">
        <ele>8</ele>
        <time>2026-08-16T13:13:00.000Z</time>
        <extensions>
          <ns3:TrackPointExtension>
            <ns3:hr>183</ns3:hr>
            <ns3:cad>87</ns3:cad>
          </ns3:TrackPointExtension>
        </extensions>
      </trkpt>
      <trkpt lat="30.327798686921596527099609375" lon="120.05616039969027042388916015625">
        <ele>8</ele>
        <time>2026-08-16T13:13:01.000Z</time>
        <extensions>
          <ns3:TrackPointExtension>
            <ns3:hr>183</ns3:hr>
            <ns3:cad>87</ns3:cad>
          </ns3:TrackPointExtension>
        </extensions>
      </trkpt>
      <trkpt lat="30.327775217592716217041015625" lon="120.056152604520320892333984375">
        <ele>8</ele>
        <time>2026-08-16T13:13:02.000Z</time>
        <extensions>
          <ns3:TrackPointExtension>
            <ns3:hr>183</ns3:hr>
            <ns3:cad>87</ns3:cad>
          </ns3:TrackPointExtension>
        </extensions>
      </trkpt>
      <trkpt lat="30.32774713821709156036376953125" lon="120.05613776855170726776123046875">
        <ele>7.80000019073486328125</ele>
        <time>2026-08-16T13:13:03.000Z</time>
        <extensions>
          <ns3:TrackPointExtension>
            <ns3:hr>183</ns3:hr>
            <ns3:cad>87</ns3:cad>
          </ns3:TrackPointExtension>
        </extensions>
      </trkpt>
      <trkpt lat="30.3277260996401309967041015625" lon="120.05612544715404510498046875">
        <ele>7.80000019073486328125</ele>
        <time>2026-08-16T13:13:04.000Z</time>
        <extensions>
          <ns3:TrackPointExtension>
            <ns3:hr>183</ns3:hr>
            <ns3:cad>87</ns3:cad>
          </ns3:TrackPointExtension>
        </extensions>
      </trkpt>
      <trkpt lat="30.3277029655873775482177734375" lon="120.0561078451573848724365234375">
        <ele>7.80000019073486328125</ele>
        <time>2026-08-16T13:13:05.000Z</time>
        <extensions>
          <ns3:TrackPointExtension>
            <ns3:hr>182</ns3:hr>
            <ns3:cad>88</ns3:cad>
          </ns3:TrackPointExtension>
        </extensions>
      </trkpt>
      <trkpt lat="30.32767899334430694580078125" lon="120.05609502084553241729736328125">
        <ele>7.80000019073486328125</ele>
        <time>2026-08-16T13:13:06.000Z</time>
        <extensions>
          <ns3:TrackPointExtension>
            <ns3:hr>182</ns3:hr>
            <ns3:cad>87</ns3:cad>
          </ns3:TrackPointExtension>
        </extensions>
      </trkpt>
      <trkpt lat="30.32765409909188747406005859375" lon="120.05608194507658481597900390625">
        <ele>7.80000019073486328125</ele>
        <time>2026-08-16T13:13:07.000Z</time>
        <extensions>
          <ns3:TrackPointExtension>
            <ns3:hr>182</ns3:hr>
            <ns3:cad>88</ns3:cad>
          </ns3:TrackPointExtension>
        </extensions>
      </trkpt>
      <trkpt lat="30.32763079740107059478759765625" lon="120.05607406608760356903076171875">
        <ele>7.80000019073486328125</ele>
        <time>2026-08-16T13:13:08.000Z</time>
        <extensions>
          <ns3:TrackPointExtension>
            <ns3:hr>182</ns3:hr>
            <ns3:cad>88</ns3:cad>
          </ns3:TrackPointExtension>
        </extensions>
      </trkpt>
      <trkpt lat="30.32760498113930225372314453125" lon="120.05606912076473236083984375">
        <ele>7.80000019073486328125</ele>
        <time>2026-08-16T13:13:09.000Z</time>
        <extensions>
          <ns3:TrackPointExtension>
            <ns3:hr>182</ns3:hr>
            <ns3:cad>88</ns3:cad>
          </ns3:TrackPointExtension>
        </extensions>
      </trkpt>
      <trkpt lat="30.32757815904915332794189453125" lon="120.0560595653951168060302734375">
        <ele>8</ele>
        <time>2026-08-16T13:13:10.000Z</time>
        <extensions>
          <ns3:TrackPointExtension>
            <ns3:hr>182</ns3:hr>
            <ns3:cad>88</ns3:cad>
          </ns3:TrackPointExtension>
        </extensions>
      </trkpt>
      <trkpt lat="30.3275551088154315948486328125" lon="120.0560535304248332977294921875">
        <ele>8</ele>
        <time>2026-08-16T13:13:11.000Z</time>
        <extensions>
          <ns3:TrackPointExtension>
            <ns3:hr>183</ns3:hr>
            <ns3:cad>88</ns3:cad>
          </ns3:TrackPointExtension>
        </extensions>
      </trkpt>
      <trkpt lat="30.32752904109656810760498046875" lon="120.05604439415037631988525390625">
        <ele>8</ele>
        <time>2026-08-16T13:13:12.000Z</time>
        <extensions>
          <ns3:TrackPointExtension>
            <ns3:hr>183</ns3:hr>
            <ns3:cad>89</ns3:cad>
          </ns3:TrackPointExtension>
        </extensions>
      </trkpt>
      <trkpt lat="30.3275051526725292205810546875" lon="120.05603668279945850372314453125">
        <ele>8</ele>
        <time>2026-08-16T13:13:13.000Z</time>
        <extensions>
          <ns3:TrackPointExtension>
            <ns3:hr>183</ns3:hr>
            <ns3:cad>89</ns3:cad>
          </ns3:TrackPointExtension>
        </extensions>
      </trkpt>
      <trkpt lat="30.327477492392063140869140625" lon="120.05602545104920864105224609375">
        <ele>8</ele>
        <time>2026-08-16T13:13:14.000Z</time>
        <extensions>
          <ns3:TrackPointExtension>
            <ns3:hr>183</ns3:hr>
            <ns3:cad>88</ns3:cad>
          </ns3:TrackPointExtension>
        </extensions>
      </trkpt>
      <trkpt lat="30.32745125703513622283935546875" lon="120.05602008663117885589599609375">
        <ele>8</ele>
        <time>2026-08-16T13:13:15.000Z</time>
        <extensions>
          <ns3:TrackPointExtension>
            <ns3:hr>183</ns3:hr>
            <ns3:cad>88</ns3:cad>
          </ns3:TrackPointExtension>
        </extensions>
      </trkpt>
      <trkpt lat="30.3274203278124332427978515625" lon="120.05601002834737300872802734375">
        <ele>8</ele>
        <time>2026-08-16T13:13:16.000Z</time>
        <extensions>
          <ns3:TrackPointExtension>
            <ns3:hr>183</ns3:hr>
            <ns3:cad>88</ns3:cad>
          </ns3:TrackPointExtension>
        </extensions>
      </trkpt>
      <trkpt lat="30.32739459536969661712646484375" lon="120.056002400815486907958984375">
        <ele>8</ele>
        <time>2026-08-16T13:13:17.000Z</time>
        <extensions>
          <ns3:TrackPointExtension>
            <ns3:hr>183</ns3:hr>
            <ns3:cad>88</ns3:cad>
          </ns3:TrackPointExtension>
        </extensions>
      </trkpt>
      <trkpt lat="30.32736458815634250640869140625" lon="120.05599401891231536865234375">
        <ele>8</ele>
        <time>2026-08-16T13:13:18.000Z</time>
        <extensions>
          <ns3:TrackPointExtension>
            <ns3:hr>182</ns3:hr>
            <ns3:cad>88</ns3:cad>
          </ns3:TrackPointExtension>
        </extensions>
      </trkpt>
      <trkpt lat="30.32733893953263759613037109375" lon="120.0559881515800952911376953125">
        <ele>8</ele>
        <time>2026-08-16T13:13:19.000Z</time>
        <extensions>
          <ns3:TrackPointExtension>
            <ns3:hr>183</ns3:hr>
            <ns3:cad>88</ns3:cad>
          </ns3:TrackPointExtension>
        </extensions>
      </trkpt>
      <trkpt lat="30.32730541191995143890380859375" lon="120.05597935058176517486572265625">
        <ele>8</ele>
        <time>2026-08-16T13:13:20.000Z</time>
        <extensions>
          <ns3:TrackPointExtension>
            <ns3:hr>183</ns3:hr>
            <ns3:cad>88</ns3:cad>
          </ns3:TrackPointExtension>
        </extensions>
      </trkpt>
      <trkpt lat="30.3272791765630245208740234375" lon="120.0559780932962894439697265625">
        <ele>8</ele>
        <time>2026-08-16T13:13:21.000Z</time>
        <extensions>
          <ns3:TrackPointExtension>
            <ns3:hr>183</ns3:hr>
            <ns3:cad>88</ns3:cad>
          </ns3:TrackPointExtension>
        </extensions>
      </trkpt>
      <trkpt lat="30.32724715769290924072265625" lon="120.05596719682216644287109375">
        <ele>8</ele>
        <time>2026-08-16T13:13:22.000Z</time>
        <extensions>
          <ns3:TrackPointExtension>
            <ns3:hr>183</ns3:hr>
            <ns3:cad>88</ns3:cad>
          </ns3:TrackPointExtension>
        </extensions>
      </trkpt>
      <trkpt lat="30.32722226344048976898193359375" lon="120.05596241913735866546630859375">
        <ele>8</ele>
        <time>2026-08-16T13:13:23.000Z</time>
        <extensions>
          <ns3:TrackPointExtension>
            <ns3:hr>183</ns3:hr>
            <ns3:cad>88</ns3:cad>
          </ns3:TrackPointExtension>
        </extensions>
      </trkpt>
      <trkpt lat="30.32719125039875507354736328125" lon="120.0559519417583942413330078125">
        <ele>8</ele>
        <time>2026-08-16T13:13:24.000Z</time>
        <extensions>
          <ns3:TrackPointExtension>
            <ns3:hr>183</ns3:hr>
            <ns3:cad>88</ns3:cad>
          </ns3:TrackPointExtension>
        </extensions>
      </trkpt>
      <trkpt lat="30.32716669142246246337890625" lon="120.0559495948255062103271484375">
        <ele>8</ele>
        <time>2026-08-16T13:13:25.000Z</time>
        <extensions>
          <ns3:TrackPointExtension>
            <ns3:hr>183</ns3:hr>
            <ns3:cad>89</ns3:cad>
          </ns3:TrackPointExtension>
        </extensions>
      </trkpt>
      <trkpt lat="30.3271380253136157989501953125" lon="120.055938027799129486083984375">
        <ele>8</ele>
        <time>2026-08-16T13:13:26.000Z</time>
        <extensions>
          <ns3:TrackPointExtension>
            <ns3:hr>183</ns3:hr>
            <ns3:cad>89</ns3:cad>
          </ns3:TrackPointExtension>
        </extensions>
      </trkpt>
      <trkpt lat="30.32711447216570377349853515625" lon="120.05593509413301944732666015625">
        <ele>8</ele>
        <time>2026-08-16T13:13:27.000Z</time>
        <extensions>
          <ns3:TrackPointExtension>
            <ns3:hr>183</ns3:hr>
            <ns3:cad>89</ns3:cad>
          </ns3:TrackPointExtension>
        </extensions>
      </trkpt>
      <trkpt lat="30.32708563841879367828369140625" lon="120.05592855624854564666748046875">
        <ele>8</ele>
        <time>2026-08-16T13:13:28.000Z</time>
        <extensions>
          <ns3:TrackPointExtension>
            <ns3:hr>183</ns3:hr>
            <ns3:cad>89</ns3:cad>
          </ns3:TrackPointExtension>
        </extensions>
      </trkpt>
      <trkpt lat="30.32705814577639102935791015625" lon="120.05592319183051586151123046875">
        <ele>8</ele>
        <time>2026-08-16T13:13:29.000Z</time>
        <extensions>
          <ns3:TrackPointExtension>
            <ns3:hr>183</ns3:hr>
            <ns3:cad>88</ns3:cad>
          </ns3:TrackPointExtension>
        </extensions>
      </trkpt>
      <trkpt lat="30.32702897675335407257080078125" lon="120.05591933615505695343017578125">
        <ele>8.19999980926513671875</ele>
        <time>2026-08-16T13:13:30.000Z</time>
        <extensions>
          <ns3:TrackPointExtension>
            <ns3:hr>183</ns3:hr>
            <ns3:cad>88</ns3:cad>
          </ns3:TrackPointExtension>
        </extensions>
      </trkpt>
      <trkpt lat="30.3270062617957592010498046875" lon="120.05591313354671001434326171875">
        <ele>8.19999980926513671875</ele>
        <time>2026-08-16T13:13:31.000Z</time>
        <extensions>
          <ns3:TrackPointExtension>
            <ns3:hr>184</ns3:hr>
            <ns3:cad>88</ns3:cad>
          </ns3:TrackPointExtension>
        </extensions>
      </trkpt>
      <trkpt lat="30.32698002643883228302001953125" lon="120.05591078661382198333740234375">
        <ele>8.19999980926513671875</ele>
        <time>2026-08-16T13:13:32.000Z</time>
        <extensions>
          <ns3:TrackPointExtension>
            <ns3:hr>184</ns3:hr>
            <ns3:cad>88</ns3:cad>
          </ns3:TrackPointExtension>
        </extensions>
      </trkpt>
      <trkpt lat="30.32695253379642963409423828125" lon="120.0559073500335216522216796875">
        <ele>8.19999980926513671875</ele>
        <time>2026-08-16T13:13:33.000Z</time>
        <extensions>
          <ns3:TrackPointExtension>
            <ns3:hr>183</ns3:hr>
            <ns3:cad>88</ns3:cad>
          </ns3:TrackPointExtension>
        </extensions>
      </trkpt>
      <trkpt lat="30.326928310096263885498046875" lon="120.05590357817709445953369140625">
        <ele>8</ele>
        <time>2026-08-16T13:13:34.000Z</time>
        <extensions>
          <ns3:TrackPointExtension>
            <ns3:hr>183</ns3:hr>
            <ns3:cad>88</ns3:cad>
          </ns3:TrackPointExtension>
        </extensions>
      </trkpt>
      <trkpt lat="30.32690358348190784454345703125" lon="120.055896453559398651123046875">
        <ele>8</ele>
        <time>2026-08-16T13:13:35.000Z</time>
        <extensions>
          <ns3:TrackPointExtension>
            <ns3:hr>183</ns3:hr>
            <ns3:cad>88</ns3:cad>
          </ns3:TrackPointExtension>
        </extensions>
      </trkpt>
      <trkpt lat="30.326877348124980926513671875" lon="120.05589402280747890472412109375">
        <ele>7.80000019073486328125</ele>
        <time>2026-08-16T13:13:36.000Z</time>
        <extensions>
          <ns3:TrackPointExtension>
            <ns3:hr>183</ns3:hr>
            <ns3:cad>88</ns3:cad>
          </ns3:TrackPointExtension>
        </extensions>
      </trkpt>
      <trkpt lat="30.32684843055903911590576171875" lon="120.0558967888355255126953125">
        <ele>8</ele>
        <time>2026-08-16T13:13:37.000Z</time>
        <extensions>
          <ns3:TrackPointExtension>
            <ns3:hr>183</ns3:hr>
            <ns3:cad>88</ns3:cad>
          </ns3:TrackPointExtension>
        </extensions>
      </trkpt>
      <trkpt lat="30.32682697288691997528076171875" lon="120.05589620210230350494384765625">
        <ele>8</ele>
        <time>2026-08-16T13:13:38.000Z</time>
        <extensions>
          <ns3:TrackPointExtension>
            <ns3:hr>183</ns3:hr>
            <ns3:cad>88</ns3:cad>
          </ns3:TrackPointExtension>
        </extensions>
      </trkpt>
      <trkpt lat="30.32680501230061054229736328125" lon="120.0558925978839397430419921875">
        <ele>8</ele>
        <time>2026-08-16T13:13:39.000Z</time>
        <extensions>
          <ns3:TrackPointExtension>
            <ns3:hr>183</ns3:hr>
            <ns3:cad>87</ns3:cad>
          </ns3:TrackPointExtension>
        </extensions>
      </trkpt>
      <trkpt lat="30.32678238116204738616943359375" lon="120.0558842159807682037353515625">
        <ele>8.19999980926513671875</ele>
        <time>2026-08-16T13:13:40.000Z</time>
        <extensions>
          <ns3:TrackPointExtension>
            <ns3:hr>183</ns3:hr>
            <ns3:cad>86</ns3:cad>
          </ns3:TrackPointExtension>
        </extensions>
      </trkpt>
      <trkpt lat="30.3267628513276576995849609375" lon="120.05588564090430736541748046875">
        <ele>8.19999980926513671875</ele>
        <time>2026-08-16T13:13:41.000Z</time>
        <extensions>
          <ns3:TrackPointExtension>
            <ns3:hr>183</ns3:hr>
            <ns3:cad>86</ns3:cad>
          </ns3:TrackPointExtension>
        </extensions>
      </trkpt>
      <trkpt lat="30.326734520494937896728515625" lon="120.05588002502918243408203125">
        <ele>8.19999980926513671875</ele>
        <time>2026-08-16T13:13:42.000Z</time>
        <extensions>
          <ns3:TrackPointExtension>
            <ns3:hr>182</ns3:hr>
            <ns3:cad>86</ns3:cad>
          </ns3:TrackPointExtension>
        </extensions>
      </trkpt>
      <trkpt lat="30.32671716995537281036376953125" lon="120.0558775104582309722900390625">
        <ele>8</ele>
        <time>2026-08-16T13:13:43.000Z</time>
        <extensions>
          <ns3:TrackPointExtension>
            <ns3:hr>182</ns3:hr>
            <ns3:cad>85</ns3:cad>
          </ns3:TrackPointExtension>
        </extensions>
      </trkpt>
      <trkpt lat="30.326689593493938446044921875" lon="120.05587139166891574859619140625">
        <ele>8</ele>
        <time>2026-08-16T13:13:44.000Z</time>
        <extensions>
          <ns3:TrackPointExtension>
            <ns3:hr>182</ns3:hr>
            <ns3:cad>86</ns3:cad>
          </ns3:TrackPointExtension>
        </extensions>
      </trkpt>
      <trkpt lat="30.326664783060550689697265625" lon="120.0558684580028057098388671875">
        <ele>8</ele>
        <time>2026-08-16T13:13:45.000Z</time>
        <extensions>
          <ns3:TrackPointExtension>
            <ns3:hr>182</ns3:hr>
            <ns3:cad>87</ns3:cad>
          </ns3:TrackPointExtension>
        </extensions>
      </trkpt>
      <trkpt lat="30.32663720659911632537841796875" lon="120.05586795508861541748046875">
        <ele>7.80000019073486328125</ele>
        <time>2026-08-16T13:13:46.000Z</time>
        <extensions>
          <ns3:TrackPointExtension>
            <ns3:hr>181</ns3:hr>
            <ns3:cad>87</ns3:cad>
          </ns3:TrackPointExtension>
        </extensions>
      </trkpt>
      <trkpt lat="30.32661071978509426116943359375" lon="120.05586116574704647064208984375">
        <ele>7.80000019073486328125</ele>
        <time>2026-08-16T13:13:47.000Z</time>
        <extensions>
          <ns3:TrackPointExtension>
            <ns3:hr>181</ns3:hr>
            <ns3:cad>87</ns3:cad>
          </ns3:TrackPointExtension>
        </extensions>
      </trkpt>
      <trkpt lat="30.3265864960849285125732421875" lon="120.05586133338510990142822265625">
        <ele>7.80000019073486328125</ele>
        <time>2026-08-16T13:13:48.000Z</time>
        <extensions>
          <ns3:TrackPointExtension>
            <ns3:hr>181</ns3:hr>
            <ns3:cad>86</ns3:cad>
          </ns3:TrackPointExtension>
        </extensions>
      </trkpt>
      <trkpt lat="30.3265600092709064483642578125" lon="120.05585194565355777740478515625">
        <ele>7.80000019073486328125</ele>
        <time>2026-08-16T13:13:49.000Z</time>
        <extensions>
          <ns3:TrackPointExtension>
            <ns3:hr>181</ns3:hr>
            <ns3:cad>86</ns3:cad>
          </ns3:TrackPointExtension>
        </extensions>
      </trkpt>
      <trkpt lat="30.3265385515987873077392578125" lon="120.05585010163486003875732421875">
        <ele>7.80000019073486328125</ele>
        <time>2026-08-16T13:13:50.000Z</time>
        <extensions>
          <ns3:TrackPointExtension>
            <ns3:hr>181</ns3:hr>
            <ns3:cad>86</ns3:cad>
          </ns3:TrackPointExtension>
        </extensions>
      </trkpt>
      <trkpt lat="30.3265103884041309356689453125" lon="120.05584373138844966888427734375">
        <ele>7.80000019073486328125</ele>
        <time>2026-08-16T13:13:51.000Z</time>
        <extensions>
          <ns3:TrackPointExtension>
            <ns3:hr>180</ns3:hr>
            <ns3:cad>86</ns3:cad>
          </ns3:TrackPointExtension>
        </extensions>
      </trkpt>
      <trkpt lat="30.32648750580847263336181640625" lon="120.05584641359746456146240234375">
        <ele>7.80000019073486328125</ele>
        <time>2026-08-16T13:13:52.000Z</time>
        <extensions>
          <ns3:TrackPointExtension>
            <ns3:hr>180</ns3:hr>
            <ns3:cad>86</ns3:cad>
          </ns3:TrackPointExtension>
        </extensions>
      </trkpt>
      <trkpt lat="30.32645582221448421478271484375" lon="120.05584088154137134552001953125">
        <ele>7.80000019073486328125</ele>
        <time>2026-08-16T13:13:53.000Z</time>
        <extensions>
          <ns3:TrackPointExtension>
            <ns3:hr>180</ns3:hr>
            <ns3:cad>86</ns3:cad>
          </ns3:TrackPointExtension>
        </extensions>
      </trkpt>
      <trkpt lat="30.32643151469528675079345703125" lon="120.055844821035861968994140625">
        <ele>7.80000019073486328125</ele>
        <time>2026-08-16T13:13:54.000Z</time>
        <extensions>
          <ns3:TrackPointExtension>
            <ns3:hr>180</ns3:hr>
            <ns3:cad>87</ns3:cad>
          </ns3:TrackPointExtension>
        </extensions>
      </trkpt>
      <trkpt lat="30.32640133984386920928955078125" lon="120.0558439828455448150634765625">
        <ele>7.80000019073486328125</ele>
        <time>2026-08-16T13:13:55.000Z</time>
        <extensions>
          <ns3:TrackPointExtension>
            <ns3:hr>181</ns3:hr>
            <ns3:cad>87</ns3:cad>
          </ns3:TrackPointExtension>
        </extensions>
      </trkpt>
      <trkpt lat="30.32637736760079860687255859375" lon="120.05584574304521083831787109375">
        <ele>7.80000019073486328125</ele>
        <time>2026-08-16T13:13:56.000Z</time>
        <extensions>
          <ns3:TrackPointExtension>
            <ns3:hr>181</ns3:hr>
            <ns3:cad>87</ns3:cad>
          </ns3:TrackPointExtension>
        </extensions>
      </trkpt>
      <trkpt lat="30.32635071314871311187744140625" lon="120.0558473356068134307861328125">
        <ele>7.80000019073486328125</ele>
        <time>2026-08-16T13:13:57.000Z</time>
        <extensions>
          <ns3:TrackPointExtension>
            <ns3:hr>181</ns3:hr>
            <ns3:cad>87</ns3:cad>
          </ns3:TrackPointExtension>
        </extensions>
      </trkpt>
      <trkpt lat="30.32632581889629364013671875" lon="120.05584381520748138427734375">
        <ele>7.80000019073486328125</ele>
        <time>2026-08-16T13:13:58.000Z</time>
        <extensions>
          <ns3:TrackPointExtension>
            <ns3:hr>181</ns3:hr>
            <ns3:cad>87</ns3:cad>
          </ns3:TrackPointExtension>
        </extensions>
      </trkpt>
      <trkpt lat="30.32630092464387416839599609375" lon="120.0558459945023059844970703125">
        <ele>7.80000019073486328125</ele>
        <time>2026-08-16T13:13:59.000Z</time>
        <extensions>
          <ns3:TrackPointExtension>
            <ns3:hr>181</ns3:hr>
            <ns3:cad>87</ns3:cad>
          </ns3:TrackPointExtension>
        </extensions>
      </trkpt>
      <trkpt lat="30.32627376727759838104248046875" lon="120.0558416359126567840576171875">
        <ele>7.80000019073486328125</ele>
        <time>2026-08-16T13:14:00.000Z</time>
        <extensions>
          <ns3:TrackPointExtension>
            <ns3:hr>181</ns3:hr>
            <ns3:cad>87</ns3:cad>
          </ns3:TrackPointExtension>
        </extensions>
      </trkpt>
      <trkpt lat="30.32625029794871807098388671875" lon="120.0558426417410373687744140625">
        <ele>7.80000019073486328125</ele>
        <time>2026-08-16T13:14:01.000Z</time>
        <extensions>
          <ns3:TrackPointExtension>
            <ns3:hr>181</ns3:hr>
            <ns3:cad>87</ns3:cad>
          </ns3:TrackPointExtension>
        </extensions>
      </trkpt>
      <trkpt lat="30.32621911726891994476318359375" lon="120.05584171973168849945068359375">
        <ele>7.599999904632568359375</ele>
        <time>2026-08-16T13:14:02.000Z</time>
        <extensions>
          <ns3:TrackPointExtension>
            <ns3:hr>181</ns3:hr>
            <ns3:cad>86</ns3:cad>
          </ns3:TrackPointExtension>
        </extensions>
      </trkpt>
      <trkpt lat="30.32619531266391277313232421875" lon="120.05584473721683025360107421875">
        <ele>7.599999904632568359375</ele>
        <time>2026-08-16T13:14:03.000Z</time>
        <extensions>
          <ns3:TrackPointExtension>
            <ns3:hr>181</ns3:hr>
            <ns3:cad>86</ns3:cad>
          </ns3:TrackPointExtension>
        </extensions>
      </trkpt>
      <trkpt lat="30.32616647891700267791748046875" lon="120.0558426417410373687744140625">
        <ele>7.400000095367431640625</ele>
        <time>2026-08-16T13:14:04.000Z</time>
        <extensions>
          <ns3:TrackPointExtension>
            <ns3:hr>181</ns3:hr>
            <ns3:cad>86</ns3:cad>
          </ns3:TrackPointExtension>
        </extensions>
      </trkpt>
      <trkpt lat="30.3261415846645832061767578125" lon="120.0558426417410373687744140625">
        <ele>7.400000095367431640625</ele>
        <time>2026-08-16T13:14:05.000Z</time>
        <extensions>
          <ns3:TrackPointExtension>
            <ns3:hr>181</ns3:hr>
            <ns3:cad>86</ns3:cad>
          </ns3:TrackPointExtension>
        </extensions>
      </trkpt>
      <trkpt lat="30.3261157684028148651123046875" lon="120.05584121681749820709228515625">
        <ele>7.400000095367431640625</ele>
        <time>2026-08-16T13:14:06.000Z</time>
        <extensions>
          <ns3:TrackPointExtension>
            <ns3:hr>180</ns3:hr>
            <ns3:cad>86</ns3:cad>
          </ns3:TrackPointExtension>
        </extensions>
      </trkpt>
      <trkpt lat="30.326090119779109954833984375" lon="120.05583786405622959136962890625">
        <ele>7.400000095367431640625</ele>
        <time>2026-08-16T13:14:07.000Z</time>
        <extensions>
          <ns3:TrackPointExtension>
            <ns3:hr>180</ns3:hr>
            <ns3:cad>86</ns3:cad>
          </ns3:TrackPointExtension>
        </extensions>
      </trkpt>
      <trkpt lat="30.3260664828121662139892578125" lon="120.0558392889797687530517578125">
        <ele>7.400000095367431640625</ele>
        <time>2026-08-16T13:14:08.000Z</time>
        <extensions>
          <ns3:TrackPointExtension>
            <ns3:hr>180</ns3:hr>
            <ns3:cad>86</ns3:cad>
          </ns3:TrackPointExtension>
        </extensions>
      </trkpt>
      <trkpt lat="30.32603622414171695709228515625" lon="120.05583819933235645294189453125">
        <ele>7.400000095367431640625</ele>
        <time>2026-08-16T13:14:09.000Z</time>
        <extensions>
          <ns3:TrackPointExtension>
            <ns3:hr>180</ns3:hr>
            <ns3:cad>86</ns3:cad>
          </ns3:TrackPointExtension>
        </extensions>
      </trkpt>
      <trkpt lat="30.326013676822185516357421875" lon="120.05584423430263996124267578125">
        <ele>7.400000095367431640625</ele>
        <time>2026-08-16T13:14:10.000Z</time>
        <extensions>
          <ns3:TrackPointExtension>
            <ns3:hr>180</ns3:hr>
            <ns3:cad>86</ns3:cad>
          </ns3:TrackPointExtension>
        </extensions>
      </trkpt>
      <trkpt lat="30.32598157413303852081298828125" lon="120.055844821035861968994140625">
        <ele>7.599999904632568359375</ele>
        <time>2026-08-16T13:14:11.000Z</time>
        <extensions>
          <ns3:TrackPointExtension>
            <ns3:hr>180</ns3:hr>
            <ns3:cad>86</ns3:cad>
          </ns3:TrackPointExtension>
        </extensions>
      </trkpt>
      <trkpt lat="30.32595559023320674896240234375" lon="120.055850185453891754150390625">
        <ele>7.599999904632568359375</ele>
        <time>2026-08-16T13:14:12.000Z</time>
        <extensions>
          <ns3:TrackPointExtension>
            <ns3:hr>180</ns3:hr>
            <ns3:cad>86</ns3:cad>
          </ns3:TrackPointExtension>
        </extensions>
      </trkpt>
      <trkpt lat="30.325927175581455230712890625" lon="120.0558530353009700775146484375">
        <ele>7.599999904632568359375</ele>
        <time>2026-08-16T13:14:13.000Z</time>
        <extensions>
          <ns3:TrackPointExtension>
            <ns3:hr>180</ns3:hr>
            <ns3:cad>86</ns3:cad>
          </ns3:TrackPointExtension>
        </extensions>
      </trkpt>
      <trkpt lat="30.32590127550065517425537109375" lon="120.0558538734912872314453125">
        <ele>7.80000019073486328125</ele>
        <time>2026-08-16T13:14:14.000Z</time>
        <extensions>
          <ns3:TrackPointExtension>
            <ns3:hr>180</ns3:hr>
            <ns3:cad>86</ns3:cad>
          </ns3:TrackPointExtension>
        </extensions>
      </trkpt>
      <trkpt lat="30.3258767165243625640869140625" lon="120.05585513077676296234130859375">
        <ele>7.80000019073486328125</ele>
        <time>2026-08-16T13:14:15.000Z</time>
        <extensions>
          <ns3:TrackPointExtension>
            <ns3:hr>180</ns3:hr>
            <ns3:cad>86</ns3:cad>
          </ns3:TrackPointExtension>
        </extensions>
      </trkpt>
      <trkpt lat="30.3258477151393890380859375" lon="120.05585320293903350830078125">
        <ele>7.80000019073486328125</ele>
        <time>2026-08-16T13:14:16.000Z</time>
        <extensions>
          <ns3:TrackPointExtension>
            <ns3:hr>180</ns3:hr>
            <ns3:cad>87</ns3:cad>
          </ns3:TrackPointExtension>
        </extensions>
      </trkpt>
      <trkpt lat="30.32582583837211132049560546875" lon="120.0558543764054775238037109375">
        <ele>7.80000019073486328125</ele>
        <time>2026-08-16T13:14:17.000Z</time>
        <extensions>
          <ns3:TrackPointExtension>
            <ns3:hr>180</ns3:hr>
            <ns3:cad>87</ns3:cad>
          </ns3:TrackPointExtension>
        </extensions>
      </trkpt>
      <trkpt lat="30.3257945738732814788818359375" lon="120.0558540411293506622314453125">
        <ele>7.80000019073486328125</ele>
        <time>2026-08-16T13:14:18.000Z</time>
        <extensions>
          <ns3:TrackPointExtension>
            <ns3:hr>181</ns3:hr>
            <ns3:cad>87</ns3:cad>
          </ns3:TrackPointExtension>
        </extensions>
      </trkpt>
      <trkpt lat="30.325771607458591461181640625" lon="120.05585588514804840087890625">
        <ele>7.80000019073486328125</ele>
        <time>2026-08-16T13:14:19.000Z</time>
        <extensions>
          <ns3:TrackPointExtension>
            <ns3:hr>181</ns3:hr>
            <ns3:cad>87</ns3:cad>
          </ns3:TrackPointExtension>
        </extensions>
      </trkpt>
      <trkpt lat="30.32574000768363475799560546875" lon="120.055853538215160369873046875">
        <ele>7.80000019073486328125</ele>
        <time>2026-08-16T13:14:20.000Z</time>
        <extensions>
          <ns3:TrackPointExtension>
            <ns3:hr>181</ns3:hr>
            <ns3:cad>86</ns3:cad>
          </ns3:TrackPointExtension>
        </extensions>
      </trkpt>
      <trkpt lat="30.32571586780250072479248046875" lon="120.0558619201183319091796875">
        <ele>7.80000019073486328125</ele>
        <time>2026-08-16T13:14:21.000Z</time>
        <extensions>
          <ns3:TrackPointExtension>
            <ns3:hr>181</ns3:hr>
            <ns3:cad>86</ns3:cad>
          </ns3:TrackPointExtension>
        </extensions>
      </trkpt>
      <trkpt lat="30.32568451948463916778564453125" lon="120.05586300976574420928955078125">
        <ele>7.599999904632568359375</ele>
        <time>2026-08-16T13:14:22.000Z</time>
        <extensions>
          <ns3:TrackPointExtension>
            <ns3:hr>181</ns3:hr>
            <ns3:cad>88</ns3:cad>
          </ns3:TrackPointExtension>
        </extensions>
      </trkpt>
      <trkpt lat="30.32565870322287082672119140625" lon="120.0558647699654102325439453125">
        <ele>7.80000019073486328125</ele>
        <time>2026-08-16T13:14:23.000Z</time>
        <extensions>
          <ns3:TrackPointExtension>
            <ns3:hr>181</ns3:hr>
            <ns3:cad>88</ns3:cad>
          </ns3:TrackPointExtension>
        </extensions>
      </trkpt>
      <trkpt lat="30.32563380897045135498046875" lon="120.055865943431854248046875">
        <ele>7.80000019073486328125</ele>
        <time>2026-08-16T13:14:24.000Z</time>
        <extensions>
          <ns3:TrackPointExtension>
            <ns3:hr>181</ns3:hr>
            <ns3:cad>89</ns3:cad>
          </ns3:TrackPointExtension>
        </extensions>
      </trkpt>
      <trkpt lat="30.325610674917697906494140625" lon="120.05586401559412479400634765625">
        <ele>7.80000019073486328125</ele>
        <time>2026-08-16T13:14:25.000Z</time>
        <extensions>
          <ns3:TrackPointExtension>
            <ns3:hr>181</ns3:hr>
            <ns3:cad>88</ns3:cad>
          </ns3:TrackPointExtension>
        </extensions>
      </trkpt>
      <trkpt lat="30.32558494247496128082275390625" lon="120.05586250685155391693115234375">
        <ele>7.80000019073486328125</ele>
        <time>2026-08-16T13:14:26.000Z</time>
        <extensions>
          <ns3:TrackPointExtension>
            <ns3:hr>181</ns3:hr>
            <ns3:cad>88</ns3:cad>
          </ns3:TrackPointExtension>
        </extensions>
      </trkpt>
      <trkpt lat="30.325563736259937286376953125" lon="120.05586166866123676300048828125">
        <ele>7.80000019073486328125</ele>
        <time>2026-08-16T13:14:27.000Z</time>
        <extensions>
          <ns3:TrackPointExtension>
            <ns3:hr>181</ns3:hr>
            <ns3:cad>88</ns3:cad>
          </ns3:TrackPointExtension>
        </extensions>
      </trkpt>
      <trkpt lat="30.3255377523601055145263671875" lon="120.05586116574704647064208984375">
        <ele>7.599999904632568359375</ele>
        <time>2026-08-16T13:14:28.000Z</time>
        <extensions>
          <ns3:TrackPointExtension>
            <ns3:hr>181</ns3:hr>
            <ns3:cad>88</ns3:cad>
          </ns3:TrackPointExtension>
        </extensions>
      </trkpt>
      <trkpt lat="30.32551235519349575042724609375" lon="120.05586267448961734771728515625">
        <ele>7.400000095367431640625</ele>
        <time>2026-08-16T13:14:29.000Z</time>
        <extensions>
          <ns3:TrackPointExtension>
            <ns3:hr>181</ns3:hr>
            <ns3:cad>88</ns3:cad>
          </ns3:TrackPointExtension>
        </extensions>
      </trkpt>
      <trkpt lat="30.3254918195307254791259765625" lon="120.0558654405176639556884765625">
        <ele>7.400000095367431640625</ele>
        <time>2026-08-16T13:14:30.000Z</time>
        <extensions>
          <ns3:TrackPointExtension>
            <ns3:hr>181</ns3:hr>
            <ns3:cad>88</ns3:cad>
          </ns3:TrackPointExtension>
        </extensions>
      </trkpt>
      <trkpt lat="30.32546290196478366851806640625" lon="120.0558627583086490631103515625">
        <ele>7.400000095367431640625</ele>
        <time>2026-08-16T13:14:31.000Z</time>
        <extensions>
          <ns3:TrackPointExtension>
            <ns3:hr>182</ns3:hr>
            <ns3:cad>88</ns3:cad>
          </ns3:TrackPointExtension>
        </extensions>
      </trkpt>
      <trkpt lat="30.32544462941586971282958984375" lon="120.05586921237409114837646484375">
        <ele>7.400000095367431640625</ele>
        <time>2026-08-16T13:14:32.000Z</time>
        <extensions>
          <ns3:TrackPointExtension>
            <ns3:hr>181</ns3:hr>
            <ns3:cad>87</ns3:cad>
          </ns3:TrackPointExtension>
        </extensions>
      </trkpt>
      <trkpt lat="30.325411856174468994140625" lon="120.055870302021503448486328125">
        <ele>7.599999904632568359375</ele>
        <time>2026-08-16T13:14:33.000Z</time>
        <extensions>
          <ns3:TrackPointExtension>
            <ns3:hr>181</ns3:hr>
            <ns3:cad>87</ns3:cad>
          </ns3:TrackPointExtension>
        </extensions>
      </trkpt>
      <trkpt lat="30.325393415987491607666015625" lon="120.0558748282492160797119140625">
        <ele>7.599999904632568359375</ele>
        <time>2026-08-16T13:14:34.000Z</time>
        <extensions>
          <ns3:TrackPointExtension>
            <ns3:hr>182</ns3:hr>
            <ns3:cad>87</ns3:cad>
          </ns3:TrackPointExtension>
        </extensions>
      </trkpt>
      <trkpt lat="30.32536667771637439727783203125" lon="120.0558744929730892181396484375">
        <ele>7.80000019073486328125</ele>
        <time>2026-08-16T13:14:35.000Z</time>
        <extensions>
          <ns3:TrackPointExtension>
            <ns3:hr>181</ns3:hr>
            <ns3:cad>87</ns3:cad>
          </ns3:TrackPointExtension>
        </extensions>
      </trkpt>
      <trkpt lat="30.3253442980349063873291015625" lon="120.05587440915405750274658203125">
        <ele>7.80000019073486328125</ele>
        <time>2026-08-16T13:14:36.000Z</time>
        <extensions>
          <ns3:TrackPointExtension>
            <ns3:hr>182</ns3:hr>
            <ns3:cad>86</ns3:cad>
          </ns3:TrackPointExtension>
        </extensions>
      </trkpt>
      <trkpt lat="30.32532091252505779266357421875" lon="120.05587600171566009521484375">
        <ele>7.80000019073486328125</ele>
        <time>2026-08-16T13:14:37.000Z</time>
        <extensions>
          <ns3:TrackPointExtension>
            <ns3:hr>182</ns3:hr>
            <ns3:cad>86</ns3:cad>
          </ns3:TrackPointExtension>
        </extensions>
      </trkpt>
      <trkpt lat="30.32529585063457489013671875" lon="120.05587424151599407196044921875">
        <ele>7.80000019073486328125</ele>
        <time>2026-08-16T13:14:38.000Z</time>
        <extensions>
          <ns3:TrackPointExtension>
            <ns3:hr>182</ns3:hr>
            <ns3:cad>86</ns3:cad>
          </ns3:TrackPointExtension>
        </extensions>
      </trkpt>
      <trkpt lat="30.32527782954275608062744140625" lon="120.0558718107640743255615234375">
        <ele>7.80000019073486328125</ele>
        <time>2026-08-16T13:14:39.000Z</time>
        <extensions>
          <ns3:TrackPointExtension>
            <ns3:hr>181</ns3:hr>
            <ns3:cad>87</ns3:cad>
          </ns3:TrackPointExtension>
        </extensions>
      </trkpt>
      <trkpt lat="30.32525486312806606292724609375" lon="120.0558697991073131561279296875">
        <ele>7.80000019073486328125</ele>
        <time>2026-08-16T13:14:40.000Z</time>
        <extensions>
          <ns3:TrackPointExtension>
            <ns3:hr>181</ns3:hr>
            <ns3:cad>87</ns3:cad>
          </ns3:TrackPointExtension>
        </extensions>
      </trkpt>
      <trkpt lat="30.32523089088499546051025390625" lon="120.0558694638311862945556640625">
        <ele>7.80000019073486328125</ele>
        <time>2026-08-16T13:14:41.000Z</time>
        <extensions>
          <ns3:TrackPointExtension>
            <ns3:hr>181</ns3:hr>
            <ns3:cad>87</ns3:cad>
          </ns3:TrackPointExtension>
        </extensions>
      </trkpt>
      <trkpt lat="30.32520557753741741180419921875" lon="120.05586552433669567108154296875">
        <ele>7.80000019073486328125</ele>
        <time>2026-08-16T13:14:42.000Z</time>
        <extensions>
          <ns3:TrackPointExtension>
            <ns3:hr>182</ns3:hr>
            <ns3:cad>87</ns3:cad>
          </ns3:TrackPointExtension>
        </extensions>
      </trkpt>
      <trkpt lat="30.32518160529434680938720703125" lon="120.05586753599345684051513671875">
        <ele>7.80000019073486328125</ele>
        <time>2026-08-16T13:14:43.000Z</time>
        <extensions>
          <ns3:TrackPointExtension>
            <ns3:hr>181</ns3:hr>
            <ns3:cad>87</ns3:cad>
          </ns3:TrackPointExtension>
        </extensions>
      </trkpt>
      <trkpt lat="30.325148664414882659912109375" lon="120.05588379688560962677001953125">
        <ele>7.80000019073486328125</ele>
        <time>2026-08-16T13:14:44.000Z</time>
        <extensions>
          <ns3:TrackPointExtension>
            <ns3:hr>182</ns3:hr>
            <ns3:cad>87</ns3:cad>
          </ns3:TrackPointExtension>
        </extensions>
      </trkpt>
      <trkpt lat="30.32512125559151172637939453125" lon="120.0558892451226711273193359375">
        <ele>7.80000019073486328125</ele>
        <time>2026-08-16T13:14:45.000Z</time>
        <extensions>
          <ns3:TrackPointExtension>
            <ns3:hr>182</ns3:hr>
            <ns3:cad>87</ns3:cad>
          </ns3:TrackPointExtension>
        </extensions>
      </trkpt>
      <trkpt lat="30.3250980377197265625" lon="120.05589100532233715057373046875">
        <ele>7.599999904632568359375</ele>
        <time>2026-08-16T13:14:46.000Z</time>
        <extensions>
          <ns3:TrackPointExtension>
            <ns3:hr>182</ns3:hr>
            <ns3:cad>87</ns3:cad>
          </ns3:TrackPointExtension>
        </extensions>
      </trkpt>
      <trkpt lat="30.32507314346730709075927734375" lon="120.05588547326624393463134765625">
        <ele>7.80000019073486328125</ele>
        <time>2026-08-16T13:14:47.000Z</time>
        <extensions>
          <ns3:TrackPointExtension>
            <ns3:hr>182</ns3:hr>
            <ns3:cad>87</ns3:cad>
          </ns3:TrackPointExtension>
        </extensions>
      </trkpt>
      <trkpt lat="30.3250516019761562347412109375" lon="120.055892765522003173828125">
        <ele>7.80000019073486328125</ele>
        <time>2026-08-16T13:14:48.000Z</time>
        <extensions>
          <ns3:TrackPointExtension>
            <ns3:hr>181</ns3:hr>
            <ns3:cad>86</ns3:cad>
          </ns3:TrackPointExtension>
        </extensions>
      </trkpt>
      <trkpt lat="30.32502436079084873199462890625" lon="120.05588941276073455810546875">
        <ele>7.80000019073486328125</ele>
        <time>2026-08-16T13:14:49.000Z</time>
        <extensions>
          <ns3:TrackPointExtension>
            <ns3:hr>181</ns3:hr>
            <ns3:cad>86</ns3:cad>
          </ns3:TrackPointExtension>
        </extensions>
      </trkpt>
      <trkpt lat="30.3250026516616344451904296875" lon="120.05589234642684459686279296875">
        <ele>7.80000019073486328125</ele>
        <time>2026-08-16T13:14:50.000Z</time>
        <extensions>
          <ns3:TrackPointExtension>
            <ns3:hr>181</ns3:hr>
            <ns3:cad>86</ns3:cad>
          </ns3:TrackPointExtension>
        </extensions>
      </trkpt>
      <trkpt lat="30.3249744884669780731201171875" lon="120.0558925978839397430419921875">
        <ele>8</ele>
        <time>2026-08-16T13:14:51.000Z</time>
        <extensions>
          <ns3:TrackPointExtension>
            <ns3:hr>182</ns3:hr>
            <ns3:cad>86</ns3:cad>
          </ns3:TrackPointExtension>
        </extensions>
      </trkpt>
      <trkpt lat="30.3249530307948589324951171875" lon="120.0558967888355255126953125">
        <ele>8</ele>
        <time>2026-08-16T13:14:52.000Z</time>
        <extensions>
          <ns3:TrackPointExtension>
            <ns3:hr>181</ns3:hr>
            <ns3:cad>86</ns3:cad>
          </ns3:TrackPointExtension>
        </extensions>
      </trkpt>
      <trkpt lat="30.32492260448634624481201171875" lon="120.05589553155004978179931640625">
        <ele>8</ele>
        <time>2026-08-16T13:14:53.000Z</time>
        <extensions>
          <ns3:TrackPointExtension>
            <ns3:hr>181</ns3:hr>
            <ns3:cad>87</ns3:cad>
          </ns3:TrackPointExtension>
        </extensions>
      </trkpt>
      <trkpt lat="30.324901901185512542724609375" lon="120.05589502863585948944091796875">
        <ele>8.19999980926513671875</ele>
        <time>2026-08-16T13:14:54.000Z</time>
        <extensions>
          <ns3:TrackPointExtension>
            <ns3:hr>182</ns3:hr>
            <ns3:cad>87</ns3:cad>
          </ns3:TrackPointExtension>
        </extensions>
      </trkpt>
      <trkpt lat="30.32487750984728336334228515625" lon="120.05589838139712810516357421875">
        <ele>8.19999980926513671875</ele>
        <time>2026-08-16T13:14:55.000Z</time>
        <extensions>
          <ns3:TrackPointExtension>
            <ns3:hr>181</ns3:hr>
            <ns3:cad>88</ns3:cad>
          </ns3:TrackPointExtension>
        </extensions>
      </trkpt>
      <trkpt lat="30.3248531185090541839599609375" lon="120.05589955486357212066650390625">
        <ele>8.3999996185302734375</ele>
        <time>2026-08-16T13:14:56.000Z</time>
        <extensions>
          <ns3:TrackPointExtension>
            <ns3:hr>181</ns3:hr>
            <ns3:cad>88</ns3:cad>
          </ns3:TrackPointExtension>
        </extensions>
      </trkpt>
      <trkpt lat="30.32483040355145931243896484375" lon="120.05590290762484073638916015625">
        <ele>8.3999996185302734375</ele>
        <time>2026-08-16T13:14:57.000Z</time>
        <extensions>
          <ns3:TrackPointExtension>
            <ns3:hr>181</ns3:hr>
            <ns3:cad>87</ns3:cad>
          </ns3:TrackPointExtension>
        </extensions>
      </trkpt>
      <trkpt lat="30.324804671108722686767578125" lon="120.05590290762484073638916015625">
        <ele>8.6000003814697265625</ele>
        <time>2026-08-16T13:14:58.000Z</time>
        <extensions>
          <ns3:TrackPointExtension>
            <ns3:hr>181</ns3:hr>
            <ns3:cad>87</ns3:cad>
          </ns3:TrackPointExtension>
        </extensions>
      </trkpt>
      <trkpt lat="30.3247827105224132537841796875" lon="120.0559083558619022369384765625">
        <ele>8.6000003814697265625</ele>
        <time>2026-08-16T13:14:59.000Z</time>
        <extensions>
          <ns3:TrackPointExtension>
            <ns3:hr>180</ns3:hr>
            <ns3:cad>87</ns3:cad>
          </ns3:TrackPointExtension>
        </extensions>
      </trkpt>
      <trkpt lat="30.3247560560703277587890625" lon="120.0559063442051410675048828125">
        <ele>8.3999996185302734375</ele>
        <time>2026-08-16T13:15:00.000Z</time>
        <extensions>
          <ns3:TrackPointExtension>
            <ns3:hr>180</ns3:hr>
            <ns3:cad>88</ns3:cad>
          </ns3:TrackPointExtension>
        </extensions>
      </trkpt>
      <trkpt lat="30.324733592569828033447265625" lon="120.0559100322425365447998046875">
        <ele>8.3999996185302734375</ele>
        <time>2026-08-16T13:15:01.000Z</time>
        <extensions>
          <ns3:TrackPointExtension>
            <ns3:hr>180</ns3:hr>
            <ns3:cad>88</ns3:cad>
          </ns3:TrackPointExtension>
        </extensions>
      </trkpt>
      <trkpt lat="30.32470333389937877655029296875" lon="120.05591087043285369873046875">
        <ele>8.19999980926513671875</ele>
        <time>2026-08-16T13:15:02.000Z</time>
        <extensions>
          <ns3:TrackPointExtension>
            <ns3:hr>180</ns3:hr>
            <ns3:cad>87</ns3:cad>
          </ns3:TrackPointExtension>
        </extensions>
      </trkpt>
      <trkpt lat="30.32467902638018131256103515625" lon="120.05591480992734432220458984375">
        <ele>8.19999980926513671875</ele>
        <time>2026-08-16T13:15:03.000Z</time>
        <extensions>
          <ns3:TrackPointExtension>
            <ns3:hr>181</ns3:hr>
            <ns3:cad>87</ns3:cad>
          </ns3:TrackPointExtension>
        </extensions>
      </trkpt>
      <trkpt lat="30.32464985735714435577392578125" lon="120.0559133850038051605224609375">
        <ele>8.19999980926513671875</ele>
        <time>2026-08-16T13:15:04.000Z</time>
        <extensions>
          <ns3:TrackPointExtension>
            <ns3:hr>181</ns3:hr>
            <ns3:cad>88</ns3:cad>
          </ns3:TrackPointExtension>
        </extensions>
      </trkpt>
      <trkpt lat="30.32462420873343944549560546875" lon="120.055914558470249176025390625">
        <ele>8.19999980926513671875</ele>
        <time>2026-08-16T13:15:05.000Z</time>
        <extensions>
          <ns3:TrackPointExtension>
            <ns3:hr>181</ns3:hr>
            <ns3:cad>88</ns3:cad>
          </ns3:TrackPointExtension>
        </extensions>
      </trkpt>
      <trkpt lat="30.324590764939785003662109375" lon="120.05591212771832942962646484375">
        <ele>8.3999996185302734375</ele>
        <time>2026-08-16T13:15:06.000Z</time>
        <extensions>
          <ns3:TrackPointExtension>
            <ns3:hr>182</ns3:hr>
            <ns3:cad>88</ns3:cad>
          </ns3:TrackPointExtension>
        </extensions>
      </trkpt>
      <trkpt lat="30.32456670887768268585205078125" lon="120.05591413937509059906005859375">
        <ele>8.3999996185302734375</ele>
        <time>2026-08-16T13:15:07.000Z</time>
        <extensions>
          <ns3:TrackPointExtension>
            <ns3:hr>182</ns3:hr>
            <ns3:cad>88</ns3:cad>
          </ns3:TrackPointExtension>
        </extensions>
      </trkpt>
      <trkpt lat="30.324535779654979705810546875" lon="120.0559133850038051605224609375">
        <ele>8.3999996185302734375</ele>
        <time>2026-08-16T13:15:08.000Z</time>
        <extensions>
          <ns3:TrackPointExtension>
            <ns3:hr>182</ns3:hr>
            <ns3:cad>88</ns3:cad>
          </ns3:TrackPointExtension>
        </extensions>
      </trkpt>
      <trkpt lat="30.32450853846967220306396484375" lon="120.05591732449829578399658203125">
        <ele>8.19999980926513671875</ele>
        <time>2026-08-16T13:15:09.000Z</time>
        <extensions>
          <ns3:TrackPointExtension>
            <ns3:hr>182</ns3:hr>
            <ns3:cad>88</ns3:cad>
          </ns3:TrackPointExtension>
        </extensions>
      </trkpt>
      <trkpt lat="30.3244772739708423614501953125" lon="120.0559187494218349456787109375">
        <ele>8.19999980926513671875</ele>
        <time>2026-08-16T13:15:10.000Z</time>
        <extensions>
          <ns3:TrackPointExtension>
            <ns3:hr>183</ns3:hr>
            <ns3:cad>88</ns3:cad>
          </ns3:TrackPointExtension>
        </extensions>
      </trkpt>
      <trkpt lat="30.32445355318486690521240234375" lon="120.0559221021831035614013671875">
        <ele>8</ele>
        <time>2026-08-16T13:15:11.000Z</time>
        <extensions>
          <ns3:TrackPointExtension>
            <ns3:hr>183</ns3:hr>
            <ns3:cad>88</ns3:cad>
          </ns3:TrackPointExtension>
        </extensions>
      </trkpt>
      <trkpt lat="30.32442438416182994842529296875" lon="120.0559231080114841461181640625">
        <ele>8</ele>
        <time>2026-08-16T13:15:12.000Z</time>
        <extensions>
          <ns3:TrackPointExtension>
            <ns3:hr>183</ns3:hr>
            <ns3:cad>88</ns3:cad>
          </ns3:TrackPointExtension>
        </extensions>
      </trkpt>
      <trkpt lat="30.3243994899094104766845703125" lon="120.05592403002083301544189453125">
        <ele>8</ele>
        <time>2026-08-16T13:15:13.000Z</time>
        <extensions>
          <ns3:TrackPointExtension>
            <ns3:hr>184</ns3:hr>
            <ns3:cad>88</ns3:cad>
          </ns3:TrackPointExtension>
        </extensions>
      </trkpt>
      <trkpt lat="30.32437291927635669708251953125" lon="120.05592687986791133880615234375">
        <ele>8.19999980926513671875</ele>
        <time>2026-08-16T13:15:14.000Z</time>
        <extensions>
          <ns3:TrackPointExtension>
            <ns3:hr>183</ns3:hr>
            <ns3:cad>88</ns3:cad>
          </ns3:TrackPointExtension>
        </extensions>
      </trkpt>
      <trkpt lat="30.32434609718620777130126953125" lon="120.05592704750597476959228515625">
        <ele>8.19999980926513671875</ele>
        <time>2026-08-16T13:15:15.000Z</time>
        <extensions>
          <ns3:TrackPointExtension>
            <ns3:hr>183</ns3:hr>
            <ns3:cad>88</ns3:cad>
          </ns3:TrackPointExtension>
        </extensions>
      </trkpt>
      <trkpt lat="30.32431826926767826080322265625" lon="120.0559308193624019622802734375">
        <ele>8.19999980926513671875</ele>
        <time>2026-08-16T13:15:16.000Z</time>
        <extensions>
          <ns3:TrackPointExtension>
            <ns3:hr>183</ns3:hr>
            <ns3:cad>87</ns3:cad>
          </ns3:TrackPointExtension>
        </extensions>
      </trkpt>
      <trkpt lat="30.32428759150207042694091796875" lon="120.055931992828845977783203125">
        <ele>8.19999980926513671875</ele>
        <time>2026-08-16T13:15:17.000Z</time>
        <extensions>
          <ns3:TrackPointExtension>
            <ns3:hr>183</ns3:hr>
            <ns3:cad>88</ns3:cad>
          </ns3:TrackPointExtension>
        </extensions>
      </trkpt>
      <trkpt lat="30.32426412217319011688232421875" lon="120.05593576468527317047119140625">
        <ele>8.19999980926513671875</ele>
        <time>2026-08-16T13:15:18.000Z</time>
        <extensions>
          <ns3:TrackPointExtension>
            <ns3:hr>183</ns3:hr>
            <ns3:cad>87</ns3:cad>
          </ns3:TrackPointExtension>
        </extensions>
      </trkpt>
      <trkpt lat="30.3242331929504871368408203125" lon="120.0559397041797637939453125">
        <ele>8.19999980926513671875</ele>
        <time>2026-08-16T13:15:19.000Z</time>
        <extensions>
          <ns3:TrackPointExtension>
            <ns3:hr>184</ns3:hr>
            <ns3:cad>87</ns3:cad>
          </ns3:TrackPointExtension>
        </extensions>
      </trkpt>
      <trkpt lat="30.32421089708805084228515625" lon="120.05595219321548938751220703125">
        <ele>8.19999980926513671875</ele>
        <time>2026-08-16T13:15:20.000Z</time>
        <extensions>
          <ns3:TrackPointExtension>
            <ns3:hr>183</ns3:hr>
            <ns3:cad>87</ns3:cad>
          </ns3:TrackPointExtension>
        </extensions>
      </trkpt>
      <trkpt lat="30.32418181188404560089111328125" lon="120.055952779948711395263671875">
        <ele>8.19999980926513671875</ele>
        <time>2026-08-16T13:15:21.000Z</time>
        <extensions>
          <ns3:TrackPointExtension>
            <ns3:hr>183</ns3:hr>
            <ns3:cad>87</ns3:cad>
          </ns3:TrackPointExtension>
        </extensions>
      </trkpt>
      <trkpt lat="30.3241567499935626983642578125" lon="120.055944062769412994384765625">
        <ele>8.19999980926513671875</ele>
        <time>2026-08-16T13:15:22.000Z</time>
        <extensions>
          <ns3:TrackPointExtension>
            <ns3:hr>183</ns3:hr>
            <ns3:cad>86</ns3:cad>
          </ns3:TrackPointExtension>
        </extensions>
      </trkpt>
      <trkpt lat="30.32414057292044162750244140625" lon="120.05595219321548938751220703125">
        <ele>8.19999980926513671875</ele>
        <time>2026-08-16T13:15:23.000Z</time>
        <extensions>
          <ns3:TrackPointExtension>
            <ns3:hr>183</ns3:hr>
            <ns3:cad>86</ns3:cad>
          </ns3:TrackPointExtension>
        </extensions>
      </trkpt>
      <trkpt lat="30.3241289220750331878662109375" lon="120.05593878217041492462158203125">
        <ele>8</ele>
        <time>2026-08-16T13:15:24.000Z</time>
        <extensions>
          <ns3:TrackPointExtension>
            <ns3:hr>183</ns3:hr>
            <ns3:cad>86</ns3:cad>
          </ns3:TrackPointExtension>
        </extensions>
      </trkpt>
      <trkpt lat="30.32412498258054256439208984375" lon="120.0559150613844394683837890625">
        <ele>8</ele>
        <time>2026-08-16T13:15:25.000Z</time>
        <extensions>
          <ns3:TrackPointExtension>
            <ns3:hr>183</ns3:hr>
            <ns3:cad>86</ns3:cad>
          </ns3:TrackPointExtension>
        </extensions>
      </trkpt>
      <trkpt lat="30.32411576248705387115478515625" lon="120.0558875687420368194580078125">
        <ele>8</ele>
        <time>2026-08-16T13:15:26.000Z</time>
        <extensions>
          <ns3:TrackPointExtension>
            <ns3:hr>183</ns3:hr>
            <ns3:cad>86</ns3:cad>
          </ns3:TrackPointExtension>
        </extensions>
      </trkpt>
      <trkpt lat="30.324113667011260986328125" lon="120.0558565557003021240234375">
        <ele>7.80000019073486328125</ele>
        <time>2026-08-16T13:15:27.000Z</time>
        <extensions>
          <ns3:TrackPointExtension>
            <ns3:hr>183</ns3:hr>
            <ns3:cad>85</ns3:cad>
          </ns3:TrackPointExtension>
        </extensions>
      </trkpt>
      <trkpt lat="30.32410486601293087005615234375" lon="120.05582931451499462127685546875">
        <ele>7.80000019073486328125</ele>
        <time>2026-08-16T13:15:28.000Z</time>
        <extensions>
          <ns3:TrackPointExtension>
            <ns3:hr>183</ns3:hr>
            <ns3:cad>83</ns3:cad>
          </ns3:TrackPointExtension>
        </extensions>
      </trkpt>
      <trkpt lat="30.324100591242313385009765625" lon="120.05579763092100620269775390625">
        <ele>7.80000019073486328125</ele>
        <time>2026-08-16T13:15:29.000Z</time>
        <extensions>
          <ns3:TrackPointExtension>
            <ns3:hr>183</ns3:hr>
            <ns3:cad>83</ns3:cad>
          </ns3:TrackPointExtension>
        </extensions>
      </trkpt>
      <trkpt lat="30.32409363426268100738525390625" lon="120.05577399395406246185302734375">
        <ele>7.80000019073486328125</ele>
        <time>2026-08-16T13:15:30.000Z</time>
        <extensions>
          <ns3:TrackPointExtension>
            <ns3:hr>183</ns3:hr>
            <ns3:cad>83</ns3:cad>
          </ns3:TrackPointExtension>
        </extensions>
      </trkpt>
      <trkpt lat="30.32409028150141239166259765625" lon="120.05573929287493228912353515625">
        <ele>7.80000019073486328125</ele>
        <time>2026-08-16T13:15:31.000Z</time>
        <extensions>
          <ns3:TrackPointExtension>
            <ns3:hr>182</ns3:hr>
            <ns3:cad>84</ns3:cad>
          </ns3:TrackPointExtension>
        </extensions>
      </trkpt>
      <trkpt lat="30.32408424653112888336181640625" lon="120.05571506917476654052734375">
        <ele>7.80000019073486328125</ele>
        <time>2026-08-16T13:15:32.000Z</time>
        <extensions>
          <ns3:TrackPointExtension>
            <ns3:hr>182</ns3:hr>
            <ns3:cad>87</ns3:cad>
          </ns3:TrackPointExtension>
        </extensions>
      </trkpt>
      <trkpt lat="30.32407921738922595977783203125" lon="120.05567944608628749847412109375">
        <ele>7.80000019073486328125</ele>
        <time>2026-08-16T13:15:33.000Z</time>
        <extensions>
          <ns3:TrackPointExtension>
            <ns3:hr>181</ns3:hr>
            <ns3:cad>87</ns3:cad>
          </ns3:TrackPointExtension>
        </extensions>
      </trkpt>
      <trkpt lat="30.32407167367637157440185546875" lon="120.0556532107293605804443359375">
        <ele>7.599999904632568359375</ele>
        <time>2026-08-16T13:15:34.000Z</time>
        <extensions>
          <ns3:TrackPointExtension>
            <ns3:hr>181</ns3:hr>
            <ns3:cad>87</ns3:cad>
          </ns3:TrackPointExtension>
        </extensions>
      </trkpt>
      <trkpt lat="30.3240679018199443817138671875" lon="120.055622868239879608154296875">
        <ele>7.599999904632568359375</ele>
        <time>2026-08-16T13:15:35.000Z</time>
        <extensions>
          <ns3:TrackPointExtension>
            <ns3:hr>180</ns3:hr>
            <ns3:cad>86</ns3:cad>
          </ns3:TrackPointExtension>
        </extensions>
      </trkpt>
      <trkpt lat="30.32406530342996120452880859375" lon="120.0555982254445552825927734375">
        <ele>7.599999904632568359375</ele>
        <time>2026-08-16T13:15:36.000Z</time>
        <extensions>
          <ns3:TrackPointExtension>
            <ns3:hr>181</ns3:hr>
            <ns3:cad>87</ns3:cad>
          </ns3:TrackPointExtension>
        </extensions>
      </trkpt>
      <trkpt lat="30.3240622021257877349853515625" lon="120.0555710680782794952392578125">
        <ele>7.599999904632568359375</ele>
        <time>2026-08-16T13:15:37.000Z</time>
        <extensions>
          <ns3:TrackPointExtension>
            <ns3:hr>181</ns3:hr>
            <ns3:cad>87</ns3:cad>
          </ns3:TrackPointExtension>
        </extensions>
      </trkpt>
      <trkpt lat="30.3240588493645191192626953125" lon="120.0555405579507350921630859375">
        <ele>7.599999904632568359375</ele>
        <time>2026-08-16T13:15:38.000Z</time>
        <extensions>
          <ns3:TrackPointExtension>
            <ns3:hr>181</ns3:hr>
            <ns3:cad>88</ns3:cad>
          </ns3:TrackPointExtension>
        </extensions>
      </trkpt>
      <trkpt lat="30.32405222766101360321044921875" lon="120.05551449023187160491943359375">
        <ele>7.599999904632568359375</ele>
        <time>2026-08-16T13:15:39.000Z</time>
        <extensions>
          <ns3:TrackPointExtension>
            <ns3:hr>181</ns3:hr>
            <ns3:cad>87</ns3:cad>
          </ns3:TrackPointExtension>
        </extensions>
      </trkpt>
      <trkpt lat="30.32405021600425243377685546875" lon="120.05548247136175632476806640625">
        <ele>7.599999904632568359375</ele>
        <time>2026-08-16T13:15:40.000Z</time>
        <extensions>
          <ns3:TrackPointExtension>
            <ns3:hr>181</ns3:hr>
            <ns3:cad>87</ns3:cad>
          </ns3:TrackPointExtension>
        </extensions>
      </trkpt>
      <trkpt lat="30.32404116354882717132568359375" lon="120.05546000786125659942626953125">
        <ele>7.400000095367431640625</ele>
        <time>2026-08-16T13:15:41.000Z</time>
        <extensions>
          <ns3:TrackPointExtension>
            <ns3:hr>181</ns3:hr>
            <ns3:cad>87</ns3:cad>
          </ns3:TrackPointExtension>
        </extensions>
      </trkpt>
      <trkpt lat="30.3240394033491611480712890625" lon="120.05542782135307788848876953125">
        <ele>7.400000095367431640625</ele>
        <time>2026-08-16T13:15:42.000Z</time>
        <extensions>
          <ns3:TrackPointExtension>
            <ns3:hr>180</ns3:hr>
            <ns3:cad>87</ns3:cad>
          </ns3:TrackPointExtension>
        </extensions>
      </trkpt>
      <trkpt lat="30.32403546385467052459716796875" lon="120.05540401674807071685791015625">
        <ele>7.400000095367431640625</ele>
        <time>2026-08-16T13:15:43.000Z</time>
        <extensions>
          <ns3:TrackPointExtension>
            <ns3:hr>180</ns3:hr>
            <ns3:cad>86</ns3:cad>
          </ns3:TrackPointExtension>
        </extensions>
      </trkpt>
      <trkpt lat="30.3240318596363067626953125" lon="120.0553766079246997833251953125">
        <ele>7.400000095367431640625</ele>
        <time>2026-08-16T13:15:44.000Z</time>
        <extensions>
          <ns3:TrackPointExtension>
            <ns3:hr>180</ns3:hr>
            <ns3:cad>86</ns3:cad>
          </ns3:TrackPointExtension>
        </extensions>
      </trkpt>
      <trkpt lat="30.324029512703418731689453125" lon="120.0553471036255359649658203125">
        <ele>7.400000095367431640625</ele>
        <time>2026-08-16T13:15:45.000Z</time>
        <extensions>
          <ns3:TrackPointExtension>
            <ns3:hr>180</ns3:hr>
            <ns3:cad>86</ns3:cad>
          </ns3:TrackPointExtension>
        </extensions>
      </trkpt>
      <trkpt lat="30.324024818837642669677734375" lon="120.05532103590667247772216796875">
        <ele>7.400000095367431640625</ele>
        <time>2026-08-16T13:15:46.000Z</time>
        <extensions>
          <ns3:TrackPointExtension>
            <ns3:hr>180</ns3:hr>
            <ns3:cad>86</ns3:cad>
          </ns3:TrackPointExtension>
        </extensions>
      </trkpt>
      <trkpt lat="30.324020795524120330810546875" lon="120.05529002286493778228759765625">
        <ele>7.400000095367431640625</ele>
        <time>2026-08-16T13:15:47.000Z</time>
        <extensions>
          <ns3:TrackPointExtension>
            <ns3:hr>180</ns3:hr>
            <ns3:cad>86</ns3:cad>
          </ns3:TrackPointExtension>
        </extensions>
      </trkpt>
      <trkpt lat="30.3240132518112659454345703125" lon="120.0552619434893131256103515625">
        <ele>7.400000095367431640625</ele>
        <time>2026-08-16T13:15:48.000Z</time>
        <extensions>
          <ns3:TrackPointExtension>
            <ns3:hr>180</ns3:hr>
            <ns3:cad>87</ns3:cad>
          </ns3:TrackPointExtension>
        </extensions>
      </trkpt>
      <trkpt lat="30.3240062110126018524169921875" lon="120.05523336119949817657470703125">
        <ele>7.400000095367431640625</ele>
        <time>2026-08-16T13:15:49.000Z</time>
        <extensions>
          <ns3:TrackPointExtension>
            <ns3:hr>180</ns3:hr>
            <ns3:cad>87</ns3:cad>
          </ns3:TrackPointExtension>
        </extensions>
      </trkpt>
      <trkpt lat="30.3239998407661914825439453125" lon="120.055208466947078704833984375">
        <ele>7.400000095367431640625</ele>
        <time>2026-08-16T13:15:50.000Z</time>
        <extensions>
          <ns3:TrackPointExtension>
            <ns3:hr>180</ns3:hr>
            <ns3:cad>87</ns3:cad>
          </ns3:TrackPointExtension>
        </extensions>
      </trkpt>
      <trkpt lat="30.32399103976786136627197265625" lon="120.055172257125377655029296875">
        <ele>7.400000095367431640625</ele>
        <time>2026-08-16T13:15:51.000Z</time>
        <extensions>
          <ns3:TrackPointExtension>
            <ns3:hr>179</ns3:hr>
            <ns3:cad>86</ns3:cad>
          </ns3:TrackPointExtension>
        </extensions>
      </trkpt>
      <trkpt lat="30.3239897824823856353759765625" lon="120.05514920689165592193603515625">
        <ele>7.400000095367431640625</ele>
        <time>2026-08-16T13:15:52.000Z</time>
        <extensions>
          <ns3:TrackPointExtension>
            <ns3:hr>180</ns3:hr>
            <ns3:cad>87</ns3:cad>
          </ns3:TrackPointExtension>
        </extensions>
      </trkpt>
      <trkpt lat="30.32398165203630924224853515625" lon="120.05511693656444549560546875">
        <ele>7.400000095367431640625</ele>
        <time>2026-08-16T13:15:53.000Z</time>
        <extensions>
          <ns3:TrackPointExtension>
            <ns3:hr>180</ns3:hr>
            <ns3:cad>87</ns3:cad>
          </ns3:TrackPointExtension>
        </extensions>
      </trkpt>
      <trkpt lat="30.3239783830940723419189453125" lon="120.05509053356945514678955078125">
        <ele>7.400000095367431640625</ele>
        <time>2026-08-16T13:15:54.000Z</time>
        <extensions>
          <ns3:TrackPointExtension>
            <ns3:hr>179</ns3:hr>
            <ns3:cad>87</ns3:cad>
          </ns3:TrackPointExtension>
        </extensions>
      </trkpt>
      <trkpt lat="30.32397293485701084136962890625" lon="120.0550674833357334136962890625">
        <ele>7.599999904632568359375</ele>
        <time>2026-08-16T13:15:55.000Z</time>
        <extensions>
          <ns3:TrackPointExtension>
            <ns3:hr>179</ns3:hr>
            <ns3:cad>87</ns3:cad>
          </ns3:TrackPointExtension>
        </extensions>
      </trkpt>
      <trkpt lat="30.32396857626736164093017578125" lon="120.055042169988155364990234375">
        <ele>7.599999904632568359375</ele>
        <time>2026-08-16T13:15:56.000Z</time>
        <extensions>
          <ns3:TrackPointExtension>
            <ns3:hr>178</ns3:hr>
            <ns3:cad>87</ns3:cad>
          </ns3:TrackPointExtension>
        </extensions>
      </trkpt>
      <trkpt lat="30.3239653073251247406005859375" lon="120.05502716638147830963134765625">
        <ele>7.599999904632568359375</ele>
        <time>2026-08-16T13:15:57.000Z</time>
        <extensions>
          <ns3:TrackPointExtension>
            <ns3:hr>178</ns3:hr>
            <ns3:cad>87</ns3:cad>
          </ns3:TrackPointExtension>
        </extensions>
      </trkpt>
      <trkpt lat="30.32396203838288784027099609375" lon="120.0549997575581073760986328125">
        <ele>7.400000095367431640625</ele>
        <time>2026-08-16T13:15:58.000Z</time>
        <extensions>
          <ns3:TrackPointExtension>
            <ns3:hr>176</ns3:hr>
            <ns3:cad>87</ns3:cad>
          </ns3:TrackPointExtension>
        </extensions>
      </trkpt>
      <trkpt lat="30.323955081403255462646484375" lon="120.05498148500919342041015625">
        <ele>7.400000095367431640625</ele>
        <time>2026-08-16T13:15:59.000Z</time>
        <extensions>
          <ns3:TrackPointExtension>
            <ns3:hr>175</ns3:hr>
            <ns3:cad>87</ns3:cad>
          </ns3:TrackPointExtension>
        </extensions>
      </trkpt>
      <trkpt lat="30.32395198009908199310302734375" lon="120.054946951568126678466796875">
        <ele>7.400000095367431640625</ele>
        <time>2026-08-16T13:16:00.000Z</time>
        <extensions>
          <ns3:TrackPointExtension>
            <ns3:hr>174</ns3:hr>
            <ns3:cad>87</ns3:cad>
          </ns3:TrackPointExtension>
        </extensions>
      </trkpt>
      <trkpt lat="30.3239451907575130462646484375" lon="120.0549270026385784149169921875">
        <ele>7.400000095367431640625</ele>
        <time>2026-08-16T13:16:01.000Z</time>
        <extensions>
          <ns3:TrackPointExtension>
            <ns3:hr>174</ns3:hr>
            <ns3:cad>87</ns3:cad>
          </ns3:TrackPointExtension>
        </extensions>
      </trkpt>
      <trkpt lat="30.3239406645298004150390625" lon="120.054887272417545318603515625">
        <ele>7.400000095367431640625</ele>
        <time>2026-08-16T13:16:02.000Z</time>
        <extensions>
          <ns3:TrackPointExtension>
            <ns3:hr>174</ns3:hr>
            <ns3:cad>88</ns3:cad>
          </ns3:TrackPointExtension>
        </extensions>
      </trkpt>
      <trkpt lat="30.32393504865467548370361328125" lon="120.05486019887030124664306640625">
        <ele>7.400000095367431640625</ele>
        <time>2026-08-16T13:16:03.000Z</time>
        <extensions>
          <ns3:TrackPointExtension>
            <ns3:hr>174</ns3:hr>
            <ns3:cad>88</ns3:cad>
          </ns3:TrackPointExtension>
        </extensions>
      </trkpt>
      <trkpt lat="30.323932953178882598876953125" lon="120.0548307783901691436767578125">
        <ele>7.400000095367431640625</ele>
        <time>2026-08-16T13:16:04.000Z</time>
        <extensions>
          <ns3:TrackPointExtension>
            <ns3:hr>175</ns3:hr>
            <ns3:cad>88</ns3:cad>
          </ns3:TrackPointExtension>
        </extensions>
      </trkpt>
      <trkpt lat="30.32392733730375766754150390625" lon="120.05480169318616390228271484375">
        <ele>7.400000095367431640625</ele>
        <time>2026-08-16T13:16:05.000Z</time>
        <extensions>
          <ns3:TrackPointExtension>
            <ns3:hr>175</ns3:hr>
            <ns3:cad>87</ns3:cad>
          </ns3:TrackPointExtension>
        </extensions>
      </trkpt>
      <trkpt lat="30.32392658293247222900390625" lon="120.05477587692439556121826171875">
        <ele>7.400000095367431640625</ele>
        <time>2026-08-16T13:16:06.000Z</time>
        <extensions>
          <ns3:TrackPointExtension>
            <ns3:hr>175</ns3:hr>
            <ns3:cad>87</ns3:cad>
          </ns3:TrackPointExtension>
        </extensions>
      </trkpt>
      <trkpt lat="30.323922224342823028564453125" lon="120.05474871955811977386474609375">
        <ele>7.19999980926513671875</ele>
        <time>2026-08-16T13:16:07.000Z</time>
        <extensions>
          <ns3:TrackPointExtension>
            <ns3:hr>175</ns3:hr>
            <ns3:cad>87</ns3:cad>
          </ns3:TrackPointExtension>
        </extensions>
      </trkpt>
      <trkpt lat="30.32391778193414211273193359375" lon="120.05471887998282909393310546875">
        <ele>7.19999980926513671875</ele>
        <time>2026-08-16T13:16:08.000Z</time>
        <extensions>
          <ns3:TrackPointExtension>
            <ns3:hr>175</ns3:hr>
            <ns3:cad>87</ns3:cad>
          </ns3:TrackPointExtension>
        </extensions>
      </trkpt>
      <trkpt lat="30.323914177715778350830078125" lon="120.05468568764626979827880859375">
        <ele>7.400000095367431640625</ele>
        <time>2026-08-16T13:16:09.000Z</time>
        <extensions>
          <ns3:TrackPointExtension>
            <ns3:hr>175</ns3:hr>
            <ns3:cad>87</ns3:cad>
          </ns3:TrackPointExtension>
        </extensions>
      </trkpt>
      <trkpt lat="30.32390805892646312713623046875" lon="120.0546587817370891571044921875">
        <ele>7.400000095367431640625</ele>
        <time>2026-08-16T13:16:10.000Z</time>
        <extensions>
          <ns3:TrackPointExtension>
            <ns3:hr>175</ns3:hr>
            <ns3:cad>87</ns3:cad>
          </ns3:TrackPointExtension>
        </extensions>
      </trkpt>
      <trkpt lat="30.3239049576222896575927734375" lon="120.054625757038593292236328125">
        <ele>7.400000095367431640625</ele>
        <time>2026-08-16T13:16:11.000Z</time>
        <extensions>
          <ns3:TrackPointExtension>
            <ns3:hr>175</ns3:hr>
            <ns3:cad>87</ns3:cad>
          </ns3:TrackPointExtension>
        </extensions>
      </trkpt>
      <trkpt lat="30.3238959051668643951416015625" lon="120.0545994378626346588134765625">
        <ele>7.400000095367431640625</ele>
        <time>2026-08-16T13:16:12.000Z</time>
        <extensions>
          <ns3:TrackPointExtension>
            <ns3:hr>175</ns3:hr>
            <ns3:cad>87</ns3:cad>
          </ns3:TrackPointExtension>
        </extensions>
      </trkpt>
      <trkpt lat="30.32389112748205661773681640625" lon="120.0545655749738216400146484375">
        <ele>7.400000095367431640625</ele>
        <time>2026-08-16T13:16:13.000Z</time>
        <extensions>
          <ns3:TrackPointExtension>
            <ns3:hr>174</ns3:hr>
            <ns3:cad>87</ns3:cad>
          </ns3:TrackPointExtension>
        </extensions>
      </trkpt>
      <trkpt lat="30.32388593070209026336669921875" lon="120.05453581921756267547607421875">
        <ele>7.400000095367431640625</ele>
        <time>2026-08-16T13:16:14.000Z</time>
        <extensions>
          <ns3:TrackPointExtension>
            <ns3:hr>175</ns3:hr>
            <ns3:cad>86</ns3:cad>
          </ns3:TrackPointExtension>
        </extensions>
      </trkpt>
      <trkpt lat="30.3238818235695362091064453125" lon="120.054505057632923126220703125">
        <ele>7.400000095367431640625</ele>
        <time>2026-08-16T13:16:15.000Z</time>
        <extensions>
          <ns3:TrackPointExtension>
            <ns3:hr>175</ns3:hr>
            <ns3:cad>86</ns3:cad>
          </ns3:TrackPointExtension>
        </extensions>
      </trkpt>
      <trkpt lat="30.32387654297053813934326171875" lon="120.05447479896247386932373046875">
        <ele>7.400000095367431640625</ele>
        <time>2026-08-16T13:16:16.000Z</time>
        <extensions>
          <ns3:TrackPointExtension>
            <ns3:hr>175</ns3:hr>
            <ns3:cad>86</ns3:cad>
          </ns3:TrackPointExtension>
        </extensions>
      </trkpt>
      <trkpt lat="30.32386958599090576171875" lon="120.0544475577771663665771484375">
        <ele>7.400000095367431640625</ele>
        <time>2026-08-16T13:16:17.000Z</time>
        <extensions>
          <ns3:TrackPointExtension>
            <ns3:hr>176</ns3:hr>
            <ns3:cad>86</ns3:cad>
          </ns3:TrackPointExtension>
        </extensions>
      </trkpt>
      <trkpt lat="30.3238660655915737152099609375" lon="120.05441562272608280181884765625">
        <ele>7.400000095367431640625</ele>
        <time>2026-08-16T13:16:18.000Z</time>
        <extensions>
          <ns3:TrackPointExtension>
            <ns3:hr>177</ns3:hr>
            <ns3:cad>86</ns3:cad>
          </ns3:TrackPointExtension>
        </extensions>
      </trkpt>
      <trkpt lat="30.3238563425838947296142578125" lon="120.05438947118818759918212890625">
        <ele>7.400000095367431640625</ele>
        <time>2026-08-16T13:16:19.000Z</time>
        <extensions>
          <ns3:TrackPointExtension>
            <ns3:hr>178</ns3:hr>
            <ns3:cad>86</ns3:cad>
          </ns3:TrackPointExtension>
        </extensions>
      </trkpt>
      <trkpt lat="30.32385273836553096771240234375" lon="120.0543570332229137420654296875">
        <ele>7.400000095367431640625</ele>
        <time>2026-08-16T13:16:20.000Z</time>
        <extensions>
          <ns3:TrackPointExtension>
            <ns3:hr>181</ns3:hr>
            <ns3:cad>86</ns3:cad>
          </ns3:TrackPointExtension>
        </extensions>
      </trkpt>
      <trkpt lat="30.32384603284299373626708984375" lon="120.05432861857116222381591796875">
        <ele>7.400000095367431640625</ele>
        <time>2026-08-16T13:16:21.000Z</time>
        <extensions>
          <ns3:TrackPointExtension>
            <ns3:hr>181</ns3:hr>
            <ns3:cad>86</ns3:cad>
          </ns3:TrackPointExtension>
        </extensions>
      </trkpt>
      <trkpt lat="30.32384117133915424346923828125" lon="120.05429693497717380523681640625">
        <ele>7.400000095367431640625</ele>
        <time>2026-08-16T13:16:22.000Z</time>
        <extensions>
          <ns3:TrackPointExtension>
            <ns3:hr>182</ns3:hr>
            <ns3:cad>86</ns3:cad>
          </ns3:TrackPointExtension>
        </extensions>
      </trkpt>
      <trkpt lat="30.32383614219725131988525390625" lon="120.05426843650639057159423828125">
        <ele>7.400000095367431640625</ele>
        <time>2026-08-16T13:16:23.000Z</time>
        <extensions>
          <ns3:TrackPointExtension>
            <ns3:hr>182</ns3:hr>
            <ns3:cad>86</ns3:cad>
          </ns3:TrackPointExtension>
        </extensions>
      </trkpt>
      <trkpt lat="30.3238311968743801116943359375" lon="120.05423859693109989166259765625">
        <ele>7.400000095367431640625</ele>
        <time>2026-08-16T13:16:24.000Z</time>
        <extensions>
          <ns3:TrackPointExtension>
            <ns3:hr>183</ns3:hr>
            <ns3:cad>86</ns3:cad>
          </ns3:TrackPointExtension>
        </extensions>
      </trkpt>
      <trkpt lat="30.32382843084633350372314453125" lon="120.0542071647942066192626953125">
        <ele>7.599999904632568359375</ele>
        <time>2026-08-16T13:16:25.000Z</time>
        <extensions>
          <ns3:TrackPointExtension>
            <ns3:hr>183</ns3:hr>
            <ns3:cad>86</ns3:cad>
          </ns3:TrackPointExtension>
        </extensions>
      </trkpt>
      <trkpt lat="30.323821641504764556884765625" lon="120.054179839789867401123046875">
        <ele>7.599999904632568359375</ele>
        <time>2026-08-16T13:16:26.000Z</time>
        <extensions>
          <ns3:TrackPointExtension>
            <ns3:hr>183</ns3:hr>
            <ns3:cad>87</ns3:cad>
          </ns3:TrackPointExtension>
        </extensions>
      </trkpt>
      <trkpt lat="30.32381770201027393341064453125" lon="120.05414622835814952850341796875">
        <ele>7.599999904632568359375</ele>
        <time>2026-08-16T13:16:27.000Z</time>
        <extensions>
          <ns3:TrackPointExtension>
            <ns3:hr>183</ns3:hr>
            <ns3:cad>87</ns3:cad>
          </ns3:TrackPointExtension>
        </extensions>
      </trkpt>
      <trkpt lat="30.3238090686500072479248046875" lon="120.05411840043962001800537109375">
        <ele>7.599999904632568359375</ele>
        <time>2026-08-16T13:16:28.000Z</time>
        <extensions>
          <ns3:TrackPointExtension>
            <ns3:hr>183</ns3:hr>
            <ns3:cad>87</ns3:cad>
          </ns3:TrackPointExtension>
        </extensions>
      </trkpt>
      <trkpt lat="30.32380730845034122467041015625" lon="120.0540857948362827301025390625">
        <ele>7.599999904632568359375</ele>
        <time>2026-08-16T13:16:29.000Z</time>
        <extensions>
          <ns3:TrackPointExtension>
            <ns3:hr>183</ns3:hr>
            <ns3:cad>87</ns3:cad>
          </ns3:TrackPointExtension>
        </extensions>
      </trkpt>
      <trkpt lat="30.3238037042319774627685546875" lon="120.0540532730519771575927734375">
        <ele>7.599999904632568359375</ele>
        <time>2026-08-16T13:16:30.000Z</time>
        <extensions>
          <ns3:TrackPointExtension>
            <ns3:hr>183</ns3:hr>
            <ns3:cad>87</ns3:cad>
          </ns3:TrackPointExtension>
        </extensions>
      </trkpt>
      <trkpt lat="30.32379490323364734649658203125" lon="120.0540257804095745086669921875">
        <ele>7.80000019073486328125</ele>
        <time>2026-08-16T13:16:31.000Z</time>
        <extensions>
          <ns3:TrackPointExtension>
            <ns3:hr>183</ns3:hr>
            <ns3:cad>87</ns3:cad>
          </ns3:TrackPointExtension>
        </extensions>
      </trkpt>
      <trkpt lat="30.323789119720458984375" lon="120.053999461233615875244140625">
        <ele>7.80000019073486328125</ele>
        <time>2026-08-16T13:16:32.000Z</time>
        <extensions>
          <ns3:TrackPointExtension>
            <ns3:hr>183</ns3:hr>
            <ns3:cad>87</ns3:cad>
          </ns3:TrackPointExtension>
        </extensions>
      </trkpt>
      <trkpt lat="30.323782078921794891357421875" lon="120.0539664365351200103759765625">
        <ele>7.80000019073486328125</ele>
        <time>2026-08-16T13:16:33.000Z</time>
        <extensions>
          <ns3:TrackPointExtension>
            <ns3:hr>183</ns3:hr>
            <ns3:cad>87</ns3:cad>
          </ns3:TrackPointExtension>
        </extensions>
      </trkpt>
      <trkpt lat="30.32377562485635280609130859375" lon="120.05393399856984615325927734375">
        <ele>8</ele>
        <time>2026-08-16T13:16:34.000Z</time>
        <extensions>
          <ns3:TrackPointExtension>
            <ns3:hr>183</ns3:hr>
            <ns3:cad>86</ns3:cad>
          </ns3:TrackPointExtension>
        </extensions>
      </trkpt>
      <trkpt lat="30.32376674003899097442626953125" lon="120.0539034046232700347900390625">
        <ele>8</ele>
        <time>2026-08-16T13:16:35.000Z</time>
        <extensions>
          <ns3:TrackPointExtension>
            <ns3:hr>183</ns3:hr>
            <ns3:cad>86</ns3:cad>
          </ns3:TrackPointExtension>
        </extensions>
      </trkpt>
      <trkpt lat="30.32376271672546863555908203125" lon="120.05387364886701107025146484375">
        <ele>8</ele>
        <time>2026-08-16T13:16:36.000Z</time>
        <extensions>
          <ns3:TrackPointExtension>
            <ns3:hr>183</ns3:hr>
            <ns3:cad>87</ns3:cad>
          </ns3:TrackPointExtension>
        </extensions>
      </trkpt>
      <trkpt lat="30.3237555921077728271484375" lon="120.0538460724055767059326171875">
        <ele>8.19999980926513671875</ele>
        <time>2026-08-16T13:16:37.000Z</time>
        <extensions>
          <ns3:TrackPointExtension>
            <ns3:hr>184</ns3:hr>
            <ns3:cad>87</ns3:cad>
          </ns3:TrackPointExtension>
        </extensions>
      </trkpt>
      <trkpt lat="30.3237510658800601959228515625" lon="120.05381413735449314117431640625">
        <ele>8.19999980926513671875</ele>
        <time>2026-08-16T13:16:38.000Z</time>
        <extensions>
          <ns3:TrackPointExtension>
            <ns3:hr>183</ns3:hr>
            <ns3:cad>87</ns3:cad>
          </ns3:TrackPointExtension>
        </extensions>
      </trkpt>
      <trkpt lat="30.32374226488173007965087890625" lon="120.05378656089305877685546875">
        <ele>8.3999996185302734375</ele>
        <time>2026-08-16T13:16:39.000Z</time>
        <extensions>
          <ns3:TrackPointExtension>
            <ns3:hr>183</ns3:hr>
            <ns3:cad>88</ns3:cad>
          </ns3:TrackPointExtension>
        </extensions>
      </trkpt>
      <trkpt lat="30.32373958267271518707275390625" lon="120.05374959670007228851318359375">
        <ele>8.19999980926513671875</ele>
        <time>2026-08-16T13:16:40.000Z</time>
        <extensions>
          <ns3:TrackPointExtension>
            <ns3:hr>183</ns3:hr>
            <ns3:cad>87</ns3:cad>
          </ns3:TrackPointExtension>
        </extensions>
      </trkpt>
      <trkpt lat="30.32373053021728992462158203125" lon="120.05372227169573307037353515625">
        <ele>8.19999980926513671875</ele>
        <time>2026-08-16T13:16:41.000Z</time>
        <extensions>
          <ns3:TrackPointExtension>
            <ns3:hr>184</ns3:hr>
            <ns3:cad>88</ns3:cad>
          </ns3:TrackPointExtension>
        </extensions>
      </trkpt>
      <trkpt lat="30.3237245790660381317138671875" lon="120.053686983883380889892578125">
        <ele>8.19999980926513671875</ele>
        <time>2026-08-16T13:16:42.000Z</time>
        <extensions>
          <ns3:TrackPointExtension>
            <ns3:hr>183</ns3:hr>
            <ns3:cad>88</ns3:cad>
          </ns3:TrackPointExtension>
        </extensions>
      </trkpt>
      <trkpt lat="30.3237180411815643310546875" lon="120.0536623410880565643310546875">
        <ele>8.19999980926513671875</ele>
        <time>2026-08-16T13:16:43.000Z</time>
        <extensions>
          <ns3:TrackPointExtension>
            <ns3:hr>183</ns3:hr>
            <ns3:cad>88</ns3:cad>
          </ns3:TrackPointExtension>
        </extensions>
      </trkpt>
      <trkpt lat="30.32371527515351772308349609375" lon="120.053629316389560699462890625">
        <ele>8.19999980926513671875</ele>
        <time>2026-08-16T13:16:44.000Z</time>
        <extensions>
          <ns3:TrackPointExtension>
            <ns3:hr>184</ns3:hr>
            <ns3:cad>87</ns3:cad>
          </ns3:TrackPointExtension>
        </extensions>
      </trkpt>
      <trkpt lat="30.32370865345001220703125" lon="120.053601823747158050537109375">
        <ele>8.19999980926513671875</ele>
        <time>2026-08-16T13:16:45.000Z</time>
        <extensions>
          <ns3:TrackPointExtension>
            <ns3:hr>184</ns3:hr>
            <ns3:cad>87</ns3:cad>
          </ns3:TrackPointExtension>
        </extensions>
      </trkpt>
      <trkpt lat="30.32370286993682384490966796875" lon="120.05357407964766025543212890625">
        <ele>8.19999980926513671875</ele>
        <time>2026-08-16T13:16:46.000Z</time>
        <extensions>
          <ns3:TrackPointExtension>
            <ns3:hr>184</ns3:hr>
            <ns3:cad>87</ns3:cad>
          </ns3:TrackPointExtension>
        </extensions>
      </trkpt>
      <trkpt lat="30.32369733788073062896728515625" lon="120.053544826805591583251953125">
        <ele>8.19999980926513671875</ele>
        <time>2026-08-16T13:16:47.000Z</time>
        <extensions>
          <ns3:TrackPointExtension>
            <ns3:hr>184</ns3:hr>
            <ns3:cad>88</ns3:cad>
          </ns3:TrackPointExtension>
        </extensions>
      </trkpt>
      <trkpt lat="30.32368828542530536651611328125" lon="120.05351909436285495758056640625">
        <ele>8.19999980926513671875</ele>
        <time>2026-08-16T13:16:48.000Z</time>
        <extensions>
          <ns3:TrackPointExtension>
            <ns3:hr>184</ns3:hr>
            <ns3:cad>88</ns3:cad>
          </ns3:TrackPointExtension>
        </extensions>
      </trkpt>
      <trkpt lat="30.32368342392146587371826171875" lon="120.05348573438823223114013671875">
        <ele>8.19999980926513671875</ele>
        <time>2026-08-16T13:16:49.000Z</time>
        <extensions>
          <ns3:TrackPointExtension>
            <ns3:hr>185</ns3:hr>
            <ns3:cad>87</ns3:cad>
          </ns3:TrackPointExtension>
        </extensions>
      </trkpt>
      <trkpt lat="30.3236746229231357574462890625" lon="120.05346109159290790557861328125">
        <ele>8.3999996185302734375</ele>
        <time>2026-08-16T13:16:50.000Z</time>
        <extensions>
          <ns3:TrackPointExtension>
            <ns3:hr>185</ns3:hr>
            <ns3:cad>87</ns3:cad>
          </ns3:TrackPointExtension>
        </extensions>
      </trkpt>
      <trkpt lat="30.32366900704801082611083984375" lon="120.05342991091310977935791015625">
        <ele>8.3999996185302734375</ele>
        <time>2026-08-16T13:16:51.000Z</time>
        <extensions>
          <ns3:TrackPointExtension>
            <ns3:hr>185</ns3:hr>
            <ns3:cad>87</ns3:cad>
          </ns3:TrackPointExtension>
        </extensions>
      </trkpt>
      <trkpt lat="30.32365911640226840972900390625" lon="120.0534068606793880462646484375">
        <ele>8.3999996185302734375</ele>
        <time>2026-08-16T13:16:52.000Z</time>
        <extensions>
          <ns3:TrackPointExtension>
            <ns3:hr>185</ns3:hr>
            <ns3:cad>87</ns3:cad>
          </ns3:TrackPointExtension>
        </extensions>
      </trkpt>
      <trkpt lat="30.32365190796554088592529296875" lon="120.05337375216186046600341796875">
        <ele>8.3999996185302734375</ele>
        <time>2026-08-16T13:16:53.000Z</time>
        <extensions>
          <ns3:TrackPointExtension>
            <ns3:hr>185</ns3:hr>
            <ns3:cad>87</ns3:cad>
          </ns3:TrackPointExtension>
        </extensions>
      </trkpt>
      <trkpt lat="30.32364201731979846954345703125" lon="120.053351037204265594482421875">
        <ele>8.6000003814697265625</ele>
        <time>2026-08-16T13:16:54.000Z</time>
        <extensions>
          <ns3:TrackPointExtension>
            <ns3:hr>184</ns3:hr>
            <ns3:cad>87</ns3:cad>
          </ns3:TrackPointExtension>
        </extensions>
      </trkpt>
      <trkpt lat="30.32363430596888065338134765625" lon="120.05331759341061115264892578125">
        <ele>8.6000003814697265625</ele>
        <time>2026-08-16T13:16:55.000Z</time>
        <extensions>
          <ns3:TrackPointExtension>
            <ns3:hr>184</ns3:hr>
            <ns3:cad>87</ns3:cad>
          </ns3:TrackPointExtension>
        </extensions>
      </trkpt>
      <trkpt lat="30.32362575642764568328857421875" lon="120.05328993313014507293701171875">
        <ele>8.6000003814697265625</ele>
        <time>2026-08-16T13:16:56.000Z</time>
        <extensions>
          <ns3:TrackPointExtension>
            <ns3:hr>185</ns3:hr>
            <ns3:cad>87</ns3:cad>
          </ns3:TrackPointExtension>
        </extensions>
      </trkpt>
      <trkpt lat="30.3236193023622035980224609375" lon="120.05326143465936183929443359375">
        <ele>8.6000003814697265625</ele>
        <time>2026-08-16T13:16:57.000Z</time>
        <extensions>
          <ns3:TrackPointExtension>
            <ns3:hr>185</ns3:hr>
            <ns3:cad>87</ns3:cad>
          </ns3:TrackPointExtension>
        </extensions>
      </trkpt>
      <trkpt lat="30.32361133955419063568115234375" lon="120.053231008350849151611328125">
        <ele>8.6000003814697265625</ele>
        <time>2026-08-16T13:16:58.000Z</time>
        <extensions>
          <ns3:TrackPointExtension>
            <ns3:hr>185</ns3:hr>
            <ns3:cad>87</ns3:cad>
          </ns3:TrackPointExtension>
        </extensions>
      </trkpt>
      <trkpt lat="30.32360203564167022705078125" lon="120.053205192089080810546875">
        <ele>8.6000003814697265625</ele>
        <time>2026-08-16T13:16:59.000Z</time>
        <extensions>
          <ns3:TrackPointExtension>
            <ns3:hr>184</ns3:hr>
            <ns3:cad>87</ns3:cad>
          </ns3:TrackPointExtension>
        </extensions>
      </trkpt>
      <trkpt lat="30.32359600067138671875" lon="120.0531751848757266998291015625">
        <ele>8.6000003814697265625</ele>
        <time>2026-08-16T13:17:00.000Z</time>
        <extensions>
          <ns3:TrackPointExtension>
            <ns3:hr>185</ns3:hr>
            <ns3:cad>87</ns3:cad>
          </ns3:TrackPointExtension>
        </extensions>
      </trkpt>
      <trkpt lat="30.3235864453017711639404296875" lon="120.05315062589943408966064453125">
        <ele>8.6000003814697265625</ele>
        <time>2026-08-16T13:17:01.000Z</time>
        <extensions>
          <ns3:TrackPointExtension>
            <ns3:hr>185</ns3:hr>
            <ns3:cad>86</ns3:cad>
          </ns3:TrackPointExtension>
        </extensions>
      </trkpt>
      <trkpt lat="30.32357563264667987823486328125" lon="120.05312061868607997894287109375">
        <ele>8.80000019073486328125</ele>
        <time>2026-08-16T13:17:02.000Z</time>
        <extensions>
          <ns3:TrackPointExtension>
            <ns3:hr>185</ns3:hr>
            <ns3:cad>86</ns3:cad>
          </ns3:TrackPointExtension>
        </extensions>
      </trkpt>
      <trkpt lat="30.32356456853449344635009765625" lon="120.053094886243343353271484375">
        <ele>8.80000019073486328125</ele>
        <time>2026-08-16T13:17:03.000Z</time>
        <extensions>
          <ns3:TrackPointExtension>
            <ns3:hr>184</ns3:hr>
            <ns3:cad>86</ns3:cad>
          </ns3:TrackPointExtension>
        </extensions>
      </trkpt>
      <trkpt lat="30.32355350442230701446533203125" lon="120.05306362174451351165771484375">
        <ele>8.80000019073486328125</ele>
        <time>2026-08-16T13:17:04.000Z</time>
        <extensions>
          <ns3:TrackPointExtension>
            <ns3:hr>185</ns3:hr>
            <ns3:cad>86</ns3:cad>
          </ns3:TrackPointExtension>
        </extensions>
      </trkpt>
      <trkpt lat="30.32354394905269145965576171875" lon="120.05303596146404743194580078125">
        <ele>8.80000019073486328125</ele>
        <time>2026-08-16T13:17:05.000Z</time>
        <extensions>
          <ns3:TrackPointExtension>
            <ns3:hr>185</ns3:hr>
            <ns3:cad>86</ns3:cad>
          </ns3:TrackPointExtension>
        </extensions>
      </trkpt>
      <trkpt lat="30.32353472895920276641845703125" lon="120.05300763063132762908935546875">
        <ele>8.80000019073486328125</ele>
        <time>2026-08-16T13:17:06.000Z</time>
        <extensions>
          <ns3:TrackPointExtension>
            <ns3:hr>184</ns3:hr>
            <ns3:cad>86</ns3:cad>
          </ns3:TrackPointExtension>
        </extensions>
      </trkpt>
      <trkpt lat="30.32352567650377750396728515625" lon="120.05297787487506866455078125">
        <ele>8.80000019073486328125</ele>
        <time>2026-08-16T13:17:07.000Z</time>
        <extensions>
          <ns3:TrackPointExtension>
            <ns3:hr>185</ns3:hr>
            <ns3:cad>86</ns3:cad>
          </ns3:TrackPointExtension>
        </extensions>
      </trkpt>
      <trkpt lat="30.32351075671613216400146484375" lon="120.05295549519360065460205078125">
        <ele>8.80000019073486328125</ele>
        <time>2026-08-16T13:17:08.000Z</time>
        <extensions>
          <ns3:TrackPointExtension>
            <ns3:hr>185</ns3:hr>
            <ns3:cad>86</ns3:cad>
          </ns3:TrackPointExtension>
        </extensions>
      </trkpt>
      <trkpt lat="30.32350036315619945526123046875" lon="120.05292599089443683624267578125">
        <ele>9</ele>
        <time>2026-08-16T13:17:09.000Z</time>
        <extensions>
          <ns3:TrackPointExtension>
            <ns3:hr>184</ns3:hr>
            <ns3:cad>87</ns3:cad>
          </ns3:TrackPointExtension>
        </extensions>
      </trkpt>
      <trkpt lat="30.32348728738725185394287109375" lon="120.0529009290039539337158203125">
        <ele>9</ele>
        <time>2026-08-16T13:17:10.000Z</time>
        <extensions>
          <ns3:TrackPointExtension>
            <ns3:hr>185</ns3:hr>
            <ns3:cad>86</ns3:cad>
          </ns3:TrackPointExtension>
        </extensions>
      </trkpt>
      <trkpt lat="30.32347991131246089935302734375" lon="120.0528690777719020843505859375">
        <ele>9</ele>
        <time>2026-08-16T13:17:11.000Z</time>
        <extensions>
          <ns3:TrackPointExtension>
            <ns3:hr>185</ns3:hr>
            <ns3:cad>86</ns3:cad>
          </ns3:TrackPointExtension>
        </extensions>
      </trkpt>
      <trkpt lat="30.3234677575528621673583984375" lon="120.05284451879560947418212890625">
        <ele>9</ele>
        <time>2026-08-16T13:17:12.000Z</time>
        <extensions>
          <ns3:TrackPointExtension>
            <ns3:hr>184</ns3:hr>
            <ns3:cad>86</ns3:cad>
          </ns3:TrackPointExtension>
        </extensions>
      </trkpt>
      <trkpt lat="30.32345744781196117401123046875" lon="120.05281283520162105560302734375">
        <ele>8.80000019073486328125</ele>
        <time>2026-08-16T13:17:13.000Z</time>
        <extensions>
          <ns3:TrackPointExtension>
            <ns3:hr>185</ns3:hr>
            <ns3:cad>87</ns3:cad>
          </ns3:TrackPointExtension>
        </extensions>
      </trkpt>
      <trkpt lat="30.3234462998807430267333984375" lon="120.0527859292924404144287109375">
        <ele>8.80000019073486328125</ele>
        <time>2026-08-16T13:17:14.000Z</time>
        <extensions>
          <ns3:TrackPointExtension>
            <ns3:hr>185</ns3:hr>
            <ns3:cad>87</ns3:cad>
          </ns3:TrackPointExtension>
        </extensions>
      </trkpt>
      <trkpt lat="30.32343280501663684844970703125" lon="120.05275734700262546539306640625">
        <ele>8.80000019073486328125</ele>
        <time>2026-08-16T13:17:15.000Z</time>
        <extensions>
          <ns3:TrackPointExtension>
            <ns3:hr>184</ns3:hr>
            <ns3:cad>87</ns3:cad>
          </ns3:TrackPointExtension>
        </extensions>
      </trkpt>
      <trkpt lat="30.32342098653316497802734375" lon="120.0527250766754150390625">
        <ele>9</ele>
        <time>2026-08-16T13:17:16.000Z</time>
        <extensions>
          <ns3:TrackPointExtension>
            <ns3:hr>185</ns3:hr>
            <ns3:cad>87</ns3:cad>
          </ns3:TrackPointExtension>
        </extensions>
      </trkpt>
      <trkpt lat="30.323405228555202484130859375" lon="120.0526980869472026824951171875">
        <ele>9</ele>
        <time>2026-08-16T13:17:17.000Z</time>
        <extensions>
          <ns3:TrackPointExtension>
            <ns3:hr>185</ns3:hr>
            <ns3:cad>87</ns3:cad>
          </ns3:TrackPointExtension>
        </extensions>
      </trkpt>
      <trkpt lat="30.32339290715754032135009765625" lon="120.052661709487438201904296875">
        <ele>9</ele>
        <time>2026-08-16T13:17:18.000Z</time>
        <extensions>
          <ns3:TrackPointExtension>
            <ns3:hr>184</ns3:hr>
            <ns3:cad>87</ns3:cad>
          </ns3:TrackPointExtension>
        </extensions>
      </trkpt>
      <trkpt lat="30.32337547279894351959228515625" lon="120.0526367314159870147705078125">
        <ele>9</ele>
        <time>2026-08-16T13:17:19.000Z</time>
        <extensions>
          <ns3:TrackPointExtension>
            <ns3:hr>185</ns3:hr>
            <ns3:cad>86</ns3:cad>
          </ns3:TrackPointExtension>
        </extensions>
      </trkpt>
      <trkpt lat="30.32336139120161533355712890625" lon="120.05260630510747432708740234375">
        <ele>9</ele>
        <time>2026-08-16T13:17:20.000Z</time>
        <extensions>
          <ns3:TrackPointExtension>
            <ns3:hr>185</ns3:hr>
            <ns3:cad>86</ns3:cad>
          </ns3:TrackPointExtension>
        </extensions>
      </trkpt>
      <trkpt lat="30.3233480639755725860595703125" lon="120.05258266814053058624267578125">
        <ele>9</ele>
        <time>2026-08-16T13:17:21.000Z</time>
        <extensions>
          <ns3:TrackPointExtension>
            <ns3:hr>185</ns3:hr>
            <ns3:cad>87</ns3:cad>
          </ns3:TrackPointExtension>
        </extensions>
      </trkpt>
      <trkpt lat="30.32333289273083209991455078125" lon="120.05255299620330333709716796875">
        <ele>9</ele>
        <time>2026-08-16T13:17:22.000Z</time>
        <extensions>
          <ns3:TrackPointExtension>
            <ns3:hr>184</ns3:hr>
            <ns3:cad>87</ns3:cad>
          </ns3:TrackPointExtension>
        </extensions>
      </trkpt>
      <trkpt lat="30.32332015223801136016845703125" lon="120.0525270961225032806396484375">
        <ele>8.80000019073486328125</ele>
        <time>2026-08-16T13:17:23.000Z</time>
        <extensions>
          <ns3:TrackPointExtension>
            <ns3:hr>185</ns3:hr>
            <ns3:cad>87</ns3:cad>
          </ns3:TrackPointExtension>
        </extensions>
      </trkpt>
      <trkpt lat="30.3233085013926029205322265625" lon="120.0524982623755931854248046875">
        <ele>8.80000019073486328125</ele>
        <time>2026-08-16T13:17:24.000Z</time>
        <extensions>
          <ns3:TrackPointExtension>
            <ns3:hr>185</ns3:hr>
            <ns3:cad>87</ns3:cad>
          </ns3:TrackPointExtension>
        </extensions>
      </trkpt>
      <trkpt lat="30.32329601235687732696533203125" lon="120.0524677522480487823486328125">
        <ele>8.80000019073486328125</ele>
        <time>2026-08-16T13:17:25.000Z</time>
        <extensions>
          <ns3:TrackPointExtension>
            <ns3:hr>185</ns3:hr>
            <ns3:cad>87</ns3:cad>
          </ns3:TrackPointExtension>
        </extensions>
      </trkpt>
      <trkpt lat="30.323283858597278594970703125" lon="120.0524452887475490570068359375">
        <ele>8.80000019073486328125</ele>
        <time>2026-08-16T13:17:26.000Z</time>
        <extensions>
          <ns3:TrackPointExtension>
            <ns3:hr>185</ns3:hr>
            <ns3:cad>87</ns3:cad>
          </ns3:TrackPointExtension>
        </extensions>
      </trkpt>
      <trkpt lat="30.32327069900929927825927734375" lon="120.0524154491722583770751953125">
        <ele>8.6000003814697265625</ele>
        <time>2026-08-16T13:17:27.000Z</time>
        <extensions>
          <ns3:TrackPointExtension>
            <ns3:hr>186</ns3:hr>
            <ns3:cad>87</ns3:cad>
          </ns3:TrackPointExtension>
        </extensions>
      </trkpt>
      <trkpt lat="30.3232593834400177001953125" lon="120.0523960031569004058837890625">
        <ele>8.6000003814697265625</ele>
        <time>2026-08-16T13:17:28.000Z</time>
        <extensions>
          <ns3:TrackPointExtension>
            <ns3:hr>186</ns3:hr>
            <ns3:cad>87</ns3:cad>
          </ns3:TrackPointExtension>
        </extensions>
      </trkpt>
      <trkpt lat="30.32324731349945068359375" lon="120.05236725322902202606201171875">
        <ele>8.6000003814697265625</ele>
        <time>2026-08-16T13:17:29.000Z</time>
        <extensions>
          <ns3:TrackPointExtension>
            <ns3:hr>186</ns3:hr>
            <ns3:cad>86</ns3:cad>
          </ns3:TrackPointExtension>
        </extensions>
      </trkpt>
      <trkpt lat="30.323234237730503082275390625" lon="120.0523423589766025543212890625">
        <ele>8.3999996185302734375</ele>
        <time>2026-08-16T13:17:30.000Z</time>
        <extensions>
          <ns3:TrackPointExtension>
            <ns3:hr>186</ns3:hr>
            <ns3:cad>85</ns3:cad>
          </ns3:TrackPointExtension>
        </extensions>
      </trkpt>
      <trkpt lat="30.3232189826667308807373046875" lon="120.05231847055256366729736328125">
        <ele>8.3999996185302734375</ele>
        <time>2026-08-16T13:17:31.000Z</time>
        <extensions>
          <ns3:TrackPointExtension>
            <ns3:hr>186</ns3:hr>
            <ns3:cad>85</ns3:cad>
          </ns3:TrackPointExtension>
        </extensions>
      </trkpt>
      <trkpt lat="30.32320599071681499481201171875" lon="120.05228988826274871826171875">
        <ele>8.3999996185302734375</ele>
        <time>2026-08-16T13:17:32.000Z</time>
        <extensions>
          <ns3:TrackPointExtension>
            <ns3:hr>186</ns3:hr>
            <ns3:cad>85</ns3:cad>
          </ns3:TrackPointExtension>
        </extensions>
      </trkpt>
      <trkpt lat="30.323189981281757354736328125" lon="120.05226574838161468505859375">
        <ele>8.19999980926513671875</ele>
        <time>2026-08-16T13:17:33.000Z</time>
        <extensions>
          <ns3:TrackPointExtension>
            <ns3:hr>186</ns3:hr>
            <ns3:cad>85</ns3:cad>
          </ns3:TrackPointExtension>
        </extensions>
      </trkpt>
      <trkpt lat="30.3231753967702388763427734375" lon="120.05224026739597320556640625">
        <ele>8.19999980926513671875</ele>
        <time>2026-08-16T13:17:34.000Z</time>
        <extensions>
          <ns3:TrackPointExtension>
            <ns3:hr>186</ns3:hr>
            <ns3:cad>85</ns3:cad>
          </ns3:TrackPointExtension>
        </extensions>
      </trkpt>
      <trkpt lat="30.32316223718225955963134765625" lon="120.05221621133387088775634765625">
        <ele>8.19999980926513671875</ele>
        <time>2026-08-16T13:17:35.000Z</time>
        <extensions>
          <ns3:TrackPointExtension>
            <ns3:hr>186</ns3:hr>
            <ns3:cad>85</ns3:cad>
          </ns3:TrackPointExtension>
        </extensions>
      </trkpt>
      <trkpt lat="30.3231452219188213348388671875" lon="120.05219056271016597747802734375">
        <ele>8</ele>
        <time>2026-08-16T13:17:36.000Z</time>
        <extensions>
          <ns3:TrackPointExtension>
            <ns3:hr>186</ns3:hr>
            <ns3:cad>86</ns3:cad>
          </ns3:TrackPointExtension>
        </extensions>
      </trkpt>
      <trkpt lat="30.3231294639408588409423828125" lon="120.0521626509726047515869140625">
        <ele>8</ele>
        <time>2026-08-16T13:17:37.000Z</time>
        <extensions>
          <ns3:TrackPointExtension>
            <ns3:hr>186</ns3:hr>
            <ns3:cad>86</ns3:cad>
          </ns3:TrackPointExtension>
        </extensions>
      </trkpt>
      <trkpt lat="30.323111526668071746826171875" lon="120.052137672901153564453125">
        <ele>8</ele>
        <time>2026-08-16T13:17:38.000Z</time>
        <extensions>
          <ns3:TrackPointExtension>
            <ns3:hr>186</ns3:hr>
            <ns3:cad>86</ns3:cad>
          </ns3:TrackPointExtension>
        </extensions>
      </trkpt>
      <trkpt lat="30.3230982832610607147216796875" lon="120.0521110184490680694580078125">
        <ele>7.80000019073486328125</ele>
        <time>2026-08-16T13:17:39.000Z</time>
        <extensions>
          <ns3:TrackPointExtension>
            <ns3:hr>186</ns3:hr>
            <ns3:cad>85</ns3:cad>
          </ns3:TrackPointExtension>
        </extensions>
      </trkpt>
      <trkpt lat="30.32308327965438365936279296875" lon="120.05208696238696575164794921875">
        <ele>7.80000019073486328125</ele>
        <time>2026-08-16T13:17:40.000Z</time>
        <extensions>
          <ns3:TrackPointExtension>
            <ns3:hr>186</ns3:hr>
            <ns3:cad>85</ns3:cad>
          </ns3:TrackPointExtension>
        </extensions>
      </trkpt>
      <trkpt lat="30.32306467182934284210205078125" lon="120.0520617328584194183349609375">
        <ele>7.80000019073486328125</ele>
        <time>2026-08-16T13:17:41.000Z</time>
        <extensions>
          <ns3:TrackPointExtension>
            <ns3:hr>186</ns3:hr>
            <ns3:cad>85</ns3:cad>
          </ns3:TrackPointExtension>
        </extensions>
      </trkpt>
      <trkpt lat="30.32304815948009490966796875" lon="120.05203851498663425445556640625">
        <ele>7.80000019073486328125</ele>
        <time>2026-08-16T13:17:42.000Z</time>
        <extensions>
          <ns3:TrackPointExtension>
            <ns3:hr>187</ns3:hr>
            <ns3:cad>85</ns3:cad>
          </ns3:TrackPointExtension>
        </extensions>
      </trkpt>
      <trkpt lat="30.32303097657859325408935546875" lon="120.0520134530961513519287109375">
        <ele>7.599999904632568359375</ele>
        <time>2026-08-16T13:17:43.000Z</time>
        <extensions>
          <ns3:TrackPointExtension>
            <ns3:hr>187</ns3:hr>
            <ns3:cad>86</ns3:cad>
          </ns3:TrackPointExtension>
        </extensions>
      </trkpt>
      <trkpt lat="30.323014296591281890869140625" lon="120.0519879721105098724365234375">
        <ele>7.599999904632568359375</ele>
        <time>2026-08-16T13:17:44.000Z</time>
        <extensions>
          <ns3:TrackPointExtension>
            <ns3:hr>186</ns3:hr>
            <ns3:cad>87</ns3:cad>
          </ns3:TrackPointExtension>
        </extensions>
      </trkpt>
      <trkpt lat="30.32299661077558994293212890625" lon="120.05196123383939266204833984375">
        <ele>7.599999904632568359375</ele>
        <time>2026-08-16T13:17:45.000Z</time>
        <extensions>
          <ns3:TrackPointExtension>
            <ns3:hr>186</ns3:hr>
            <ns3:cad>87</ns3:cad>
          </ns3:TrackPointExtension>
        </extensions>
      </trkpt>
      <trkpt lat="30.32297708094120025634765625" lon="120.051934830844402313232421875">
        <ele>7.400000095367431640625</ele>
        <time>2026-08-16T13:17:46.000Z</time>
        <extensions>
          <ns3:TrackPointExtension>
            <ns3:hr>186</ns3:hr>
            <ns3:cad>87</ns3:cad>
          </ns3:TrackPointExtension>
        </extensions>
      </trkpt>
      <trkpt lat="30.322957299649715423583984375" lon="120.0519108586013317108154296875">
        <ele>7.400000095367431640625</ele>
        <time>2026-08-16T13:17:47.000Z</time>
        <extensions>
          <ns3:TrackPointExtension>
            <ns3:hr>187</ns3:hr>
            <ns3:cad>87</ns3:cad>
          </ns3:TrackPointExtension>
        </extensions>
      </trkpt>
      <trkpt lat="30.32293693162500858306884765625" lon="120.0518830306828022003173828125">
        <ele>7.400000095367431640625</ele>
        <time>2026-08-16T13:17:48.000Z</time>
        <extensions>
          <ns3:TrackPointExtension>
            <ns3:hr>187</ns3:hr>
            <ns3:cad>87</ns3:cad>
          </ns3:TrackPointExtension>
        </extensions>
      </trkpt>
      <trkpt lat="30.32291631214320659637451171875" lon="120.051861740648746490478515625">
        <ele>7.400000095367431640625</ele>
        <time>2026-08-16T13:17:49.000Z</time>
        <extensions>
          <ns3:TrackPointExtension>
            <ns3:hr>186</ns3:hr>
            <ns3:cad>87</ns3:cad>
          </ns3:TrackPointExtension>
        </extensions>
      </trkpt>
      <trkpt lat="30.32289418391883373260498046875" lon="120.051835589110851287841796875">
        <ele>7.400000095367431640625</ele>
        <time>2026-08-16T13:17:50.000Z</time>
        <extensions>
          <ns3:TrackPointExtension>
            <ns3:hr>186</ns3:hr>
            <ns3:cad>87</ns3:cad>
          </ns3:TrackPointExtension>
        </extensions>
      </trkpt>
      <trkpt lat="30.32287540845572948455810546875" lon="120.05181538872420787811279296875">
        <ele>7.400000095367431640625</ele>
        <time>2026-08-16T13:17:51.000Z</time>
        <extensions>
          <ns3:TrackPointExtension>
            <ns3:hr>186</ns3:hr>
            <ns3:cad>87</ns3:cad>
          </ns3:TrackPointExtension>
        </extensions>
      </trkpt>
      <trkpt lat="30.3228578902781009674072265625" lon="120.0517904944717884063720703125">
        <ele>7.400000095367431640625</ele>
        <time>2026-08-16T13:17:52.000Z</time>
        <extensions>
          <ns3:TrackPointExtension>
            <ns3:hr>186</ns3:hr>
            <ns3:cad>87</ns3:cad>
          </ns3:TrackPointExtension>
        </extensions>
      </trkpt>
      <trkpt lat="30.32283819280564785003662109375" lon="120.05176794715225696563720703125">
        <ele>7.400000095367431640625</ele>
        <time>2026-08-16T13:17:53.000Z</time>
        <extensions>
          <ns3:TrackPointExtension>
            <ns3:hr>186</ns3:hr>
            <ns3:cad>87</ns3:cad>
          </ns3:TrackPointExtension>
        </extensions>
      </trkpt>
      <trkpt lat="30.32281941734254360198974609375" lon="120.0517415441572666168212890625">
        <ele>7.400000095367431640625</ele>
        <time>2026-08-16T13:17:54.000Z</time>
        <extensions>
          <ns3:TrackPointExtension>
            <ns3:hr>186</ns3:hr>
            <ns3:cad>87</ns3:cad>
          </ns3:TrackPointExtension>
        </extensions>
      </trkpt>
      <trkpt lat="30.3228029049932956695556640625" lon="120.0517130456864833831787109375">
        <ele>7.400000095367431640625</ele>
        <time>2026-08-16T13:17:55.000Z</time>
        <extensions>
          <ns3:TrackPointExtension>
            <ns3:hr>186</ns3:hr>
            <ns3:cad>88</ns3:cad>
          </ns3:TrackPointExtension>
        </extensions>
      </trkpt>
      <trkpt lat="30.32278287224471569061279296875" lon="120.05168781615793704986572265625">
        <ele>7.400000095367431640625</ele>
        <time>2026-08-16T13:17:56.000Z</time>
        <extensions>
          <ns3:TrackPointExtension>
            <ns3:hr>186</ns3:hr>
            <ns3:cad>88</ns3:cad>
          </ns3:TrackPointExtension>
        </extensions>
      </trkpt>
      <trkpt lat="30.32276409678161144256591796875" lon="120.05166267044842243194580078125">
        <ele>7.400000095367431640625</ele>
        <time>2026-08-16T13:17:57.000Z</time>
        <extensions>
          <ns3:TrackPointExtension>
            <ns3:hr>186</ns3:hr>
            <ns3:cad>87</ns3:cad>
          </ns3:TrackPointExtension>
        </extensions>
      </trkpt>
      <trkpt lat="30.3227417171001434326171875" lon="120.05163819529116153717041015625">
        <ele>7.400000095367431640625</ele>
        <time>2026-08-16T13:17:58.000Z</time>
        <extensions>
          <ns3:TrackPointExtension>
            <ns3:hr>186</ns3:hr>
            <ns3:cad>87</ns3:cad>
          </ns3:TrackPointExtension>
        </extensions>
      </trkpt>
      <trkpt lat="30.322725288569927215576171875" lon="120.0516114570200443267822265625">
        <ele>7.400000095367431640625</ele>
        <time>2026-08-16T13:17:59.000Z</time>
        <extensions>
          <ns3:TrackPointExtension>
            <ns3:hr>186</ns3:hr>
            <ns3:cad>87</ns3:cad>
          </ns3:TrackPointExtension>
        </extensions>
      </trkpt>
      <trkpt lat="30.3227086924016475677490234375" lon="120.05159025080502033233642578125">
        <ele>7.19999980926513671875</ele>
        <time>2026-08-16T13:18:00.000Z</time>
        <extensions>
          <ns3:TrackPointExtension>
            <ns3:hr>186</ns3:hr>
            <ns3:cad>87</ns3:cad>
          </ns3:TrackPointExtension>
        </extensions>
      </trkpt>
      <trkpt lat="30.32268865965306758880615234375" lon="120.05156694911420345306396484375">
        <ele>7.19999980926513671875</ele>
        <time>2026-08-16T13:18:01.000Z</time>
        <extensions>
          <ns3:TrackPointExtension>
            <ns3:hr>186</ns3:hr>
            <ns3:cad>87</ns3:cad>
          </ns3:TrackPointExtension>
        </extensions>
      </trkpt>
      <trkpt lat="30.32267122529447078704833984375" lon="120.051545239984989166259765625">
        <ele>7.19999980926513671875</ele>
        <time>2026-08-16T13:18:02.000Z</time>
        <extensions>
          <ns3:TrackPointExtension>
            <ns3:hr>186</ns3:hr>
            <ns3:cad>87</ns3:cad>
          </ns3:TrackPointExtension>
        </extensions>
      </trkpt>
      <trkpt lat="30.32265362329781055450439453125" lon="120.05151716060936450958251953125">
        <ele>7.19999980926513671875</ele>
        <time>2026-08-16T13:18:03.000Z</time>
        <extensions>
          <ns3:TrackPointExtension>
            <ns3:hr>186</ns3:hr>
            <ns3:cad>87</ns3:cad>
          </ns3:TrackPointExtension>
        </extensions>
      </trkpt>
      <trkpt lat="30.3226396255195140838623046875" lon="120.05149285309016704559326171875">
        <ele>7.19999980926513671875</ele>
        <time>2026-08-16T13:18:04.000Z</time>
        <extensions>
          <ns3:TrackPointExtension>
            <ns3:hr>186</ns3:hr>
            <ns3:cad>87</ns3:cad>
          </ns3:TrackPointExtension>
        </extensions>
      </trkpt>
      <trkpt lat="30.32262378372251987457275390625" lon="120.051466785371303558349609375">
        <ele>7</ele>
        <time>2026-08-16T13:18:05.000Z</time>
        <extensions>
          <ns3:TrackPointExtension>
            <ns3:hr>186</ns3:hr>
            <ns3:cad>87</ns3:cad>
          </ns3:TrackPointExtension>
        </extensions>
      </trkpt>
      <trkpt lat="30.322607941925525665283203125" lon="120.0514424778521060943603515625">
        <ele>7</ele>
        <time>2026-08-16T13:18:06.000Z</time>
        <extensions>
          <ns3:TrackPointExtension>
            <ns3:hr>186</ns3:hr>
            <ns3:cad>87</ns3:cad>
          </ns3:TrackPointExtension>
        </extensions>
      </trkpt>
      <trkpt lat="30.32258790917694568634033203125" lon="120.05141682922840118408203125">
        <ele>7.19999980926513671875</ele>
        <time>2026-08-16T13:18:07.000Z</time>
        <extensions>
          <ns3:TrackPointExtension>
            <ns3:hr>186</ns3:hr>
            <ns3:cad>87</ns3:cad>
          </ns3:TrackPointExtension>
        </extensions>
      </trkpt>
      <trkpt lat="30.322571061551570892333984375" lon="120.05138874985277652740478515625">
        <ele>7.19999980926513671875</ele>
        <time>2026-08-16T13:18:08.000Z</time>
        <extensions>
          <ns3:TrackPointExtension>
            <ns3:hr>185</ns3:hr>
            <ns3:cad>87</ns3:cad>
          </ns3:TrackPointExtension>
        </extensions>
      </trkpt>
      <trkpt lat="30.3225512802600860595703125" lon="120.051364861428737640380859375">
        <ele>7.400000095367431640625</ele>
        <time>2026-08-16T13:18:09.000Z</time>
        <extensions>
          <ns3:TrackPointExtension>
            <ns3:hr>185</ns3:hr>
            <ns3:cad>87</ns3:cad>
          </ns3:TrackPointExtension>
        </extensions>
      </trkpt>
      <trkpt lat="30.3225313313305377960205078125" lon="120.05134063772857189178466796875">
        <ele>7.400000095367431640625</ele>
        <time>2026-08-16T13:18:10.000Z</time>
        <extensions>
          <ns3:TrackPointExtension>
            <ns3:hr>185</ns3:hr>
            <ns3:cad>87</ns3:cad>
          </ns3:TrackPointExtension>
        </extensions>
      </trkpt>
      <trkpt lat="30.32251037657260894775390625" lon="120.051317922770977020263671875">
        <ele>7.400000095367431640625</ele>
        <time>2026-08-16T13:18:11.000Z</time>
        <extensions>
          <ns3:TrackPointExtension>
            <ns3:hr>184</ns3:hr>
            <ns3:cad>87</ns3:cad>
          </ns3:TrackPointExtension>
        </extensions>
      </trkpt>
      <trkpt lat="30.32249235548079013824462890625" lon="120.0512922741472721099853515625">
        <ele>7.400000095367431640625</ele>
        <time>2026-08-16T13:18:12.000Z</time>
        <extensions>
          <ns3:TrackPointExtension>
            <ns3:hr>184</ns3:hr>
            <ns3:cad>87</ns3:cad>
          </ns3:TrackPointExtension>
        </extensions>
      </trkpt>
      <trkpt lat="30.3224743343889713287353515625" lon="120.05127064883708953857421875">
        <ele>7.400000095367431640625</ele>
        <time>2026-08-16T13:18:13.000Z</time>
        <extensions>
          <ns3:TrackPointExtension>
            <ns3:hr>183</ns3:hr>
            <ns3:cad>87</ns3:cad>
          </ns3:TrackPointExtension>
        </extensions>
      </trkpt>
      <trkpt lat="30.32245564274489879608154296875" lon="120.05124491639435291290283203125">
        <ele>7.400000095367431640625</ele>
        <time>2026-08-16T13:18:14.000Z</time>
        <extensions>
          <ns3:TrackPointExtension>
            <ns3:hr>183</ns3:hr>
            <ns3:cad>87</ns3:cad>
          </ns3:TrackPointExtension>
        </extensions>
      </trkpt>
      <trkpt lat="30.322434939444065093994140625" lon="120.051223374903202056884765625">
        <ele>7.400000095367431640625</ele>
        <time>2026-08-16T13:18:15.000Z</time>
        <extensions>
          <ns3:TrackPointExtension>
            <ns3:hr>184</ns3:hr>
            <ns3:cad>86</ns3:cad>
          </ns3:TrackPointExtension>
        </extensions>
      </trkpt>
      <trkpt lat="30.3224139846861362457275390625" lon="120.05119931884109973907470703125">
        <ele>7.400000095367431640625</ele>
        <time>2026-08-16T13:18:16.000Z</time>
        <extensions>
          <ns3:TrackPointExtension>
            <ns3:hr>184</ns3:hr>
            <ns3:cad>87</ns3:cad>
          </ns3:TrackPointExtension>
        </extensions>
      </trkpt>
      <trkpt lat="30.3223958797752857208251953125" lon="120.05117484368383884429931640625">
        <ele>7.400000095367431640625</ele>
        <time>2026-08-16T13:18:17.000Z</time>
        <extensions>
          <ns3:TrackPointExtension>
            <ns3:hr>185</ns3:hr>
            <ns3:cad>87</ns3:cad>
          </ns3:TrackPointExtension>
        </extensions>
      </trkpt>
      <trkpt lat="30.32237752340734004974365234375" lon="120.05115271545946598052978515625">
        <ele>7.400000095367431640625</ele>
        <time>2026-08-16T13:18:18.000Z</time>
        <extensions>
          <ns3:TrackPointExtension>
            <ns3:hr>185</ns3:hr>
            <ns3:cad>87</ns3:cad>
          </ns3:TrackPointExtension>
        </extensions>
      </trkpt>
      <trkpt lat="30.32235941849648952484130859375" lon="120.0511269830167293548583984375">
        <ele>7.19999980926513671875</ele>
        <time>2026-08-16T13:18:19.000Z</time>
        <extensions>
          <ns3:TrackPointExtension>
            <ns3:hr>185</ns3:hr>
            <ns3:cad>87</ns3:cad>
          </ns3:TrackPointExtension>
        </extensions>
      </trkpt>
      <trkpt lat="30.32234298996627330780029296875" lon="120.05110594443976879119873046875">
        <ele>7.19999980926513671875</ele>
        <time>2026-08-16T13:18:20.000Z</time>
        <extensions>
          <ns3:TrackPointExtension>
            <ns3:hr>186</ns3:hr>
            <ns3:cad>87</ns3:cad>
          </ns3:TrackPointExtension>
        </extensions>
      </trkpt>
      <trkpt lat="30.3223281539976596832275390625" lon="120.05107576958835124969482421875">
        <ele>7.19999980926513671875</ele>
        <time>2026-08-16T13:18:21.000Z</time>
        <extensions>
          <ns3:TrackPointExtension>
            <ns3:hr>186</ns3:hr>
            <ns3:cad>87</ns3:cad>
          </ns3:TrackPointExtension>
        </extensions>
      </trkpt>
      <trkpt lat="30.32230761833488941192626953125" lon="120.051056407392024993896484375">
        <ele>7.19999980926513671875</ele>
        <time>2026-08-16T13:18:22.000Z</time>
        <extensions>
          <ns3:TrackPointExtension>
            <ns3:hr>187</ns3:hr>
            <ns3:cad>87</ns3:cad>
          </ns3:TrackPointExtension>
        </extensions>
      </trkpt>
      <trkpt lat="30.3222875855863094329833984375" lon="120.0510320998728275299072265625">
        <ele>7.19999980926513671875</ele>
        <time>2026-08-16T13:18:23.000Z</time>
        <extensions>
          <ns3:TrackPointExtension>
            <ns3:hr>187</ns3:hr>
            <ns3:cad>87</ns3:cad>
          </ns3:TrackPointExtension>
        </extensions>
      </trkpt>
      <trkpt lat="30.32227057032287120819091796875" lon="120.05100720562040805816650390625">
        <ele>7.400000095367431640625</ele>
        <time>2026-08-16T13:18:24.000Z</time>
        <extensions>
          <ns3:TrackPointExtension>
            <ns3:hr>187</ns3:hr>
            <ns3:cad>87</ns3:cad>
          </ns3:TrackPointExtension>
        </extensions>
      </trkpt>
      <trkpt lat="30.322251208126544952392578125" lon="120.0509784556925296783447265625">
        <ele>7.400000095367431640625</ele>
        <time>2026-08-16T13:18:25.000Z</time>
        <extensions>
          <ns3:TrackPointExtension>
            <ns3:hr>187</ns3:hr>
            <ns3:cad>87</ns3:cad>
          </ns3:TrackPointExtension>
        </extensions>
      </trkpt>
      <trkpt lat="30.32223151065409183502197265625" lon="120.05095322616398334503173828125">
        <ele>7.400000095367431640625</ele>
        <time>2026-08-16T13:18:26.000Z</time>
        <extensions>
          <ns3:TrackPointExtension>
            <ns3:hr>187</ns3:hr>
            <ns3:cad>87</ns3:cad>
          </ns3:TrackPointExtension>
        </extensions>
      </trkpt>
      <trkpt lat="30.32221072353422641754150390625" lon="120.050929002463817596435546875">
        <ele>7.19999980926513671875</ele>
        <time>2026-08-16T13:18:27.000Z</time>
        <extensions>
          <ns3:TrackPointExtension>
            <ns3:hr>187</ns3:hr>
            <ns3:cad>87</ns3:cad>
          </ns3:TrackPointExtension>
        </extensions>
      </trkpt>
      <trkpt lat="30.3221910260617733001708984375" lon="120.050904862582683563232421875">
        <ele>7.19999980926513671875</ele>
        <time>2026-08-16T13:18:28.000Z</time>
        <extensions>
          <ns3:TrackPointExtension>
            <ns3:hr>187</ns3:hr>
            <ns3:cad>87</ns3:cad>
          </ns3:TrackPointExtension>
        </extensions>
      </trkpt>
      <trkpt lat="30.32217334024608135223388671875" lon="120.0508798845112323760986328125">
        <ele>7.19999980926513671875</ele>
        <time>2026-08-16T13:18:29.000Z</time>
        <extensions>
          <ns3:TrackPointExtension>
            <ns3:hr>187</ns3:hr>
            <ns3:cad>87</ns3:cad>
          </ns3:TrackPointExtension>
        </extensions>
      </trkpt>
      <trkpt lat="30.322153307497501373291015625" lon="120.05085532553493976593017578125">
        <ele>7.19999980926513671875</ele>
        <time>2026-08-16T13:18:30.000Z</time>
        <extensions>
          <ns3:TrackPointExtension>
            <ns3:hr>188</ns3:hr>
            <ns3:cad>88</ns3:cad>
          </ns3:TrackPointExtension>
        </extensions>
      </trkpt>
      <trkpt lat="30.32213193364441394805908203125" lon="120.0508316047489643096923828125">
        <ele>7.19999980926513671875</ele>
        <time>2026-08-16T13:18:31.000Z</time>
        <extensions>
          <ns3:TrackPointExtension>
            <ns3:hr>187</ns3:hr>
            <ns3:cad>88</ns3:cad>
          </ns3:TrackPointExtension>
        </extensions>
      </trkpt>
      <trkpt lat="30.32211299054324626922607421875" lon="120.05080469883978366851806640625">
        <ele>7.19999980926513671875</ele>
        <time>2026-08-16T13:18:32.000Z</time>
        <extensions>
          <ns3:TrackPointExtension>
            <ns3:hr>188</ns3:hr>
            <ns3:cad>88</ns3:cad>
          </ns3:TrackPointExtension>
        </extensions>
      </trkpt>
      <trkpt lat="30.322090946137905120849609375" lon="120.05077854730188846588134765625">
        <ele>7.19999980926513671875</ele>
        <time>2026-08-16T13:18:33.000Z</time>
        <extensions>
          <ns3:TrackPointExtension>
            <ns3:hr>187</ns3:hr>
            <ns3:cad>88</ns3:cad>
          </ns3:TrackPointExtension>
        </extensions>
      </trkpt>
      <trkpt lat="30.322073511779308319091796875" lon="120.050749294459819793701171875">
        <ele>7.19999980926513671875</ele>
        <time>2026-08-16T13:18:34.000Z</time>
        <extensions>
          <ns3:TrackPointExtension>
            <ns3:hr>187</ns3:hr>
            <ns3:cad>89</ns3:cad>
          </ns3:TrackPointExtension>
        </extensions>
      </trkpt>
      <trkpt lat="30.3220538981258869171142578125" lon="120.05072305910289287567138671875">
        <ele>7.19999980926513671875</ele>
        <time>2026-08-16T13:18:35.000Z</time>
        <extensions>
          <ns3:TrackPointExtension>
            <ns3:hr>188</ns3:hr>
            <ns3:cad>88</ns3:cad>
          </ns3:TrackPointExtension>
        </extensions>
      </trkpt>
      <trkpt lat="30.3220351226627826690673828125" lon="120.0506961531937122344970703125">
        <ele>7.19999980926513671875</ele>
        <time>2026-08-16T13:18:36.000Z</time>
        <extensions>
          <ns3:TrackPointExtension>
            <ns3:hr>188</ns3:hr>
            <ns3:cad>88</ns3:cad>
          </ns3:TrackPointExtension>
        </extensions>
      </trkpt>
      <trkpt lat="30.322017185389995574951171875" lon="120.0506740249693393707275390625">
        <ele>7.400000095367431640625</ele>
        <time>2026-08-16T13:18:37.000Z</time>
        <extensions>
          <ns3:TrackPointExtension>
            <ns3:hr>188</ns3:hr>
            <ns3:cad>88</ns3:cad>
          </ns3:TrackPointExtension>
        </extensions>
      </trkpt>
      <trkpt lat="30.32199882902204990386962890625" lon="120.050645358860492706298828125">
        <ele>7.400000095367431640625</ele>
        <time>2026-08-16T13:18:38.000Z</time>
        <extensions>
          <ns3:TrackPointExtension>
            <ns3:hr>187</ns3:hr>
            <ns3:cad>88</ns3:cad>
          </ns3:TrackPointExtension>
        </extensions>
      </trkpt>
      <trkpt lat="30.3219808079302310943603515625" lon="120.0506220571696758270263671875">
        <ele>7.19999980926513671875</ele>
        <time>2026-08-16T13:18:39.000Z</time>
        <extensions>
          <ns3:TrackPointExtension>
            <ns3:hr>188</ns3:hr>
            <ns3:cad>88</ns3:cad>
          </ns3:TrackPointExtension>
        </extensions>
      </trkpt>
      <trkpt lat="30.32196446321904659271240234375" lon="120.05059347487986087799072265625">
        <ele>7.19999980926513671875</ele>
        <time>2026-08-16T13:18:40.000Z</time>
        <extensions>
          <ns3:TrackPointExtension>
            <ns3:hr>188</ns3:hr>
            <ns3:cad>88</ns3:cad>
          </ns3:TrackPointExtension>
        </extensions>
      </trkpt>
      <trkpt lat="30.32194753177464008331298828125" lon="120.050569586455821990966796875">
        <ele>7.19999980926513671875</ele>
        <time>2026-08-16T13:18:41.000Z</time>
        <extensions>
          <ns3:TrackPointExtension>
            <ns3:hr>188</ns3:hr>
            <ns3:cad>87</ns3:cad>
          </ns3:TrackPointExtension>
        </extensions>
      </trkpt>
      <trkpt lat="30.321930013597011566162109375" lon="120.05054251290857791900634765625">
        <ele>7.19999980926513671875</ele>
        <time>2026-08-16T13:18:42.000Z</time>
        <extensions>
          <ns3:TrackPointExtension>
            <ns3:hr>187</ns3:hr>
            <ns3:cad>88</ns3:cad>
          </ns3:TrackPointExtension>
        </extensions>
      </trkpt>
      <trkpt lat="30.32191199250519275665283203125" lon="120.05051921121776103973388671875">
        <ele>7.19999980926513671875</ele>
        <time>2026-08-16T13:18:43.000Z</time>
        <extensions>
          <ns3:TrackPointExtension>
            <ns3:hr>188</ns3:hr>
            <ns3:cad>88</ns3:cad>
          </ns3:TrackPointExtension>
        </extensions>
      </trkpt>
      <trkpt lat="30.32189346849918365478515625" lon="120.0504872761666774749755859375">
        <ele>7.19999980926513671875</ele>
        <time>2026-08-16T13:18:44.000Z</time>
        <extensions>
          <ns3:TrackPointExtension>
            <ns3:hr>187</ns3:hr>
            <ns3:cad>88</ns3:cad>
          </ns3:TrackPointExtension>
        </extensions>
      </trkpt>
      <trkpt lat="30.32187527976930141448974609375" lon="120.05046288482844829559326171875">
        <ele>7.19999980926513671875</ele>
        <time>2026-08-16T13:18:45.000Z</time>
        <extensions>
          <ns3:TrackPointExtension>
            <ns3:hr>188</ns3:hr>
            <ns3:cad>88</ns3:cad>
          </ns3:TrackPointExtension>
        </extensions>
      </trkpt>
      <trkpt lat="30.32185591757297515869140625" lon="120.05043203942477703094482421875">
        <ele>7.19999980926513671875</ele>
        <time>2026-08-16T13:18:46.000Z</time>
        <extensions>
          <ns3:TrackPointExtension>
            <ns3:hr>188</ns3:hr>
            <ns3:cad>88</ns3:cad>
          </ns3:TrackPointExtension>
        </extensions>
      </trkpt>
      <trkpt lat="30.321838818490505218505859375" lon="120.05040454678237438201904296875">
        <ele>7</ele>
        <time>2026-08-16T13:18:47.000Z</time>
        <extensions>
          <ns3:TrackPointExtension>
            <ns3:hr>188</ns3:hr>
            <ns3:cad>88</ns3:cad>
          </ns3:TrackPointExtension>
        </extensions>
      </trkpt>
      <trkpt lat="30.32181962393224239349365234375" lon="120.0503746233880519866943359375">
        <ele>7</ele>
        <time>2026-08-16T13:18:48.000Z</time>
        <extensions>
          <ns3:TrackPointExtension>
            <ns3:hr>188</ns3:hr>
            <ns3:cad>88</ns3:cad>
          </ns3:TrackPointExtension>
        </extensions>
      </trkpt>
      <trkpt lat="30.32180503942072391510009765625" lon="120.050343610346317291259765625">
        <ele>7</ele>
        <time>2026-08-16T13:18:49.000Z</time>
        <extensions>
          <ns3:TrackPointExtension>
            <ns3:hr>188</ns3:hr>
            <ns3:cad>88</ns3:cad>
          </ns3:TrackPointExtension>
        </extensions>
      </trkpt>
      <trkpt lat="30.3217886947095394134521484375" lon="120.05031771026551723480224609375">
        <ele>7</ele>
        <time>2026-08-16T13:18:50.000Z</time>
        <extensions>
          <ns3:TrackPointExtension>
            <ns3:hr>188</ns3:hr>
            <ns3:cad>88</ns3:cad>
          </ns3:TrackPointExtension>
        </extensions>
      </trkpt>
      <trkpt lat="30.32177402637898921966552734375" lon="120.05028669722378253936767578125">
        <ele>7.19999980926513671875</ele>
        <time>2026-08-16T13:18:51.000Z</time>
        <extensions>
          <ns3:TrackPointExtension>
            <ns3:hr>189</ns3:hr>
            <ns3:cad>87</ns3:cad>
          </ns3:TrackPointExtension>
        </extensions>
      </trkpt>
      <trkpt lat="30.32175759784877300262451171875" lon="120.0502592884004116058349609375">
        <ele>7.19999980926513671875</ele>
        <time>2026-08-16T13:18:52.000Z</time>
        <extensions>
          <ns3:TrackPointExtension>
            <ns3:hr>189</ns3:hr>
            <ns3:cad>88</ns3:cad>
          </ns3:TrackPointExtension>
        </extensions>
      </trkpt>
      <trkpt lat="30.3217404149472713470458984375" lon="120.0502291135489940643310546875">
        <ele>7</ele>
        <time>2026-08-16T13:18:53.000Z</time>
        <extensions>
          <ns3:TrackPointExtension>
            <ns3:hr>188</ns3:hr>
            <ns3:cad>87</ns3:cad>
          </ns3:TrackPointExtension>
        </extensions>
      </trkpt>
      <trkpt lat="30.32172641716897487640380859375" lon="120.0502036325633525848388671875">
        <ele>7</ele>
        <time>2026-08-16T13:18:54.000Z</time>
        <extensions>
          <ns3:TrackPointExtension>
            <ns3:hr>189</ns3:hr>
            <ns3:cad>87</ns3:cad>
          </ns3:TrackPointExtension>
        </extensions>
      </trkpt>
      <trkpt lat="30.3217132575809955596923828125" lon="120.0501724518835544586181640625">
        <ele>7</ele>
        <time>2026-08-16T13:18:55.000Z</time>
        <extensions>
          <ns3:TrackPointExtension>
            <ns3:hr>189</ns3:hr>
            <ns3:cad>87</ns3:cad>
          </ns3:TrackPointExtension>
        </extensions>
      </trkpt>
      <trkpt lat="30.32169607467949390411376953125" lon="120.05014604888856410980224609375">
        <ele>6.80000019073486328125</ele>
        <time>2026-08-16T13:18:56.000Z</time>
        <extensions>
          <ns3:TrackPointExtension>
            <ns3:hr>189</ns3:hr>
            <ns3:cad>87</ns3:cad>
          </ns3:TrackPointExtension>
        </extensions>
      </trkpt>
      <trkpt lat="30.3216790594160556793212890625" lon="120.05011252127587795257568359375">
        <ele>6.80000019073486328125</ele>
        <time>2026-08-16T13:18:57.000Z</time>
        <extensions>
          <ns3:TrackPointExtension>
            <ns3:hr>189</ns3:hr>
            <ns3:cad>87</ns3:cad>
          </ns3:TrackPointExtension>
        </extensions>
      </trkpt>
      <trkpt lat="30.32166020013391971588134765625" lon="120.0500879622995853424072265625">
        <ele>6.80000019073486328125</ele>
        <time>2026-08-16T13:18:58.000Z</time>
        <extensions>
          <ns3:TrackPointExtension>
            <ns3:hr>189</ns3:hr>
            <ns3:cad>88</ns3:cad>
          </ns3:TrackPointExtension>
        </extensions>
      </trkpt>
      <trkpt lat="30.3216446936130523681640625" lon="120.05005560815334320068359375">
        <ele>6.80000019073486328125</ele>
        <time>2026-08-16T13:18:59.000Z</time>
        <extensions>
          <ns3:TrackPointExtension>
            <ns3:hr>189</ns3:hr>
            <ns3:cad>88</ns3:cad>
          </ns3:TrackPointExtension>
        </extensions>
      </trkpt>
      <trkpt lat="30.3216307796537876129150390625" lon="120.05002870224416255950927734375">
        <ele>6.80000019073486328125</ele>
        <time>2026-08-16T13:19:00.000Z</time>
        <extensions>
          <ns3:TrackPointExtension>
            <ns3:hr>189</ns3:hr>
            <ns3:cad>88</ns3:cad>
          </ns3:TrackPointExtension>
        </extensions>
      </trkpt>
      <trkpt lat="30.3216166980564594268798828125" lon="120.049998275935649871826171875">
        <ele>6.599999904632568359375</ele>
        <time>2026-08-16T13:19:01.000Z</time>
        <extensions>
          <ns3:TrackPointExtension>
            <ns3:hr>189</ns3:hr>
            <ns3:cad>88</ns3:cad>
          </ns3:TrackPointExtension>
        </extensions>
      </trkpt>
      <trkpt lat="30.3216042928397655487060546875" lon="120.04996885545551776885986328125">
        <ele>6.599999904632568359375</ele>
        <time>2026-08-16T13:19:02.000Z</time>
        <extensions>
          <ns3:TrackPointExtension>
            <ns3:hr>190</ns3:hr>
            <ns3:cad>87</ns3:cad>
          </ns3:TrackPointExtension>
        </extensions>
      </trkpt>
      <trkpt lat="30.32159096561372280120849609375" lon="120.0499421171844005584716796875">
        <ele>6.599999904632568359375</ele>
        <time>2026-08-16T13:19:03.000Z</time>
        <extensions>
          <ns3:TrackPointExtension>
            <ns3:hr>190</ns3:hr>
            <ns3:cad>87</ns3:cad>
          </ns3:TrackPointExtension>
        </extensions>
      </trkpt>
      <trkpt lat="30.3215835057199001312255859375" lon="120.0499102659523487091064453125">
        <ele>6.599999904632568359375</ele>
        <time>2026-08-16T13:19:04.000Z</time>
        <extensions>
          <ns3:TrackPointExtension>
            <ns3:hr>190</ns3:hr>
            <ns3:cad>87</ns3:cad>
          </ns3:TrackPointExtension>
        </extensions>
      </trkpt>
      <trkpt lat="30.3215747885406017303466796875" lon="120.04988369531929492950439453125">
        <ele>6.599999904632568359375</ele>
        <time>2026-08-16T13:19:05.000Z</time>
        <extensions>
          <ns3:TrackPointExtension>
            <ns3:hr>190</ns3:hr>
            <ns3:cad>88</ns3:cad>
          </ns3:TrackPointExtension>
        </extensions>
      </trkpt>
      <trkpt lat="30.321570597589015960693359375" lon="120.0498495809733867645263671875">
        <ele>6.599999904632568359375</ele>
        <time>2026-08-16T13:19:06.000Z</time>
        <extensions>
          <ns3:TrackPointExtension>
            <ns3:hr>190</ns3:hr>
            <ns3:cad>88</ns3:cad>
          </ns3:TrackPointExtension>
        </extensions>
      </trkpt>
      <trkpt lat="30.3215623833239078521728515625" lon="120.0498224236071109771728515625">
        <ele>6.599999904632568359375</ele>
        <time>2026-08-16T13:19:07.000Z</time>
        <extensions>
          <ns3:TrackPointExtension>
            <ns3:hr>190</ns3:hr>
            <ns3:cad>88</ns3:cad>
          </ns3:TrackPointExtension>
        </extensions>
      </trkpt>
      <trkpt lat="30.321556515991687774658203125" lon="120.04978730343282222747802734375">
        <ele>6.599999904632568359375</ele>
        <time>2026-08-16T13:19:08.000Z</time>
        <extensions>
          <ns3:TrackPointExtension>
            <ns3:hr>190</ns3:hr>
            <ns3:cad>87</ns3:cad>
          </ns3:TrackPointExtension>
        </extensions>
      </trkpt>
      <trkpt lat="30.32154620625078678131103515625" lon="120.049758888781070709228515625">
        <ele>6.599999904632568359375</ele>
        <time>2026-08-16T13:19:09.000Z</time>
        <extensions>
          <ns3:TrackPointExtension>
            <ns3:hr>190</ns3:hr>
            <ns3:cad>87</ns3:cad>
          </ns3:TrackPointExtension>
        </extensions>
      </trkpt>
      <trkpt lat="30.32153799198567867279052734375" lon="120.04972661845386028289794921875">
        <ele>6.599999904632568359375</ele>
        <time>2026-08-16T13:19:10.000Z</time>
        <extensions>
          <ns3:TrackPointExtension>
            <ns3:hr>190</ns3:hr>
            <ns3:cad>87</ns3:cad>
          </ns3:TrackPointExtension>
        </extensions>
      </trkpt>
      <trkpt lat="30.321532376110553741455078125" lon="120.0496930070221424102783203125">
        <ele>6.599999904632568359375</ele>
        <time>2026-08-16T13:19:11.000Z</time>
        <extensions>
          <ns3:TrackPointExtension>
            <ns3:hr>190</ns3:hr>
            <ns3:cad>87</ns3:cad>
          </ns3:TrackPointExtension>
        </extensions>
      </trkpt>
      <trkpt lat="30.321522317826747894287109375" lon="120.04966358654201030731201171875">
        <ele>6.599999904632568359375</ele>
        <time>2026-08-16T13:19:12.000Z</time>
        <extensions>
          <ns3:TrackPointExtension>
            <ns3:hr>191</ns3:hr>
            <ns3:cad>87</ns3:cad>
          </ns3:TrackPointExtension>
        </extensions>
      </trkpt>
      <trkpt lat="30.32151351682841777801513671875" lon="120.04963140003383159637451171875">
        <ele>6.599999904632568359375</ele>
        <time>2026-08-16T13:19:13.000Z</time>
        <extensions>
          <ns3:TrackPointExtension>
            <ns3:hr>190</ns3:hr>
            <ns3:cad>87</ns3:cad>
          </ns3:TrackPointExtension>
        </extensions>
      </trkpt>
      <trkpt lat="30.32150094397366046905517578125" lon="120.04960742779076099395751953125">
        <ele>6.599999904632568359375</ele>
        <time>2026-08-16T13:19:14.000Z</time>
        <extensions>
          <ns3:TrackPointExtension>
            <ns3:hr>190</ns3:hr>
            <ns3:cad>87</ns3:cad>
          </ns3:TrackPointExtension>
        </extensions>
      </trkpt>
      <trkpt lat="30.32149641774594783782958984375" lon="120.04957951605319976806640625">
        <ele>6.599999904632568359375</ele>
        <time>2026-08-16T13:19:15.000Z</time>
        <extensions>
          <ns3:TrackPointExtension>
            <ns3:hr>190</ns3:hr>
            <ns3:cad>87</ns3:cad>
          </ns3:TrackPointExtension>
        </extensions>
      </trkpt>
      <trkpt lat="30.32148552127182483673095703125" lon="120.04955001175403594970703125">
        <ele>6.599999904632568359375</ele>
        <time>2026-08-16T13:19:16.000Z</time>
        <extensions>
          <ns3:TrackPointExtension>
            <ns3:hr>191</ns3:hr>
            <ns3:cad>86</ns3:cad>
          </ns3:TrackPointExtension>
        </extensions>
      </trkpt>
      <trkpt lat="30.32147412188351154327392578125" lon="120.04951807670295238494873046875">
        <ele>6.80000019073486328125</ele>
        <time>2026-08-16T13:19:17.000Z</time>
        <extensions>
          <ns3:TrackPointExtension>
            <ns3:hr>190</ns3:hr>
            <ns3:cad>86</ns3:cad>
          </ns3:TrackPointExtension>
        </extensions>
      </trkpt>
      <trkpt lat="30.321465320885181427001953125" lon="120.049489997327327728271484375">
        <ele>7</ele>
        <time>2026-08-16T13:19:18.000Z</time>
        <extensions>
          <ns3:TrackPointExtension>
            <ns3:hr>190</ns3:hr>
            <ns3:cad>86</ns3:cad>
          </ns3:TrackPointExtension>
        </extensions>
      </trkpt>
      <trkpt lat="30.3214596211910247802734375" lon="120.04946175031363964080810546875">
        <ele>7.19999980926513671875</ele>
        <time>2026-08-16T13:19:19.000Z</time>
        <extensions>
          <ns3:TrackPointExtension>
            <ns3:hr>190</ns3:hr>
            <ns3:cad>86</ns3:cad>
          </ns3:TrackPointExtension>
        </extensions>
      </trkpt>
      <trkpt lat="30.3214515745639801025390625" lon="120.0494331680238246917724609375">
        <ele>7.19999980926513671875</ele>
        <time>2026-08-16T13:19:20.000Z</time>
        <extensions>
          <ns3:TrackPointExtension>
            <ns3:hr>189</ns3:hr>
            <ns3:cad>86</ns3:cad>
          </ns3:TrackPointExtension>
        </extensions>
      </trkpt>
      <trkpt lat="30.32144143246114253997802734375" lon="120.04940475337207317352294921875">
        <ele>7</ele>
        <time>2026-08-16T13:19:21.000Z</time>
        <extensions>
          <ns3:TrackPointExtension>
            <ns3:hr>189</ns3:hr>
            <ns3:cad>86</ns3:cad>
          </ns3:TrackPointExtension>
        </extensions>
      </trkpt>
      <trkpt lat="30.32143414020538330078125" lon="120.04937139339745044708251953125">
        <ele>6.80000019073486328125</ele>
        <time>2026-08-16T13:19:22.000Z</time>
        <extensions>
          <ns3:TrackPointExtension>
            <ns3:hr>189</ns3:hr>
            <ns3:cad>87</ns3:cad>
          </ns3:TrackPointExtension>
        </extensions>
      </trkpt>
      <trkpt lat="30.32142684794962406158447265625" lon="120.04934524185955524444580078125">
        <ele>6.599999904632568359375</ele>
        <time>2026-08-16T13:19:23.000Z</time>
        <extensions>
          <ns3:TrackPointExtension>
            <ns3:hr>190</ns3:hr>
            <ns3:cad>87</ns3:cad>
          </ns3:TrackPointExtension>
        </extensions>
      </trkpt>
      <trkpt lat="30.32142299227416515350341796875" lon="120.0493119657039642333984375">
        <ele>6.599999904632568359375</ele>
        <time>2026-08-16T13:19:24.000Z</time>
        <extensions>
          <ns3:TrackPointExtension>
            <ns3:hr>190</ns3:hr>
            <ns3:cad>87</ns3:cad>
          </ns3:TrackPointExtension>
        </extensions>
      </trkpt>
      <trkpt lat="30.32141695730388164520263671875" lon="120.049286149442195892333984375">
        <ele>6.599999904632568359375</ele>
        <time>2026-08-16T13:19:25.000Z</time>
        <extensions>
          <ns3:TrackPointExtension>
            <ns3:hr>190</ns3:hr>
            <ns3:cad>86</ns3:cad>
          </ns3:TrackPointExtension>
        </extensions>
      </trkpt>
      <trkpt lat="30.321414358913898468017578125" lon="120.04925153218209743499755859375">
        <ele>6.599999904632568359375</ele>
        <time>2026-08-16T13:19:26.000Z</time>
        <extensions>
          <ns3:TrackPointExtension>
            <ns3:hr>191</ns3:hr>
            <ns3:cad>86</ns3:cad>
          </ns3:TrackPointExtension>
        </extensions>
      </trkpt>
      <trkpt lat="30.32141561619937419891357421875" lon="120.0492219440639019012451171875">
        <ele>6.80000019073486328125</ele>
        <time>2026-08-16T13:19:27.000Z</time>
        <extensions>
          <ns3:TrackPointExtension>
            <ns3:hr>190</ns3:hr>
            <ns3:cad>86</ns3:cad>
          </ns3:TrackPointExtension>
        </extensions>
      </trkpt>
      <trkpt lat="30.32141393981873989105224609375" lon="120.04919252358376979827880859375">
        <ele>6.80000019073486328125</ele>
        <time>2026-08-16T13:19:28.000Z</time>
        <extensions>
          <ns3:TrackPointExtension>
            <ns3:hr>190</ns3:hr>
            <ns3:cad>86</ns3:cad>
          </ns3:TrackPointExtension>
        </extensions>
      </trkpt>
      <trkpt lat="30.3214094974100589752197265625" lon="120.0491644442081451416015625">
        <ele>6.80000019073486328125</ele>
        <time>2026-08-16T13:19:29.000Z</time>
        <extensions>
          <ns3:TrackPointExtension>
            <ns3:hr>190</ns3:hr>
            <ns3:cad>86</ns3:cad>
          </ns3:TrackPointExtension>
        </extensions>
      </trkpt>
      <trkpt lat="30.321403630077838897705078125" lon="120.049139298498630523681640625">
        <ele>6.80000019073486328125</ele>
        <time>2026-08-16T13:19:30.000Z</time>
        <extensions>
          <ns3:TrackPointExtension>
            <ns3:hr>190</ns3:hr>
            <ns3:cad>86</ns3:cad>
          </ns3:TrackPointExtension>
        </extensions>
      </trkpt>
      <trkpt lat="30.3213987685739994049072265625" lon="120.04910032264888286590576171875">
        <ele>7</ele>
        <time>2026-08-16T13:19:31.000Z</time>
        <extensions>
          <ns3:TrackPointExtension>
            <ns3:hr>191</ns3:hr>
            <ns3:cad>87</ns3:cad>
          </ns3:TrackPointExtension>
        </extensions>
      </trkpt>
      <trkpt lat="30.3213940747082233428955078125" lon="120.0490693934261798858642578125">
        <ele>7</ele>
        <time>2026-08-16T13:19:32.000Z</time>
        <extensions>
          <ns3:TrackPointExtension>
            <ns3:hr>189</ns3:hr>
            <ns3:cad>86</ns3:cad>
          </ns3:TrackPointExtension>
        </extensions>
      </trkpt>
      <trkpt lat="30.32138795591890811920166015625" lon="120.0490425713360309600830078125">
        <ele>7</ele>
        <time>2026-08-16T13:19:33.000Z</time>
        <extensions>
          <ns3:TrackPointExtension>
            <ns3:hr>189</ns3:hr>
            <ns3:cad>86</ns3:cad>
          </ns3:TrackPointExtension>
        </extensions>
      </trkpt>
      <trkpt lat="30.32138125039637088775634765625" lon="120.04901717416942119598388671875">
        <ele>7</ele>
        <time>2026-08-16T13:19:34.000Z</time>
        <extensions>
          <ns3:TrackPointExtension>
            <ns3:hr>189</ns3:hr>
            <ns3:cad>86</ns3:cad>
          </ns3:TrackPointExtension>
        </extensions>
      </trkpt>
      <trkpt lat="30.3213732875883579254150390625" lon="120.0489966385066509246826171875">
        <ele>7</ele>
        <time>2026-08-16T13:19:35.000Z</time>
        <extensions>
          <ns3:TrackPointExtension>
            <ns3:hr>189</ns3:hr>
            <ns3:cad>86</ns3:cad>
          </ns3:TrackPointExtension>
        </extensions>
      </trkpt>
      <trkpt lat="30.32137320376932621002197265625" lon="120.04897576756775379180908203125">
        <ele>7</ele>
        <time>2026-08-16T13:19:36.000Z</time>
        <extensions>
          <ns3:TrackPointExtension>
            <ns3:hr>189</ns3:hr>
            <ns3:cad>86</ns3:cad>
          </ns3:TrackPointExtension>
        </extensions>
      </trkpt>
      <trkpt lat="30.321365408599376678466796875" lon="120.04895447753369808197021484375">
        <ele>7</ele>
        <time>2026-08-16T13:19:37.000Z</time>
        <extensions>
          <ns3:TrackPointExtension>
            <ns3:hr>190</ns3:hr>
            <ns3:cad>85</ns3:cad>
          </ns3:TrackPointExtension>
        </extensions>
      </trkpt>
      <trkpt lat="30.32136079855263233184814453125" lon="120.04892681725323200225830078125">
        <ele>6.80000019073486328125</ele>
        <time>2026-08-16T13:19:38.000Z</time>
        <extensions>
          <ns3:TrackPointExtension>
            <ns3:hr>189</ns3:hr>
            <ns3:cad>85</ns3:cad>
          </ns3:TrackPointExtension>
        </extensions>
      </trkpt>
      <trkpt lat="30.32135560177266597747802734375" lon="120.048894546926021575927734375">
        <ele>6.80000019073486328125</ele>
        <time>2026-08-16T13:19:39.000Z</time>
        <extensions>
          <ns3:TrackPointExtension>
            <ns3:hr>189</ns3:hr>
            <ns3:cad>85</ns3:cad>
          </ns3:TrackPointExtension>
        </extensions>
      </trkpt>
      <trkpt lat="30.321347974240779876708984375" lon="120.0488665513694286346435546875">
        <ele>6.80000019073486328125</ele>
        <time>2026-08-16T13:19:40.000Z</time>
        <extensions>
          <ns3:TrackPointExtension>
            <ns3:hr>189</ns3:hr>
            <ns3:cad>85</ns3:cad>
          </ns3:TrackPointExtension>
        </extensions>
      </trkpt>
      <trkpt lat="30.3213444538414478302001953125" lon="120.048839561641216278076171875">
        <ele>6.80000019073486328125</ele>
        <time>2026-08-16T13:19:41.000Z</time>
        <extensions>
          <ns3:TrackPointExtension>
            <ns3:hr>189</ns3:hr>
            <ns3:cad>85</ns3:cad>
          </ns3:TrackPointExtension>
        </extensions>
      </trkpt>
      <trkpt lat="30.32133959233760833740234375" lon="120.04881131462752819061279296875">
        <ele>6.80000019073486328125</ele>
        <time>2026-08-16T13:19:42.000Z</time>
        <extensions>
          <ns3:TrackPointExtension>
            <ns3:hr>189</ns3:hr>
            <ns3:cad>85</ns3:cad>
          </ns3:TrackPointExtension>
        </extensions>
      </trkpt>
      <trkpt lat="30.32133422791957855224609375" lon="120.048781894147396087646484375">
        <ele>6.80000019073486328125</ele>
        <time>2026-08-16T13:19:43.000Z</time>
        <extensions>
          <ns3:TrackPointExtension>
            <ns3:hr>189</ns3:hr>
            <ns3:cad>85</ns3:cad>
          </ns3:TrackPointExtension>
        </extensions>
      </trkpt>
      <trkpt lat="30.32132425345480442047119140625" lon="120.048758089542388916015625">
        <ele>6.80000019073486328125</ele>
        <time>2026-08-16T13:19:44.000Z</time>
        <extensions>
          <ns3:TrackPointExtension>
            <ns3:hr>189</ns3:hr>
            <ns3:cad>85</ns3:cad>
          </ns3:TrackPointExtension>
        </extensions>
      </trkpt>
      <trkpt lat="30.3213149495422840118408203125" lon="120.04872933961451053619384765625">
        <ele>7</ele>
        <time>2026-08-16T13:19:45.000Z</time>
        <extensions>
          <ns3:TrackPointExtension>
            <ns3:hr>189</ns3:hr>
            <ns3:cad>85</ns3:cad>
          </ns3:TrackPointExtension>
        </extensions>
      </trkpt>
      <trkpt lat="30.32130564562976360321044921875" lon="120.0487002544105052947998046875">
        <ele>7</ele>
        <time>2026-08-16T13:19:46.000Z</time>
        <extensions>
          <ns3:TrackPointExtension>
            <ns3:hr>189</ns3:hr>
            <ns3:cad>85</ns3:cad>
          </ns3:TrackPointExtension>
        </extensions>
      </trkpt>
      <trkpt lat="30.32129424624145030975341796875" lon="120.04867150448262691497802734375">
        <ele>7</ele>
        <time>2026-08-16T13:19:47.000Z</time>
        <extensions>
          <ns3:TrackPointExtension>
            <ns3:hr>189</ns3:hr>
            <ns3:cad>85</ns3:cad>
          </ns3:TrackPointExtension>
        </extensions>
      </trkpt>
      <trkpt lat="30.32128594815731048583984375" lon="120.0486414134502410888671875">
        <ele>7</ele>
        <time>2026-08-16T13:19:48.000Z</time>
        <extensions>
          <ns3:TrackPointExtension>
            <ns3:hr>189</ns3:hr>
            <ns3:cad>85</ns3:cad>
          </ns3:TrackPointExtension>
        </extensions>
      </trkpt>
      <trkpt lat="30.32127496786415576934814453125" lon="120.048615597188472747802734375">
        <ele>7</ele>
        <time>2026-08-16T13:19:49.000Z</time>
        <extensions>
          <ns3:TrackPointExtension>
            <ns3:hr>189</ns3:hr>
            <ns3:cad>86</ns3:cad>
          </ns3:TrackPointExtension>
        </extensions>
      </trkpt>
      <trkpt lat="30.32126826234161853790283203125" lon="120.0485824048519134521484375">
        <ele>7</ele>
        <time>2026-08-16T13:19:50.000Z</time>
        <extensions>
          <ns3:TrackPointExtension>
            <ns3:hr>189</ns3:hr>
            <ns3:cad>86</ns3:cad>
          </ns3:TrackPointExtension>
        </extensions>
      </trkpt>
      <trkpt lat="30.32126205973327159881591796875" lon="120.0485560856759548187255859375">
        <ele>7</ele>
        <time>2026-08-16T13:19:51.000Z</time>
        <extensions>
          <ns3:TrackPointExtension>
            <ns3:hr>189</ns3:hr>
            <ns3:cad>87</ns3:cad>
          </ns3:TrackPointExtension>
        </extensions>
      </trkpt>
      <trkpt lat="30.32125501893460750579833984375" lon="120.048517026007175445556640625">
        <ele>7</ele>
        <time>2026-08-16T13:19:52.000Z</time>
        <extensions>
          <ns3:TrackPointExtension>
            <ns3:hr>189</ns3:hr>
            <ns3:cad>87</ns3:cad>
          </ns3:TrackPointExtension>
        </extensions>
      </trkpt>
      <trkpt lat="30.32125066034495830535888671875" lon="120.04848978482186794281005859375">
        <ele>7</ele>
        <time>2026-08-16T13:19:53.000Z</time>
        <extensions>
          <ns3:TrackPointExtension>
            <ns3:hr>189</ns3:hr>
            <ns3:cad>87</ns3:cad>
          </ns3:TrackPointExtension>
        </extensions>
      </trkpt>
      <trkpt lat="30.3212482295930385589599609375" lon="120.04845910705626010894775390625">
        <ele>7</ele>
        <time>2026-08-16T13:19:54.000Z</time>
        <extensions>
          <ns3:TrackPointExtension>
            <ns3:hr>188</ns3:hr>
            <ns3:cad>87</ns3:cad>
          </ns3:TrackPointExtension>
        </extensions>
      </trkpt>
      <trkpt lat="30.32124579884111881256103515625" lon="120.0484280101954936981201171875">
        <ele>7</ele>
        <time>2026-08-16T13:19:55.000Z</time>
        <extensions>
          <ns3:TrackPointExtension>
            <ns3:hr>189</ns3:hr>
            <ns3:cad>87</ns3:cad>
          </ns3:TrackPointExtension>
        </extensions>
      </trkpt>
      <trkpt lat="30.321242026984691619873046875" lon="120.0484026968479156494140625">
        <ele>7</ele>
        <time>2026-08-16T13:19:56.000Z</time>
        <extensions>
          <ns3:TrackPointExtension>
            <ns3:hr>189</ns3:hr>
            <ns3:cad>87</ns3:cad>
          </ns3:TrackPointExtension>
        </extensions>
      </trkpt>
      <trkpt lat="30.3212401829659938812255859375" lon="120.04837210290133953094482421875">
        <ele>6.80000019073486328125</ele>
        <time>2026-08-16T13:19:57.000Z</time>
        <extensions>
          <ns3:TrackPointExtension>
            <ns3:hr>189</ns3:hr>
            <ns3:cad>87</ns3:cad>
          </ns3:TrackPointExtension>
        </extensions>
      </trkpt>
      <trkpt lat="30.32123222015798091888427734375" lon="120.04834913648664951324462890625">
        <ele>6.80000019073486328125</ele>
        <time>2026-08-16T13:19:58.000Z</time>
        <extensions>
          <ns3:TrackPointExtension>
            <ns3:hr>189</ns3:hr>
            <ns3:cad>86</ns3:cad>
          </ns3:TrackPointExtension>
        </extensions>
      </trkpt>
      <trkpt lat="30.32122937031090259552001953125" lon="120.0483173690736293792724609375">
        <ele>7</ele>
        <time>2026-08-16T13:19:59.000Z</time>
        <extensions>
          <ns3:TrackPointExtension>
            <ns3:hr>189</ns3:hr>
            <ns3:cad>86</ns3:cad>
          </ns3:TrackPointExtension>
        </extensions>
      </trkpt>
      <trkpt lat="30.3212217427790164947509765625" lon="120.04829213954508304595947265625">
        <ele>7</ele>
        <time>2026-08-16T13:20:00.000Z</time>
        <extensions>
          <ns3:TrackPointExtension>
            <ns3:hr>188</ns3:hr>
            <ns3:cad>86</ns3:cad>
          </ns3:TrackPointExtension>
        </extensions>
      </trkpt>
      <trkpt lat="30.32121662981808185577392578125" lon="120.04825995303690433502197265625">
        <ele>7</ele>
        <time>2026-08-16T13:20:01.000Z</time>
        <extensions>
          <ns3:TrackPointExtension>
            <ns3:hr>188</ns3:hr>
            <ns3:cad>86</ns3:cad>
          </ns3:TrackPointExtension>
        </extensions>
      </trkpt>
      <trkpt lat="30.32121025957167148590087890625" lon="120.0482312031090259552001953125">
        <ele>7</ele>
        <time>2026-08-16T13:20:02.000Z</time>
        <extensions>
          <ns3:TrackPointExtension>
            <ns3:hr>188</ns3:hr>
            <ns3:cad>86</ns3:cad>
          </ns3:TrackPointExtension>
        </extensions>
      </trkpt>
      <trkpt lat="30.32120506279170513153076171875" lon="120.04820010624825954437255859375">
        <ele>7</ele>
        <time>2026-08-16T13:20:03.000Z</time>
        <extensions>
          <ns3:TrackPointExtension>
            <ns3:hr>188</ns3:hr>
            <ns3:cad>86</ns3:cad>
          </ns3:TrackPointExtension>
        </extensions>
      </trkpt>
      <trkpt lat="30.32119902782142162322998046875" lon="120.04817060194909572601318359375">
        <ele>6.80000019073486328125</ele>
        <time>2026-08-16T13:20:04.000Z</time>
        <extensions>
          <ns3:TrackPointExtension>
            <ns3:hr>187</ns3:hr>
            <ns3:cad>86</ns3:cad>
          </ns3:TrackPointExtension>
        </extensions>
      </trkpt>
      <trkpt lat="30.32119031064212322235107421875" lon="120.04814025945961475372314453125">
        <ele>6.80000019073486328125</ele>
        <time>2026-08-16T13:20:05.000Z</time>
        <extensions>
          <ns3:TrackPointExtension>
            <ns3:hr>187</ns3:hr>
            <ns3:cad>87</ns3:cad>
          </ns3:TrackPointExtension>
        </extensions>
      </trkpt>
      <trkpt lat="30.32118544913828372955322265625" lon="120.04810824058949947357177734375">
        <ele>6.599999904632568359375</ele>
        <time>2026-08-16T13:20:06.000Z</time>
        <extensions>
          <ns3:TrackPointExtension>
            <ns3:hr>187</ns3:hr>
            <ns3:cad>87</ns3:cad>
          </ns3:TrackPointExtension>
        </extensions>
      </trkpt>
      <trkpt lat="30.32117723487317562103271484375" lon="120.04808225668966770172119140625">
        <ele>6.599999904632568359375</ele>
        <time>2026-08-16T13:20:07.000Z</time>
        <extensions>
          <ns3:TrackPointExtension>
            <ns3:hr>188</ns3:hr>
            <ns3:cad>87</ns3:cad>
          </ns3:TrackPointExtension>
        </extensions>
      </trkpt>
      <trkpt lat="30.32117404974997043609619140625" lon="120.04804805852472782135009765625">
        <ele>6.599999904632568359375</ele>
        <time>2026-08-16T13:20:08.000Z</time>
        <extensions>
          <ns3:TrackPointExtension>
            <ns3:hr>187</ns3:hr>
            <ns3:cad>87</ns3:cad>
          </ns3:TrackPointExtension>
        </extensions>
      </trkpt>
      <trkpt lat="30.321166254580020904541015625" lon="120.04802090115845203399658203125">
        <ele>6.400000095367431640625</ele>
        <time>2026-08-16T13:20:09.000Z</time>
        <extensions>
          <ns3:TrackPointExtension>
            <ns3:hr>187</ns3:hr>
            <ns3:cad>87</ns3:cad>
          </ns3:TrackPointExtension>
        </extensions>
      </trkpt>
      <trkpt lat="30.3211620636284351348876953125" lon="120.04798653535544872283935546875">
        <ele>6.400000095367431640625</ele>
        <time>2026-08-16T13:20:10.000Z</time>
        <extensions>
          <ns3:TrackPointExtension>
            <ns3:hr>187</ns3:hr>
            <ns3:cad>86</ns3:cad>
          </ns3:TrackPointExtension>
        </extensions>
      </trkpt>
      <trkpt lat="30.3211556933820247650146484375" lon="120.04795636050403118133544921875">
        <ele>6.400000095367431640625</ele>
        <time>2026-08-16T13:20:11.000Z</time>
        <extensions>
          <ns3:TrackPointExtension>
            <ns3:hr>188</ns3:hr>
            <ns3:cad>86</ns3:cad>
          </ns3:TrackPointExtension>
        </extensions>
      </trkpt>
      <trkpt lat="30.32114806585013866424560546875" lon="120.04792383871972560882568359375">
        <ele>6.400000095367431640625</ele>
        <time>2026-08-16T13:20:12.000Z</time>
        <extensions>
          <ns3:TrackPointExtension>
            <ns3:hr>187</ns3:hr>
            <ns3:cad>86</ns3:cad>
          </ns3:TrackPointExtension>
        </extensions>
      </trkpt>
      <trkpt lat="30.32114303670823574066162109375" lon="120.04789332859218120574951171875">
        <ele>6.19999980926513671875</ele>
        <time>2026-08-16T13:20:13.000Z</time>
        <extensions>
          <ns3:TrackPointExtension>
            <ns3:hr>187</ns3:hr>
            <ns3:cad>86</ns3:cad>
          </ns3:TrackPointExtension>
        </extensions>
      </trkpt>
      <trkpt lat="30.32113616354763507843017578125" lon="120.04786415956914424896240234375">
        <ele>6.19999980926513671875</ele>
        <time>2026-08-16T13:20:14.000Z</time>
        <extensions>
          <ns3:TrackPointExtension>
            <ns3:hr>188</ns3:hr>
            <ns3:cad>86</ns3:cad>
          </ns3:TrackPointExtension>
        </extensions>
      </trkpt>
      <trkpt lat="30.32113130204379558563232421875" lon="120.04782962612807750701904296875">
        <ele>6.19999980926513671875</ele>
        <time>2026-08-16T13:20:15.000Z</time>
        <extensions>
          <ns3:TrackPointExtension>
            <ns3:hr>187</ns3:hr>
            <ns3:cad>86</ns3:cad>
          </ns3:TrackPointExtension>
        </extensions>
      </trkpt>
      <trkpt lat="30.3211241774260997772216796875" lon="120.047800876200199127197265625">
        <ele>6</ele>
        <time>2026-08-16T13:20:16.000Z</time>
        <extensions>
          <ns3:TrackPointExtension>
            <ns3:hr>188</ns3:hr>
            <ns3:cad>86</ns3:cad>
          </ns3:TrackPointExtension>
        </extensions>
      </trkpt>
      <trkpt lat="30.32112040556967258453369140625" lon="120.0477638281881809234619140625">
        <ele>6</ele>
        <time>2026-08-16T13:20:17.000Z</time>
        <extensions>
          <ns3:TrackPointExtension>
            <ns3:hr>188</ns3:hr>
            <ns3:cad>85</ns3:cad>
          </ns3:TrackPointExtension>
        </extensions>
      </trkpt>
      <trkpt lat="30.32111235894262790679931640625" lon="120.0477306358516216278076171875">
        <ele>6</ele>
        <time>2026-08-16T13:20:18.000Z</time>
        <extensions>
          <ns3:TrackPointExtension>
            <ns3:hr>188</ns3:hr>
            <ns3:cad>86</ns3:cad>
          </ns3:TrackPointExtension>
        </extensions>
      </trkpt>
      <trkpt lat="30.32110967673361301422119140625" lon="120.0476964376866817474365234375">
        <ele>5.80000019073486328125</ele>
        <time>2026-08-16T13:20:19.000Z</time>
        <extensions>
          <ns3:TrackPointExtension>
            <ns3:hr>187</ns3:hr>
            <ns3:cad>86</ns3:cad>
          </ns3:TrackPointExtension>
        </extensions>
      </trkpt>
      <trkpt lat="30.321104563772678375244140625" lon="120.04766165278851985931396484375">
        <ele>5.80000019073486328125</ele>
        <time>2026-08-16T13:20:20.000Z</time>
        <extensions>
          <ns3:TrackPointExtension>
            <ns3:hr>188</ns3:hr>
            <ns3:cad>86</ns3:cad>
          </ns3:TrackPointExtension>
        </extensions>
      </trkpt>
      <trkpt lat="30.3210997022688388824462890625" lon="120.0476277060806751251220703125">
        <ele>5.80000019073486328125</ele>
        <time>2026-08-16T13:20:21.000Z</time>
        <extensions>
          <ns3:TrackPointExtension>
            <ns3:hr>188</ns3:hr>
            <ns3:cad>86</ns3:cad>
          </ns3:TrackPointExtension>
        </extensions>
      </trkpt>
      <trkpt lat="30.32109324820339679718017578125" lon="120.04759225063025951385498046875">
        <ele>5.599999904632568359375</ele>
        <time>2026-08-16T13:20:22.000Z</time>
        <extensions>
          <ns3:TrackPointExtension>
            <ns3:hr>188</ns3:hr>
            <ns3:cad>86</ns3:cad>
          </ns3:TrackPointExtension>
        </extensions>
      </trkpt>
      <trkpt lat="30.321085453033447265625" lon="120.04756391979753971099853515625">
        <ele>5.400000095367431640625</ele>
        <time>2026-08-16T13:20:23.000Z</time>
        <extensions>
          <ns3:TrackPointExtension>
            <ns3:hr>188</ns3:hr>
            <ns3:cad>86</ns3:cad>
          </ns3:TrackPointExtension>
        </extensions>
      </trkpt>
      <trkpt lat="30.32107539474964141845703125" lon="120.04752762615680694580078125">
        <ele>5.400000095367431640625</ele>
        <time>2026-08-16T13:20:24.000Z</time>
        <extensions>
          <ns3:TrackPointExtension>
            <ns3:hr>189</ns3:hr>
            <ns3:cad>86</ns3:cad>
          </ns3:TrackPointExtension>
        </extensions>
      </trkpt>
      <trkpt lat="30.3210631571710109710693359375" lon="120.047501809895038604736328125">
        <ele>5.19999980926513671875</ele>
        <time>2026-08-16T13:20:25.000Z</time>
        <extensions>
          <ns3:TrackPointExtension>
            <ns3:hr>189</ns3:hr>
            <ns3:cad>86</ns3:cad>
          </ns3:TrackPointExtension>
        </extensions>
      </trkpt>
      <trkpt lat="30.32103382050991058349609375" lon="120.0474775023758411407470703125">
        <ele>5.19999980926513671875</ele>
        <time>2026-08-16T13:20:26.000Z</time>
        <extensions>
          <ns3:TrackPointExtension>
            <ns3:hr>189</ns3:hr>
            <ns3:cad>86</ns3:cad>
          </ns3:TrackPointExtension>
        </extensions>
      </trkpt>
      <trkpt lat="30.32101093791425228118896484375" lon="120.04746115766465663909912109375">
        <ele>5.19999980926513671875</ele>
        <time>2026-08-16T13:20:27.000Z</time>
        <extensions>
          <ns3:TrackPointExtension>
            <ns3:hr>189</ns3:hr>
            <ns3:cad>86</ns3:cad>
          </ns3:TrackPointExtension>
        </extensions>
      </trkpt>
      <trkpt lat="30.3209853731095790863037109375" lon="120.047458223998546600341796875">
        <ele>5.19999980926513671875</ele>
        <time>2026-08-16T13:20:28.000Z</time>
        <extensions>
          <ns3:TrackPointExtension>
            <ns3:hr>189</ns3:hr>
            <ns3:cad>86</ns3:cad>
          </ns3:TrackPointExtension>
        </extensions>
      </trkpt>
      <trkpt lat="30.32095796428620815277099609375" lon="120.04744254983961582183837890625">
        <ele>5</ele>
        <time>2026-08-16T13:20:29.000Z</time>
        <extensions>
          <ns3:TrackPointExtension>
            <ns3:hr>189</ns3:hr>
            <ns3:cad>86</ns3:cad>
          </ns3:TrackPointExtension>
        </extensions>
      </trkpt>
      <trkpt lat="30.32093516550958156585693359375" lon="120.0474288873374462127685546875">
        <ele>5</ele>
        <time>2026-08-16T13:20:30.000Z</time>
        <extensions>
          <ns3:TrackPointExtension>
            <ns3:hr>190</ns3:hr>
            <ns3:cad>86</ns3:cad>
          </ns3:TrackPointExtension>
        </extensions>
      </trkpt>
      <trkpt lat="30.320911109447479248046875" lon="120.04741220735013484954833984375">
        <ele>5</ele>
        <time>2026-08-16T13:20:31.000Z</time>
        <extensions>
          <ns3:TrackPointExtension>
            <ns3:hr>190</ns3:hr>
            <ns3:cad>86</ns3:cad>
          </ns3:TrackPointExtension>
        </extensions>
      </trkpt>
      <trkpt lat="30.32089241780340671539306640625" lon="120.047399215400218963623046875">
        <ele>4.80000019073486328125</ele>
        <time>2026-08-16T13:20:32.000Z</time>
        <extensions>
          <ns3:TrackPointExtension>
            <ns3:hr>190</ns3:hr>
            <ns3:cad>86</ns3:cad>
          </ns3:TrackPointExtension>
        </extensions>
      </trkpt>
      <trkpt lat="30.32086375169456005096435546875" lon="120.04738739691674709320068359375">
        <ele>4.80000019073486328125</ele>
        <time>2026-08-16T13:20:33.000Z</time>
        <extensions>
          <ns3:TrackPointExtension>
            <ns3:hr>190</ns3:hr>
            <ns3:cad>86</ns3:cad>
          </ns3:TrackPointExtension>
        </extensions>
      </trkpt>
      <trkpt lat="30.3208422102034091949462890625" lon="120.04737683571875095367431640625">
        <ele>4.80000019073486328125</ele>
        <time>2026-08-16T13:20:34.000Z</time>
        <extensions>
          <ns3:TrackPointExtension>
            <ns3:hr>190</ns3:hr>
            <ns3:cad>86</ns3:cad>
          </ns3:TrackPointExtension>
        </extensions>
      </trkpt>
      <trkpt lat="30.32081262208521366119384765625" lon="120.0473537854850292205810546875">
        <ele>4.80000019073486328125</ele>
        <time>2026-08-16T13:20:35.000Z</time>
        <extensions>
          <ns3:TrackPointExtension>
            <ns3:hr>190</ns3:hr>
            <ns3:cad>86</ns3:cad>
          </ns3:TrackPointExtension>
        </extensions>
      </trkpt>
      <trkpt lat="30.32078630290925502777099609375" lon="120.04733911715447902679443359375">
        <ele>4.599999904632568359375</ele>
        <time>2026-08-16T13:20:36.000Z</time>
        <extensions>
          <ns3:TrackPointExtension>
            <ns3:hr>190</ns3:hr>
            <ns3:cad>86</ns3:cad>
          </ns3:TrackPointExtension>
        </extensions>
      </trkpt>
      <trkpt lat="30.32077272422611713409423828125" lon="120.04733475856482982635498046875">
        <ele>4.599999904632568359375</ele>
        <time>2026-08-16T13:20:37.000Z</time>
        <extensions>
          <ns3:TrackPointExtension>
            <ns3:hr>190</ns3:hr>
            <ns3:cad>87</ns3:cad>
          </ns3:TrackPointExtension>
        </extensions>
      </trkpt>
      <trkpt lat="30.32075076363980770111083984375" lon="120.04732117988169193267822265625">
        <ele>4.400000095367431640625</ele>
        <time>2026-08-16T13:20:38.000Z</time>
        <extensions>
          <ns3:TrackPointExtension>
            <ns3:hr>190</ns3:hr>
            <ns3:cad>87</ns3:cad>
          </ns3:TrackPointExtension>
        </extensions>
      </trkpt>
      <trkpt lat="30.32073014415800571441650390625" lon="120.04731581546366214752197265625">
        <ele>4.19999980926513671875</ele>
        <time>2026-08-16T13:20:39.000Z</time>
        <extensions>
          <ns3:TrackPointExtension>
            <ns3:hr>190</ns3:hr>
            <ns3:cad>87</ns3:cad>
          </ns3:TrackPointExtension>
        </extensions>
      </trkpt>
      <trkpt lat="30.32070801593363285064697265625" lon="120.04729553125798702239990234375">
        <ele>4.19999980926513671875</ele>
        <time>2026-08-16T13:20:40.000Z</time>
        <extensions>
          <ns3:TrackPointExtension>
            <ns3:hr>190</ns3:hr>
            <ns3:cad>87</ns3:cad>
          </ns3:TrackPointExtension>
        </extensions>
      </trkpt>
      <trkpt lat="30.32068437896668910980224609375" lon="120.04727826453745365142822265625">
        <ele>4.19999980926513671875</ele>
        <time>2026-08-16T13:20:41.000Z</time>
        <extensions>
          <ns3:TrackPointExtension>
            <ns3:hr>190</ns3:hr>
            <ns3:cad>87</ns3:cad>
          </ns3:TrackPointExtension>
        </extensions>
      </trkpt>
      <trkpt lat="30.32066459767520427703857421875" lon="120.0472520291805267333984375">
        <ele>4</ele>
        <time>2026-08-16T13:20:42.000Z</time>
        <extensions>
          <ns3:TrackPointExtension>
            <ns3:hr>189</ns3:hr>
            <ns3:cad>86</ns3:cad>
          </ns3:TrackPointExtension>
        </extensions>
      </trkpt>
      <trkpt lat="30.3206524439156055450439453125" lon="120.04722042940557003021240234375">
        <ele>4</ele>
        <time>2026-08-16T13:20:43.000Z</time>
        <extensions>
          <ns3:TrackPointExtension>
            <ns3:hr>189</ns3:hr>
            <ns3:cad>86</ns3:cad>
          </ns3:TrackPointExtension>
        </extensions>
      </trkpt>
      <trkpt lat="30.320639871060848236083984375" lon="120.04719528369605541229248046875">
        <ele>3.7999999523162841796875</ele>
        <time>2026-08-16T13:20:44.000Z</time>
        <extensions>
          <ns3:TrackPointExtension>
            <ns3:hr>189</ns3:hr>
            <ns3:cad>85</ns3:cad>
          </ns3:TrackPointExtension>
        </extensions>
      </trkpt>
      <trkpt lat="30.3206309862434864044189453125" lon="120.04715873859822750091552734375">
        <ele>3.7999999523162841796875</ele>
        <time>2026-08-16T13:20:45.000Z</time>
        <extensions>
          <ns3:TrackPointExtension>
            <ns3:hr>189</ns3:hr>
            <ns3:cad>85</ns3:cad>
          </ns3:TrackPointExtension>
        </extensions>
      </trkpt>
      <trkpt lat="30.320617742836475372314453125" lon="120.0471338443458080291748046875">
        <ele>3.599999904632568359375</ele>
        <time>2026-08-16T13:20:46.000Z</time>
        <extensions>
          <ns3:TrackPointExtension>
            <ns3:hr>189</ns3:hr>
            <ns3:cad>85</ns3:cad>
          </ns3:TrackPointExtension>
        </extensions>
      </trkpt>
      <trkpt lat="30.32060542143881320953369140625" lon="120.0471016578376293182373046875">
        <ele>3.599999904632568359375</ele>
        <time>2026-08-16T13:20:47.000Z</time>
        <extensions>
          <ns3:TrackPointExtension>
            <ns3:hr>189</ns3:hr>
            <ns3:cad>85</ns3:cad>
          </ns3:TrackPointExtension>
        </extensions>
      </trkpt>
      <trkpt lat="30.3205959498882293701171875" lon="120.04707123152911663055419921875">
        <ele>3.400000095367431640625</ele>
        <time>2026-08-16T13:20:48.000Z</time>
        <extensions>
          <ns3:TrackPointExtension>
            <ns3:hr>189</ns3:hr>
            <ns3:cad>85</ns3:cad>
          </ns3:TrackPointExtension>
        </extensions>
      </trkpt>
      <trkpt lat="30.32058597542345523834228515625" lon="120.04703971557319164276123046875">
        <ele>3.400000095367431640625</ele>
        <time>2026-08-16T13:20:49.000Z</time>
        <extensions>
          <ns3:TrackPointExtension>
            <ns3:hr>189</ns3:hr>
            <ns3:cad>86</ns3:cad>
          </ns3:TrackPointExtension>
        </extensions>
      </trkpt>
      <trkpt lat="30.32057960517704486846923828125" lon="120.04700635559856891632080078125">
        <ele>3.400000095367431640625</ele>
        <time>2026-08-16T13:20:50.000Z</time>
        <extensions>
          <ns3:TrackPointExtension>
            <ns3:hr>188</ns3:hr>
            <ns3:cad>86</ns3:cad>
          </ns3:TrackPointExtension>
        </extensions>
      </trkpt>
      <trkpt lat="30.3205726481974124908447265625" lon="120.046974755823612213134765625">
        <ele>3.2000000476837158203125</ele>
        <time>2026-08-16T13:20:51.000Z</time>
        <extensions>
          <ns3:TrackPointExtension>
            <ns3:hr>189</ns3:hr>
            <ns3:cad>86</ns3:cad>
          </ns3:TrackPointExtension>
        </extensions>
      </trkpt>
      <trkpt lat="30.32056904397904872894287109375" lon="120.04694215022027492523193359375">
        <ele>3.2000000476837158203125</ele>
        <time>2026-08-16T13:20:52.000Z</time>
        <extensions>
          <ns3:TrackPointExtension>
            <ns3:hr>188</ns3:hr>
            <ns3:cad>86</ns3:cad>
          </ns3:TrackPointExtension>
        </extensions>
      </trkpt>
      <trkpt lat="30.32056309282779693603515625" lon="120.04691683687269687652587890625">
        <ele>3</ele>
        <time>2026-08-16T13:20:53.000Z</time>
        <extensions>
          <ns3:TrackPointExtension>
            <ns3:hr>188</ns3:hr>
            <ns3:cad>86</ns3:cad>
          </ns3:TrackPointExtension>
        </extensions>
      </trkpt>
      <trkpt lat="30.32056116499006748199462890625" lon="120.04687962122261524200439453125">
        <ele>3</ele>
        <time>2026-08-16T13:20:54.000Z</time>
        <extensions>
          <ns3:TrackPointExtension>
            <ns3:hr>188</ns3:hr>
            <ns3:cad>86</ns3:cad>
          </ns3:TrackPointExtension>
        </extensions>
      </trkpt>
      <trkpt lat="30.3205565549433231353759765625" lon="120.04684944637119770050048828125">
        <ele>2.7999999523162841796875</ele>
        <time>2026-08-16T13:20:55.000Z</time>
        <extensions>
          <ns3:TrackPointExtension>
            <ns3:hr>188</ns3:hr>
            <ns3:cad>86</ns3:cad>
          </ns3:TrackPointExtension>
        </extensions>
      </trkpt>
      <trkpt lat="30.32055580057203769683837890625" lon="120.04681558348238468170166015625">
        <ele>2.7999999523162841796875</ele>
        <time>2026-08-16T13:20:56.000Z</time>
        <extensions>
          <ns3:TrackPointExtension>
            <ns3:hr>188</ns3:hr>
            <ns3:cad>86</ns3:cad>
          </ns3:TrackPointExtension>
        </extensions>
      </trkpt>
      <trkpt lat="30.32055437564849853515625" lon="120.04678423516452312469482421875">
        <ele>2.7999999523162841796875</ele>
        <time>2026-08-16T13:20:57.000Z</time>
        <extensions>
          <ns3:TrackPointExtension>
            <ns3:hr>188</ns3:hr>
            <ns3:cad>86</ns3:cad>
          </ns3:TrackPointExtension>
        </extensions>
      </trkpt>
      <trkpt lat="30.32055714167654514312744140625" lon="120.046752803027629852294921875">
        <ele>2.7999999523162841796875</ele>
        <time>2026-08-16T13:20:58.000Z</time>
        <extensions>
          <ns3:TrackPointExtension>
            <ns3:hr>188</ns3:hr>
            <ns3:cad>86</ns3:cad>
          </ns3:TrackPointExtension>
        </extensions>
      </trkpt>
      <trkpt lat="30.32056284137070178985595703125" lon="120.04672304727137088775634765625">
        <ele>2.7999999523162841796875</ele>
        <time>2026-08-16T13:20:59.000Z</time>
        <extensions>
          <ns3:TrackPointExtension>
            <ns3:hr>188</ns3:hr>
            <ns3:cad>86</ns3:cad>
          </ns3:TrackPointExtension>
        </extensions>
      </trkpt>
      <trkpt lat="30.32056451775133609771728515625" lon="120.0466963090002536773681640625">
        <ele>2.7999999523162841796875</ele>
        <time>2026-08-16T13:21:00.000Z</time>
        <extensions>
          <ns3:TrackPointExtension>
            <ns3:hr>187</ns3:hr>
            <ns3:cad>86</ns3:cad>
          </ns3:TrackPointExtension>
        </extensions>
      </trkpt>
      <trkpt lat="30.32057055272161960601806640625" lon="120.04666487686336040496826171875">
        <ele>2.7999999523162841796875</ele>
        <time>2026-08-16T13:21:01.000Z</time>
        <extensions>
          <ns3:TrackPointExtension>
            <ns3:hr>188</ns3:hr>
            <ns3:cad>86</ns3:cad>
          </ns3:TrackPointExtension>
        </extensions>
      </trkpt>
      <trkpt lat="30.32057784497737884521484375" lon="120.046636797487735748291015625">
        <ele>2.599999904632568359375</ele>
        <time>2026-08-16T13:21:02.000Z</time>
        <extensions>
          <ns3:TrackPointExtension>
            <ns3:hr>188</ns3:hr>
            <ns3:cad>86</ns3:cad>
          </ns3:TrackPointExtension>
        </extensions>
      </trkpt>
      <trkpt lat="30.3205941058695316314697265625" lon="120.0466044433414936065673828125">
        <ele>2.7999999523162841796875</ele>
        <time>2026-08-16T13:21:03.000Z</time>
        <extensions>
          <ns3:TrackPointExtension>
            <ns3:hr>187</ns3:hr>
            <ns3:cad>86</ns3:cad>
          </ns3:TrackPointExtension>
        </extensions>
      </trkpt>
      <trkpt lat="30.3206068463623523712158203125" lon="120.046577118337154388427734375">
        <ele>2.7999999523162841796875</ele>
        <time>2026-08-16T13:21:04.000Z</time>
        <extensions>
          <ns3:TrackPointExtension>
            <ns3:hr>187</ns3:hr>
            <ns3:cad>86</ns3:cad>
          </ns3:TrackPointExtension>
        </extensions>
      </trkpt>
      <trkpt lat="30.320617742836475372314453125" lon="120.0465504638850688934326171875">
        <ele>2.7999999523162841796875</ele>
        <time>2026-08-16T13:21:05.000Z</time>
        <extensions>
          <ns3:TrackPointExtension>
            <ns3:hr>187</ns3:hr>
            <ns3:cad>86</ns3:cad>
          </ns3:TrackPointExtension>
        </extensions>
      </trkpt>
      <trkpt lat="30.32063174061477184295654296875" lon="120.046520791947841644287109375">
        <ele>2.7999999523162841796875</ele>
        <time>2026-08-16T13:21:06.000Z</time>
        <extensions>
          <ns3:TrackPointExtension>
            <ns3:hr>187</ns3:hr>
            <ns3:cad>86</ns3:cad>
          </ns3:TrackPointExtension>
        </extensions>
      </trkpt>
      <trkpt lat="30.32064397819340229034423828125" lon="120.04649623297154903411865234375">
        <ele>2.7999999523162841796875</ele>
        <time>2026-08-16T13:21:07.000Z</time>
        <extensions>
          <ns3:TrackPointExtension>
            <ns3:hr>188</ns3:hr>
            <ns3:cad>86</ns3:cad>
          </ns3:TrackPointExtension>
        </extensions>
      </trkpt>
      <trkpt lat="30.32065772451460361480712890625" lon="120.0464746914803981781005859375">
        <ele>2.7999999523162841796875</ele>
        <time>2026-08-16T13:21:08.000Z</time>
        <extensions>
          <ns3:TrackPointExtension>
            <ns3:hr>187</ns3:hr>
            <ns3:cad>86</ns3:cad>
          </ns3:TrackPointExtension>
        </extensions>
      </trkpt>
      <trkpt lat="30.32067281194031238555908203125" lon="120.046448372304439544677734375">
        <ele>2.7999999523162841796875</ele>
        <time>2026-08-16T13:21:09.000Z</time>
        <extensions>
          <ns3:TrackPointExtension>
            <ns3:hr>188</ns3:hr>
            <ns3:cad>85</ns3:cad>
          </ns3:TrackPointExtension>
        </extensions>
      </trkpt>
      <trkpt lat="30.32068538479506969451904296875" lon="120.04641828127205371856689453125">
        <ele>2.7999999523162841796875</ele>
        <time>2026-08-16T13:21:10.000Z</time>
        <extensions>
          <ns3:TrackPointExtension>
            <ns3:hr>188</ns3:hr>
            <ns3:cad>85</ns3:cad>
          </ns3:TrackPointExtension>
        </extensions>
      </trkpt>
      <trkpt lat="30.32070382498204708099365234375" lon="120.046377964317798614501953125">
        <ele>2.7999999523162841796875</ele>
        <time>2026-08-16T13:21:11.000Z</time>
        <extensions>
          <ns3:TrackPointExtension>
            <ns3:hr>188</ns3:hr>
            <ns3:cad>85</ns3:cad>
          </ns3:TrackPointExtension>
        </extensions>
      </trkpt>
      <trkpt lat="30.3207141347229480743408203125" lon="120.04635055549442768096923828125">
        <ele>2.7999999523162841796875</ele>
        <time>2026-08-16T13:21:12.000Z</time>
        <extensions>
          <ns3:TrackPointExtension>
            <ns3:hr>187</ns3:hr>
            <ns3:cad>85</ns3:cad>
          </ns3:TrackPointExtension>
        </extensions>
      </trkpt>
      <trkpt lat="30.3207335807383060455322265625" lon="120.0463228113949298858642578125">
        <ele>2.7999999523162841796875</ele>
        <time>2026-08-16T13:21:13.000Z</time>
        <extensions>
          <ns3:TrackPointExtension>
            <ns3:hr>188</ns3:hr>
            <ns3:cad>85</ns3:cad>
          </ns3:TrackPointExtension>
        </extensions>
      </trkpt>
      <trkpt lat="30.3207456506788730621337890625" lon="120.0462959893047809600830078125">
        <ele>2.7999999523162841796875</ele>
        <time>2026-08-16T13:21:14.000Z</time>
        <extensions>
          <ns3:TrackPointExtension>
            <ns3:hr>188</ns3:hr>
            <ns3:cad>84</ns3:cad>
          </ns3:TrackPointExtension>
        </extensions>
      </trkpt>
      <trkpt lat="30.3207600675523281097412109375" lon="120.04626824520528316497802734375">
        <ele>2.7999999523162841796875</ele>
        <time>2026-08-16T13:21:15.000Z</time>
        <extensions>
          <ns3:TrackPointExtension>
            <ns3:hr>188</ns3:hr>
            <ns3:cad>84</ns3:cad>
          </ns3:TrackPointExtension>
        </extensions>
      </trkpt>
      <trkpt lat="30.32077088020741939544677734375" lon="120.0462383218109607696533203125">
        <ele>2.7999999523162841796875</ele>
        <time>2026-08-16T13:21:16.000Z</time>
        <extensions>
          <ns3:TrackPointExtension>
            <ns3:hr>188</ns3:hr>
            <ns3:cad>85</ns3:cad>
          </ns3:TrackPointExtension>
        </extensions>
      </trkpt>
      <trkpt lat="30.32078714109957218170166015625" lon="120.0462131761014461517333984375">
        <ele>2.7999999523162841796875</ele>
        <time>2026-08-16T13:21:17.000Z</time>
        <extensions>
          <ns3:TrackPointExtension>
            <ns3:hr>187</ns3:hr>
            <ns3:cad>86</ns3:cad>
          </ns3:TrackPointExtension>
        </extensions>
      </trkpt>
      <trkpt lat="30.3208003006875514984130859375" lon="120.04618425853550434112548828125">
        <ele>2.7999999523162841796875</ele>
        <time>2026-08-16T13:21:18.000Z</time>
        <extensions>
          <ns3:TrackPointExtension>
            <ns3:hr>188</ns3:hr>
            <ns3:cad>86</ns3:cad>
          </ns3:TrackPointExtension>
        </extensions>
      </trkpt>
      <trkpt lat="30.3208100236952304840087890625" lon="120.04615240730345249176025390625">
        <ele>2.7999999523162841796875</ele>
        <time>2026-08-16T13:21:19.000Z</time>
        <extensions>
          <ns3:TrackPointExtension>
            <ns3:hr>188</ns3:hr>
            <ns3:cad>86</ns3:cad>
          </ns3:TrackPointExtension>
        </extensions>
      </trkpt>
      <trkpt lat="30.3208212554454803466796875" lon="120.0461166165769100189208984375">
        <ele>3</ele>
        <time>2026-08-16T13:21:20.000Z</time>
        <extensions>
          <ns3:TrackPointExtension>
            <ns3:hr>188</ns3:hr>
            <ns3:cad>86</ns3:cad>
          </ns3:TrackPointExtension>
        </extensions>
      </trkpt>
      <trkpt lat="30.320825614035129547119140625" lon="120.04608929157257080078125">
        <ele>3.2000000476837158203125</ele>
        <time>2026-08-16T13:21:21.000Z</time>
        <extensions>
          <ns3:TrackPointExtension>
            <ns3:hr>188</ns3:hr>
            <ns3:cad>87</ns3:cad>
          </ns3:TrackPointExtension>
        </extensions>
      </trkpt>
      <trkpt lat="30.320830643177032470703125" lon="120.0460612960159778594970703125">
        <ele>3.2000000476837158203125</ele>
        <time>2026-08-16T13:21:22.000Z</time>
        <extensions>
          <ns3:TrackPointExtension>
            <ns3:hr>187</ns3:hr>
            <ns3:cad>87</ns3:cad>
          </ns3:TrackPointExtension>
        </extensions>
      </trkpt>
      <trkpt lat="30.32083072699606418609619140625" lon="120.04604034125804901123046875">
        <ele>3.400000095367431640625</ele>
        <time>2026-08-16T13:21:23.000Z</time>
        <extensions>
          <ns3:TrackPointExtension>
            <ns3:hr>188</ns3:hr>
            <ns3:cad>86</ns3:cad>
          </ns3:TrackPointExtension>
        </extensions>
      </trkpt>
      <trkpt lat="30.32083625905215740203857421875" lon="120.04600723274052143096923828125">
        <ele>3.400000095367431640625</ele>
        <time>2026-08-16T13:21:24.000Z</time>
        <extensions>
          <ns3:TrackPointExtension>
            <ns3:hr>188</ns3:hr>
            <ns3:cad>86</ns3:cad>
          </ns3:TrackPointExtension>
        </extensions>
      </trkpt>
      <trkpt lat="30.3208298049867153167724609375" lon="120.04598292522132396697998046875">
        <ele>3.400000095367431640625</ele>
        <time>2026-08-16T13:21:25.000Z</time>
        <extensions>
          <ns3:TrackPointExtension>
            <ns3:hr>187</ns3:hr>
            <ns3:cad>86</ns3:cad>
          </ns3:TrackPointExtension>
        </extensions>
      </trkpt>
      <trkpt lat="30.32083391211926937103271484375" lon="120.0459530018270015716552734375">
        <ele>3.400000095367431640625</ele>
        <time>2026-08-16T13:21:26.000Z</time>
        <extensions>
          <ns3:TrackPointExtension>
            <ns3:hr>188</ns3:hr>
            <ns3:cad>86</ns3:cad>
          </ns3:TrackPointExtension>
        </extensions>
      </trkpt>
      <trkpt lat="30.32082997262477874755859375" lon="120.04592441953718662261962890625">
        <ele>3.400000095367431640625</ele>
        <time>2026-08-16T13:21:27.000Z</time>
        <extensions>
          <ns3:TrackPointExtension>
            <ns3:hr>188</ns3:hr>
            <ns3:cad>87</ns3:cad>
          </ns3:TrackPointExtension>
        </extensions>
      </trkpt>
      <trkpt lat="30.32082184217870235443115234375" lon="120.045898519456386566162109375">
        <ele>3.400000095367431640625</ele>
        <time>2026-08-16T13:21:28.000Z</time>
        <extensions>
          <ns3:TrackPointExtension>
            <ns3:hr>187</ns3:hr>
            <ns3:cad>87</ns3:cad>
          </ns3:TrackPointExtension>
        </extensions>
      </trkpt>
      <trkpt lat="30.3208173997700214385986328125" lon="120.045869685709476470947265625">
        <ele>3.599999904632568359375</ele>
        <time>2026-08-16T13:21:29.000Z</time>
        <extensions>
          <ns3:TrackPointExtension>
            <ns3:hr>188</ns3:hr>
            <ns3:cad>87</ns3:cad>
          </ns3:TrackPointExtension>
        </extensions>
      </trkpt>
      <trkpt lat="30.32081061042845249176025390625" lon="120.04584990441799163818359375">
        <ele>3.599999904632568359375</ele>
        <time>2026-08-16T13:21:30.000Z</time>
        <extensions>
          <ns3:TrackPointExtension>
            <ns3:hr>188</ns3:hr>
            <ns3:cad>86</ns3:cad>
          </ns3:TrackPointExtension>
        </extensions>
      </trkpt>
      <trkpt lat="30.32081027515232563018798828125" lon="120.04581813700497150421142578125">
        <ele>3.599999904632568359375</ele>
        <time>2026-08-16T13:21:31.000Z</time>
        <extensions>
          <ns3:TrackPointExtension>
            <ns3:hr>188</ns3:hr>
            <ns3:cad>86</ns3:cad>
          </ns3:TrackPointExtension>
        </extensions>
      </trkpt>
      <trkpt lat="30.32080373726785182952880859375" lon="120.0457955896854400634765625">
        <ele>3.7999999523162841796875</ele>
        <time>2026-08-16T13:21:32.000Z</time>
        <extensions>
          <ns3:TrackPointExtension>
            <ns3:hr>188</ns3:hr>
            <ns3:cad>85</ns3:cad>
          </ns3:TrackPointExtension>
        </extensions>
      </trkpt>
      <trkpt lat="30.32079937867820262908935546875" lon="120.045767761766910552978515625">
        <ele>3.7999999523162841796875</ele>
        <time>2026-08-16T13:21:33.000Z</time>
        <extensions>
          <ns3:TrackPointExtension>
            <ns3:hr>188</ns3:hr>
            <ns3:cad>85</ns3:cad>
          </ns3:TrackPointExtension>
        </extensions>
      </trkpt>
      <trkpt lat="30.32079502008855342864990234375" lon="120.04574135877192020416259765625">
        <ele>3.7999999523162841796875</ele>
        <time>2026-08-16T13:21:34.000Z</time>
        <extensions>
          <ns3:TrackPointExtension>
            <ns3:hr>188</ns3:hr>
            <ns3:cad>85</ns3:cad>
          </ns3:TrackPointExtension>
        </extensions>
      </trkpt>
      <trkpt lat="30.32079108059406280517578125" lon="120.0457204878330230712890625">
        <ele>3.7999999523162841796875</ele>
        <time>2026-08-16T13:21:35.000Z</time>
        <extensions>
          <ns3:TrackPointExtension>
            <ns3:hr>189</ns3:hr>
            <ns3:cad>85</ns3:cad>
          </ns3:TrackPointExtension>
        </extensions>
      </trkpt>
      <trkpt lat="30.32078362070024013519287109375" lon="120.0456938333809375762939453125">
        <ele>4</ele>
        <time>2026-08-16T13:21:36.000Z</time>
        <extensions>
          <ns3:TrackPointExtension>
            <ns3:hr>189</ns3:hr>
            <ns3:cad>84</ns3:cad>
          </ns3:TrackPointExtension>
        </extensions>
      </trkpt>
      <trkpt lat="30.32077926211059093475341796875" lon="120.0456700287759304046630859375">
        <ele>4</ele>
        <time>2026-08-16T13:21:37.000Z</time>
        <extensions>
          <ns3:TrackPointExtension>
            <ns3:hr>189</ns3:hr>
            <ns3:cad>84</ns3:cad>
          </ns3:TrackPointExtension>
        </extensions>
      </trkpt>
      <trkpt lat="30.32077624462544918060302734375" lon="120.045639686286449432373046875">
        <ele>4</ele>
        <time>2026-08-16T13:21:38.000Z</time>
        <extensions>
          <ns3:TrackPointExtension>
            <ns3:hr>189</ns3:hr>
            <ns3:cad>84</ns3:cad>
          </ns3:TrackPointExtension>
        </extensions>
      </trkpt>
      <trkpt lat="30.320772640407085418701171875" lon="120.045608840882778167724609375">
        <ele>4</ele>
        <time>2026-08-16T13:21:39.000Z</time>
        <extensions>
          <ns3:TrackPointExtension>
            <ns3:hr>189</ns3:hr>
            <ns3:cad>84</ns3:cad>
          </ns3:TrackPointExtension>
        </extensions>
      </trkpt>
      <trkpt lat="30.3207622468471527099609375" lon="120.04558562301099300384521484375">
        <ele>4.19999980926513671875</ele>
        <time>2026-08-16T13:21:40.000Z</time>
        <extensions>
          <ns3:TrackPointExtension>
            <ns3:hr>189</ns3:hr>
            <ns3:cad>84</ns3:cad>
          </ns3:TrackPointExtension>
        </extensions>
      </trkpt>
      <trkpt lat="30.320756547152996063232421875" lon="120.0455553643405437469482421875">
        <ele>4.19999980926513671875</ele>
        <time>2026-08-16T13:21:41.000Z</time>
        <extensions>
          <ns3:TrackPointExtension>
            <ns3:hr>189</ns3:hr>
            <ns3:cad>85</ns3:cad>
          </ns3:TrackPointExtension>
        </extensions>
      </trkpt>
      <trkpt lat="30.3207510150969028472900390625" lon="120.04552929662168025970458984375">
        <ele>4.19999980926513671875</ele>
        <time>2026-08-16T13:21:42.000Z</time>
        <extensions>
          <ns3:TrackPointExtension>
            <ns3:hr>189</ns3:hr>
            <ns3:cad>85</ns3:cad>
          </ns3:TrackPointExtension>
        </extensions>
      </trkpt>
      <trkpt lat="30.32074548304080963134765625" lon="120.0455037318170070648193359375">
        <ele>4.400000095367431640625</ele>
        <time>2026-08-16T13:21:43.000Z</time>
        <extensions>
          <ns3:TrackPointExtension>
            <ns3:hr>189</ns3:hr>
            <ns3:cad>84</ns3:cad>
          </ns3:TrackPointExtension>
        </extensions>
      </trkpt>
      <trkpt lat="30.3207443095743656158447265625" lon="120.045474059879779815673828125">
        <ele>4.400000095367431640625</ele>
        <time>2026-08-16T13:21:44.000Z</time>
        <extensions>
          <ns3:TrackPointExtension>
            <ns3:hr>189</ns3:hr>
            <ns3:cad>84</ns3:cad>
          </ns3:TrackPointExtension>
        </extensions>
      </trkpt>
      <trkpt lat="30.3207345865666866302490234375" lon="120.045452602207660675048828125">
        <ele>4.599999904632568359375</ele>
        <time>2026-08-16T13:21:45.000Z</time>
        <extensions>
          <ns3:TrackPointExtension>
            <ns3:hr>189</ns3:hr>
            <ns3:cad>84</ns3:cad>
          </ns3:TrackPointExtension>
        </extensions>
      </trkpt>
      <trkpt lat="30.320733077824115753173828125" lon="120.0454236008226871490478515625">
        <ele>4.599999904632568359375</ele>
        <time>2026-08-16T13:21:46.000Z</time>
        <extensions>
          <ns3:TrackPointExtension>
            <ns3:hr>189</ns3:hr>
            <ns3:cad>83</ns3:cad>
          </ns3:TrackPointExtension>
        </extensions>
      </trkpt>
      <trkpt lat="30.3207300603389739990234375" lon="120.04539887420833110809326171875">
        <ele>4.599999904632568359375</ele>
        <time>2026-08-16T13:21:47.000Z</time>
        <extensions>
          <ns3:TrackPointExtension>
            <ns3:hr>189</ns3:hr>
            <ns3:cad>82</ns3:cad>
          </ns3:TrackPointExtension>
        </extensions>
      </trkpt>
      <trkpt lat="30.3207248635590076446533203125" lon="120.04537473432719707489013671875">
        <ele>4.599999904632568359375</ele>
        <time>2026-08-16T13:21:48.000Z</time>
        <extensions>
          <ns3:TrackPointExtension>
            <ns3:hr>189</ns3:hr>
            <ns3:cad>82</ns3:cad>
          </ns3:TrackPointExtension>
        </extensions>
      </trkpt>
      <trkpt lat="30.32072125934064388275146484375" lon="120.04534925334155559539794921875">
        <ele>4.80000019073486328125</ele>
        <time>2026-08-16T13:21:49.000Z</time>
        <extensions>
          <ns3:TrackPointExtension>
            <ns3:hr>188</ns3:hr>
            <ns3:cad>83</ns3:cad>
          </ns3:TrackPointExtension>
        </extensions>
      </trkpt>
      <trkpt lat="30.32071421854197978973388671875" lon="120.04532913677394390106201171875">
        <ele>4.80000019073486328125</ele>
        <time>2026-08-16T13:21:50.000Z</time>
        <extensions>
          <ns3:TrackPointExtension>
            <ns3:hr>188</ns3:hr>
            <ns3:cad>84</ns3:cad>
          </ns3:TrackPointExtension>
        </extensions>
      </trkpt>
      <trkpt lat="30.3207124583423137664794921875" lon="120.04529812373220920562744140625">
        <ele>4.80000019073486328125</ele>
        <time>2026-08-16T13:21:51.000Z</time>
        <extensions>
          <ns3:TrackPointExtension>
            <ns3:hr>188</ns3:hr>
            <ns3:cad>84</ns3:cad>
          </ns3:TrackPointExtension>
        </extensions>
      </trkpt>
      <trkpt lat="30.3207080997526645660400390625" lon="120.0452713854610919952392578125">
        <ele>4.80000019073486328125</ele>
        <time>2026-08-16T13:21:52.000Z</time>
        <extensions>
          <ns3:TrackPointExtension>
            <ns3:hr>187</ns3:hr>
            <ns3:cad>84</ns3:cad>
          </ns3:TrackPointExtension>
        </extensions>
      </trkpt>
      <trkpt lat="30.32070516608655452728271484375" lon="120.04524481482803821563720703125">
        <ele>5</ele>
        <time>2026-08-16T13:21:53.000Z</time>
        <extensions>
          <ns3:TrackPointExtension>
            <ns3:hr>187</ns3:hr>
            <ns3:cad>84</ns3:cad>
          </ns3:TrackPointExtension>
        </extensions>
      </trkpt>
      <trkpt lat="30.3207005560398101806640625" lon="120.04521346651017665863037109375">
        <ele>5</ele>
        <time>2026-08-16T13:21:54.000Z</time>
        <extensions>
          <ns3:TrackPointExtension>
            <ns3:hr>186</ns3:hr>
            <ns3:cad>83</ns3:cad>
          </ns3:TrackPointExtension>
        </extensions>
      </trkpt>
      <trkpt lat="30.32069460488855838775634765625" lon="120.04518865607678890228271484375">
        <ele>5.19999980926513671875</ele>
        <time>2026-08-16T13:21:55.000Z</time>
        <extensions>
          <ns3:TrackPointExtension>
            <ns3:hr>186</ns3:hr>
            <ns3:cad>83</ns3:cad>
          </ns3:TrackPointExtension>
        </extensions>
      </trkpt>
      <trkpt lat="30.32069393433630466461181640625" lon="120.04515898413956165313720703125">
        <ele>5.19999980926513671875</ele>
        <time>2026-08-16T13:21:56.000Z</time>
        <extensions>
          <ns3:TrackPointExtension>
            <ns3:hr>185</ns3:hr>
            <ns3:cad>84</ns3:cad>
          </ns3:TrackPointExtension>
        </extensions>
      </trkpt>
      <trkpt lat="30.32068555243313312530517578125" lon="120.045137107372283935546875">
        <ele>5.19999980926513671875</ele>
        <time>2026-08-16T13:21:57.000Z</time>
        <extensions>
          <ns3:TrackPointExtension>
            <ns3:hr>185</ns3:hr>
            <ns3:cad>85</ns3:cad>
          </ns3:TrackPointExtension>
        </extensions>
      </trkpt>
      <trkpt lat="30.32068387605249881744384765625" lon="120.04510936327278614044189453125">
        <ele>5.19999980926513671875</ele>
        <time>2026-08-16T13:21:58.000Z</time>
        <extensions>
          <ns3:TrackPointExtension>
            <ns3:hr>185</ns3:hr>
            <ns3:cad>85</ns3:cad>
          </ns3:TrackPointExtension>
        </extensions>
      </trkpt>
      <trkpt lat="30.3206789307296276092529296875" lon="120.04508388228714466094970703125">
        <ele>5.400000095367431640625</ele>
        <time>2026-08-16T13:21:59.000Z</time>
        <extensions>
          <ns3:TrackPointExtension>
            <ns3:hr>184</ns3:hr>
            <ns3:cad>85</ns3:cad>
          </ns3:TrackPointExtension>
        </extensions>
      </trkpt>
      <trkpt lat="30.3206749074161052703857421875" lon="120.04506158642470836639404296875">
        <ele>5.19999980926513671875</ele>
        <time>2026-08-16T13:22:00.000Z</time>
        <extensions>
          <ns3:TrackPointExtension>
            <ns3:hr>185</ns3:hr>
            <ns3:cad>85</ns3:cad>
          </ns3:TrackPointExtension>
        </extensions>
      </trkpt>
      <trkpt lat="30.32067197374999523162841796875" lon="120.0450353510677814483642578125">
        <ele>5.400000095367431640625</ele>
        <time>2026-08-16T13:22:01.000Z</time>
        <extensions>
          <ns3:TrackPointExtension>
            <ns3:hr>185</ns3:hr>
            <ns3:cad>85</ns3:cad>
          </ns3:TrackPointExtension>
        </extensions>
      </trkpt>
      <trkpt lat="30.3206641785800457000732421875" lon="120.04501364193856716156005859375">
        <ele>5.400000095367431640625</ele>
        <time>2026-08-16T13:22:02.000Z</time>
        <extensions>
          <ns3:TrackPointExtension>
            <ns3:hr>185</ns3:hr>
            <ns3:cad>85</ns3:cad>
          </ns3:TrackPointExtension>
        </extensions>
      </trkpt>
      <trkpt lat="30.32066308893263339996337890625" lon="120.04498489201068878173828125">
        <ele>5.400000095367431640625</ele>
        <time>2026-08-16T13:22:03.000Z</time>
        <extensions>
          <ns3:TrackPointExtension>
            <ns3:hr>185</ns3:hr>
            <ns3:cad>85</ns3:cad>
          </ns3:TrackPointExtension>
        </extensions>
      </trkpt>
      <trkpt lat="30.32065889798104763031005859375" lon="120.04496100358664989471435546875">
        <ele>5.599999904632568359375</ele>
        <time>2026-08-16T13:22:04.000Z</time>
        <extensions>
          <ns3:TrackPointExtension>
            <ns3:hr>184</ns3:hr>
            <ns3:cad>84</ns3:cad>
          </ns3:TrackPointExtension>
        </extensions>
      </trkpt>
      <trkpt lat="30.32065789215266704559326171875" lon="120.04493418149650096893310546875">
        <ele>5.599999904632568359375</ele>
        <time>2026-08-16T13:22:05.000Z</time>
        <extensions>
          <ns3:TrackPointExtension>
            <ns3:hr>185</ns3:hr>
            <ns3:cad>84</ns3:cad>
          </ns3:TrackPointExtension>
        </extensions>
      </trkpt>
      <trkpt lat="30.32065755687654018402099609375" lon="120.04490635357797145843505859375">
        <ele>5.80000019073486328125</ele>
        <time>2026-08-16T13:22:06.000Z</time>
        <extensions>
          <ns3:TrackPointExtension>
            <ns3:hr>185</ns3:hr>
            <ns3:cad>85</ns3:cad>
          </ns3:TrackPointExtension>
        </extensions>
      </trkpt>
      <trkpt lat="30.3206521086394786834716796875" lon="120.044881291687488555908203125">
        <ele>6</ele>
        <time>2026-08-16T13:22:07.000Z</time>
        <extensions>
          <ns3:TrackPointExtension>
            <ns3:hr>186</ns3:hr>
            <ns3:cad>85</ns3:cad>
          </ns3:TrackPointExtension>
        </extensions>
      </trkpt>
      <trkpt lat="30.3206484206020832061767578125" lon="120.0448519550263881683349609375">
        <ele>6</ele>
        <time>2026-08-16T13:22:08.000Z</time>
        <extensions>
          <ns3:TrackPointExtension>
            <ns3:hr>185</ns3:hr>
            <ns3:cad>85</ns3:cad>
          </ns3:TrackPointExtension>
        </extensions>
      </trkpt>
      <trkpt lat="30.32064012251794338226318359375" lon="120.04483175463974475860595703125">
        <ele>6.19999980926513671875</ele>
        <time>2026-08-16T13:22:09.000Z</time>
        <extensions>
          <ns3:TrackPointExtension>
            <ns3:hr>185</ns3:hr>
            <ns3:cad>85</ns3:cad>
          </ns3:TrackPointExtension>
        </extensions>
      </trkpt>
      <trkpt lat="30.320637524127960205078125" lon="120.04479839466512203216552734375">
        <ele>6.400000095367431640625</ele>
        <time>2026-08-16T13:22:10.000Z</time>
        <extensions>
          <ns3:TrackPointExtension>
            <ns3:hr>185</ns3:hr>
            <ns3:cad>85</ns3:cad>
          </ns3:TrackPointExtension>
        </extensions>
      </trkpt>
      <trkpt lat="30.320634506642818450927734375" lon="120.04477391950786113739013671875">
        <ele>6.400000095367431640625</ele>
        <time>2026-08-16T13:22:11.000Z</time>
        <extensions>
          <ns3:TrackPointExtension>
            <ns3:hr>185</ns3:hr>
            <ns3:cad>85</ns3:cad>
          </ns3:TrackPointExtension>
        </extensions>
      </trkpt>
      <trkpt lat="30.32062746584415435791015625" lon="120.044748522341251373291015625">
        <ele>6.599999904632568359375</ele>
        <time>2026-08-16T13:22:12.000Z</time>
        <extensions>
          <ns3:TrackPointExtension>
            <ns3:hr>185</ns3:hr>
            <ns3:cad>85</ns3:cad>
          </ns3:TrackPointExtension>
        </extensions>
      </trkpt>
      <trkpt lat="30.32062503509223461151123046875" lon="120.04472471773624420166015625">
        <ele>6.599999904632568359375</ele>
        <time>2026-08-16T13:22:13.000Z</time>
        <extensions>
          <ns3:TrackPointExtension>
            <ns3:hr>186</ns3:hr>
            <ns3:cad>85</ns3:cad>
          </ns3:TrackPointExtension>
        </extensions>
      </trkpt>
      <trkpt lat="30.32061883248388767242431640625" lon="120.04470133222639560699462890625">
        <ele>6.599999904632568359375</ele>
        <time>2026-08-16T13:22:14.000Z</time>
        <extensions>
          <ns3:TrackPointExtension>
            <ns3:hr>186</ns3:hr>
            <ns3:cad>86</ns3:cad>
          </ns3:TrackPointExtension>
        </extensions>
      </trkpt>
      <trkpt lat="30.32061849720776081085205078125" lon="120.0446717441082000732421875">
        <ele>6.599999904632568359375</ele>
        <time>2026-08-16T13:22:15.000Z</time>
        <extensions>
          <ns3:TrackPointExtension>
            <ns3:hr>186</ns3:hr>
            <ns3:cad>85</ns3:cad>
          </ns3:TrackPointExtension>
        </extensions>
      </trkpt>
      <trkpt lat="30.320613384246826171875" lon="120.04464735276997089385986328125">
        <ele>6.400000095367431640625</ele>
        <time>2026-08-16T13:22:16.000Z</time>
        <extensions>
          <ns3:TrackPointExtension>
            <ns3:hr>186</ns3:hr>
            <ns3:cad>85</ns3:cad>
          </ns3:TrackPointExtension>
        </extensions>
      </trkpt>
      <trkpt lat="30.32061003148555755615234375" lon="120.0446182675659656524658203125">
        <ele>6.400000095367431640625</ele>
        <time>2026-08-16T13:22:17.000Z</time>
        <extensions>
          <ns3:TrackPointExtension>
            <ns3:hr>186</ns3:hr>
            <ns3:cad>85</ns3:cad>
          </ns3:TrackPointExtension>
        </extensions>
      </trkpt>
      <trkpt lat="30.3206081874668598175048828125" lon="120.04458951763808727264404296875">
        <ele>6.400000095367431640625</ele>
        <time>2026-08-16T13:22:18.000Z</time>
        <extensions>
          <ns3:TrackPointExtension>
            <ns3:hr>186</ns3:hr>
            <ns3:cad>85</ns3:cad>
          </ns3:TrackPointExtension>
        </extensions>
      </trkpt>
      <trkpt lat="30.32059988938271999359130859375" lon="120.04456336610019207000732421875">
        <ele>6.400000095367431640625</ele>
        <time>2026-08-16T13:22:19.000Z</time>
        <extensions>
          <ns3:TrackPointExtension>
            <ns3:hr>187</ns3:hr>
            <ns3:cad>85</ns3:cad>
          </ns3:TrackPointExtension>
        </extensions>
      </trkpt>
      <trkpt lat="30.32059754244983196258544921875" lon="120.04453159868717193603515625">
        <ele>6.400000095367431640625</ele>
        <time>2026-08-16T13:22:20.000Z</time>
        <extensions>
          <ns3:TrackPointExtension>
            <ns3:hr>187</ns3:hr>
            <ns3:cad>85</ns3:cad>
          </ns3:TrackPointExtension>
        </extensions>
      </trkpt>
      <trkpt lat="30.3205907531082630157470703125" lon="120.04450452513992786407470703125">
        <ele>6.599999904632568359375</ele>
        <time>2026-08-16T13:22:21.000Z</time>
        <extensions>
          <ns3:TrackPointExtension>
            <ns3:hr>187</ns3:hr>
            <ns3:cad>85</ns3:cad>
          </ns3:TrackPointExtension>
        </extensions>
      </trkpt>
      <trkpt lat="30.32058698125183582305908203125" lon="120.04447334446012973785400390625">
        <ele>6.599999904632568359375</ele>
        <time>2026-08-16T13:22:22.000Z</time>
        <extensions>
          <ns3:TrackPointExtension>
            <ns3:hr>187</ns3:hr>
            <ns3:cad>84</ns3:cad>
          </ns3:TrackPointExtension>
        </extensions>
      </trkpt>
      <trkpt lat="30.32058245502412319183349609375" lon="120.04445138387382030487060546875">
        <ele>6.599999904632568359375</ele>
        <time>2026-08-16T13:22:23.000Z</time>
        <extensions>
          <ns3:TrackPointExtension>
            <ns3:hr>187</ns3:hr>
            <ns3:cad>84</ns3:cad>
          </ns3:TrackPointExtension>
        </extensions>
      </trkpt>
      <trkpt lat="30.32057709060609340667724609375" lon="120.04442405886948108673095703125">
        <ele>6.599999904632568359375</ele>
        <time>2026-08-16T13:22:24.000Z</time>
        <extensions>
          <ns3:TrackPointExtension>
            <ns3:hr>187</ns3:hr>
            <ns3:cad>84</ns3:cad>
          </ns3:TrackPointExtension>
        </extensions>
      </trkpt>
      <trkpt lat="30.3205733187496662139892578125" lon="120.04439522512257099151611328125">
        <ele>6.80000019073486328125</ele>
        <time>2026-08-16T13:22:25.000Z</time>
        <extensions>
          <ns3:TrackPointExtension>
            <ns3:hr>187</ns3:hr>
            <ns3:cad>85</ns3:cad>
          </ns3:TrackPointExtension>
        </extensions>
      </trkpt>
      <trkpt lat="30.32056510448455810546875" lon="120.0443691574037075042724609375">
        <ele>6.80000019073486328125</ele>
        <time>2026-08-16T13:22:26.000Z</time>
        <extensions>
          <ns3:TrackPointExtension>
            <ns3:hr>187</ns3:hr>
            <ns3:cad>85</ns3:cad>
          </ns3:TrackPointExtension>
        </extensions>
      </trkpt>
      <trkpt lat="30.32056267373263835906982421875" lon="120.04433722235262393951416015625">
        <ele>6.80000019073486328125</ele>
        <time>2026-08-16T13:22:27.000Z</time>
        <extensions>
          <ns3:TrackPointExtension>
            <ns3:hr>187</ns3:hr>
            <ns3:cad>86</ns3:cad>
          </ns3:TrackPointExtension>
        </extensions>
      </trkpt>
      <trkpt lat="30.3205548785626888275146484375" lon="120.044312663376331329345703125">
        <ele>6.599999904632568359375</ele>
        <time>2026-08-16T13:22:28.000Z</time>
        <extensions>
          <ns3:TrackPointExtension>
            <ns3:hr>187</ns3:hr>
            <ns3:cad>86</ns3:cad>
          </ns3:TrackPointExtension>
        </extensions>
      </trkpt>
      <trkpt lat="30.32055110670626163482666015625" lon="120.04427972249686717987060546875">
        <ele>6.80000019073486328125</ele>
        <time>2026-08-16T13:22:29.000Z</time>
        <extensions>
          <ns3:TrackPointExtension>
            <ns3:hr>187</ns3:hr>
            <ns3:cad>86</ns3:cad>
          </ns3:TrackPointExtension>
        </extensions>
      </trkpt>
      <trkpt lat="30.32054792158305644989013671875" lon="120.04425172694027423858642578125">
        <ele>6.599999904632568359375</ele>
        <time>2026-08-16T13:22:30.000Z</time>
        <extensions>
          <ns3:TrackPointExtension>
            <ns3:hr>187</ns3:hr>
            <ns3:cad>85</ns3:cad>
          </ns3:TrackPointExtension>
        </extensions>
      </trkpt>
      <trkpt lat="30.32054356299340724945068359375" lon="120.0442209653556346893310546875">
        <ele>6.80000019073486328125</ele>
        <time>2026-08-16T13:22:31.000Z</time>
        <extensions>
          <ns3:TrackPointExtension>
            <ns3:hr>188</ns3:hr>
            <ns3:cad>85</ns3:cad>
          </ns3:TrackPointExtension>
        </extensions>
      </trkpt>
      <trkpt lat="30.3205407969653606414794921875" lon="120.04419087432324886322021484375">
        <ele>6.80000019073486328125</ele>
        <time>2026-08-16T13:22:32.000Z</time>
        <extensions>
          <ns3:TrackPointExtension>
            <ns3:hr>187</ns3:hr>
            <ns3:cad>85</ns3:cad>
          </ns3:TrackPointExtension>
        </extensions>
      </trkpt>
      <trkpt lat="30.32053249888122081756591796875" lon="120.04416438750922679901123046875">
        <ele>6.80000019073486328125</ele>
        <time>2026-08-16T13:22:33.000Z</time>
        <extensions>
          <ns3:TrackPointExtension>
            <ns3:hr>188</ns3:hr>
            <ns3:cad>85</ns3:cad>
          </ns3:TrackPointExtension>
        </extensions>
      </trkpt>
      <trkpt lat="30.32053266651928424835205078125" lon="120.04413236863911151885986328125">
        <ele>6.80000019073486328125</ele>
        <time>2026-08-16T13:22:34.000Z</time>
        <extensions>
          <ns3:TrackPointExtension>
            <ns3:hr>188</ns3:hr>
            <ns3:cad>85</ns3:cad>
          </ns3:TrackPointExtension>
        </extensions>
      </trkpt>
      <trkpt lat="30.3205257095396518707275390625" lon="120.04410822875797748565673828125">
        <ele>6.80000019073486328125</ele>
        <time>2026-08-16T13:22:35.000Z</time>
        <extensions>
          <ns3:TrackPointExtension>
            <ns3:hr>188</ns3:hr>
            <ns3:cad>85</ns3:cad>
          </ns3:TrackPointExtension>
        </extensions>
      </trkpt>
      <trkpt lat="30.320524536073207855224609375" lon="120.04408073611557483673095703125">
        <ele>6.80000019073486328125</ele>
        <time>2026-08-16T13:22:36.000Z</time>
        <extensions>
          <ns3:TrackPointExtension>
            <ns3:hr>187</ns3:hr>
            <ns3:cad>86</ns3:cad>
          </ns3:TrackPointExtension>
        </extensions>
      </trkpt>
      <trkpt lat="30.3205216862261295318603515625" lon="120.0440516509115695953369140625">
        <ele>6.80000019073486328125</ele>
        <time>2026-08-16T13:22:37.000Z</time>
        <extensions>
          <ns3:TrackPointExtension>
            <ns3:hr>188</ns3:hr>
            <ns3:cad>86</ns3:cad>
          </ns3:TrackPointExtension>
        </extensions>
      </trkpt>
      <trkpt lat="30.3205149807035923004150390625" lon="120.04402541555464267730712890625">
        <ele>6.80000019073486328125</ele>
        <time>2026-08-16T13:22:38.000Z</time>
        <extensions>
          <ns3:TrackPointExtension>
            <ns3:hr>187</ns3:hr>
            <ns3:cad>86</ns3:cad>
          </ns3:TrackPointExtension>
        </extensions>
      </trkpt>
      <trkpt lat="30.3205129690468311309814453125" lon="120.0439949892461299896240234375">
        <ele>6.80000019073486328125</ele>
        <time>2026-08-16T13:22:39.000Z</time>
        <extensions>
          <ns3:TrackPointExtension>
            <ns3:hr>187</ns3:hr>
            <ns3:cad>85</ns3:cad>
          </ns3:TrackPointExtension>
        </extensions>
      </trkpt>
      <trkpt lat="30.32051154412329196929931640625" lon="120.0439681671559810638427734375">
        <ele>6.599999904632568359375</ele>
        <time>2026-08-16T13:22:40.000Z</time>
        <extensions>
          <ns3:TrackPointExtension>
            <ns3:hr>187</ns3:hr>
            <ns3:cad>85</ns3:cad>
          </ns3:TrackPointExtension>
        </extensions>
      </trkpt>
      <trkpt lat="30.32050617970526218414306640625" lon="120.0439366512000560760498046875">
        <ele>6.599999904632568359375</ele>
        <time>2026-08-16T13:22:41.000Z</time>
        <extensions>
          <ns3:TrackPointExtension>
            <ns3:hr>188</ns3:hr>
            <ns3:cad>84</ns3:cad>
          </ns3:TrackPointExtension>
        </extensions>
      </trkpt>
      <trkpt lat="30.32050408422946929931640625" lon="120.04390941001474857330322265625">
        <ele>6.400000095367431640625</ele>
        <time>2026-08-16T13:22:42.000Z</time>
        <extensions>
          <ns3:TrackPointExtension>
            <ns3:hr>187</ns3:hr>
            <ns3:cad>84</ns3:cad>
          </ns3:TrackPointExtension>
        </extensions>
      </trkpt>
      <trkpt lat="30.32049695961177349090576171875" lon="120.04388459958136081695556640625">
        <ele>6.400000095367431640625</ele>
        <time>2026-08-16T13:22:43.000Z</time>
        <extensions>
          <ns3:TrackPointExtension>
            <ns3:hr>187</ns3:hr>
            <ns3:cad>84</ns3:cad>
          </ns3:TrackPointExtension>
        </extensions>
      </trkpt>
      <trkpt lat="30.32049427740275859832763671875" lon="120.0438578613102436065673828125">
        <ele>6.400000095367431640625</ele>
        <time>2026-08-16T13:22:44.000Z</time>
        <extensions>
          <ns3:TrackPointExtension>
            <ns3:hr>187</ns3:hr>
            <ns3:cad>84</ns3:cad>
          </ns3:TrackPointExtension>
        </extensions>
      </trkpt>
      <trkpt lat="30.320487320423126220703125" lon="120.043834559619426727294921875">
        <ele>6.400000095367431640625</ele>
        <time>2026-08-16T13:22:45.000Z</time>
        <extensions>
          <ns3:TrackPointExtension>
            <ns3:hr>187</ns3:hr>
            <ns3:cad>84</ns3:cad>
          </ns3:TrackPointExtension>
        </extensions>
      </trkpt>
      <trkpt lat="30.3204832971096038818359375" lon="120.043805725872516632080078125">
        <ele>6.599999904632568359375</ele>
        <time>2026-08-16T13:22:46.000Z</time>
        <extensions>
          <ns3:TrackPointExtension>
            <ns3:hr>187</ns3:hr>
            <ns3:cad>84</ns3:cad>
          </ns3:TrackPointExtension>
        </extensions>
      </trkpt>
      <trkpt lat="30.32047885470092296600341796875" lon="120.04377965815365314483642578125">
        <ele>6.599999904632568359375</ele>
        <time>2026-08-16T13:22:47.000Z</time>
        <extensions>
          <ns3:TrackPointExtension>
            <ns3:hr>187</ns3:hr>
            <ns3:cad>84</ns3:cad>
          </ns3:TrackPointExtension>
        </extensions>
      </trkpt>
      <trkpt lat="30.32047298736870288848876953125" lon="120.04375375807285308837890625">
        <ele>6.599999904632568359375</ele>
        <time>2026-08-16T13:22:48.000Z</time>
        <extensions>
          <ns3:TrackPointExtension>
            <ns3:hr>186</ns3:hr>
            <ns3:cad>85</ns3:cad>
          </ns3:TrackPointExtension>
        </extensions>
      </trkpt>
      <trkpt lat="30.3204667009413242340087890625" lon="120.0437224097549915313720703125">
        <ele>6.80000019073486328125</ele>
        <time>2026-08-16T13:22:49.000Z</time>
        <extensions>
          <ns3:TrackPointExtension>
            <ns3:hr>186</ns3:hr>
            <ns3:cad>85</ns3:cad>
          </ns3:TrackPointExtension>
        </extensions>
      </trkpt>
      <trkpt lat="30.32045940868556499481201171875" lon="120.04369567148387432098388671875">
        <ele>6.80000019073486328125</ele>
        <time>2026-08-16T13:22:50.000Z</time>
        <extensions>
          <ns3:TrackPointExtension>
            <ns3:hr>186</ns3:hr>
            <ns3:cad>85</ns3:cad>
          </ns3:TrackPointExtension>
        </extensions>
      </trkpt>
      <trkpt lat="30.32045505009591579437255859375" lon="120.043665580451488494873046875">
        <ele>6.80000019073486328125</ele>
        <time>2026-08-16T13:22:51.000Z</time>
        <extensions>
          <ns3:TrackPointExtension>
            <ns3:hr>186</ns3:hr>
            <ns3:cad>85</ns3:cad>
          </ns3:TrackPointExtension>
        </extensions>
      </trkpt>
      <trkpt lat="30.32045178115367889404296875" lon="120.0436322204768657684326171875">
        <ele>6.80000019073486328125</ele>
        <time>2026-08-16T13:22:52.000Z</time>
        <extensions>
          <ns3:TrackPointExtension>
            <ns3:hr>186</ns3:hr>
            <ns3:cad>84</ns3:cad>
          </ns3:TrackPointExtension>
        </extensions>
      </trkpt>
      <trkpt lat="30.32044583000242710113525390625" lon="120.04360623657703399658203125">
        <ele>6.80000019073486328125</ele>
        <time>2026-08-16T13:22:53.000Z</time>
        <extensions>
          <ns3:TrackPointExtension>
            <ns3:hr>186</ns3:hr>
            <ns3:cad>84</ns3:cad>
          </ns3:TrackPointExtension>
        </extensions>
      </trkpt>
      <trkpt lat="30.32044549472630023956298828125" lon="120.04357882775366306304931640625">
        <ele>6.599999904632568359375</ele>
        <time>2026-08-16T13:22:54.000Z</time>
        <extensions>
          <ns3:TrackPointExtension>
            <ns3:hr>186</ns3:hr>
            <ns3:cad>84</ns3:cad>
          </ns3:TrackPointExtension>
        </extensions>
      </trkpt>
      <trkpt lat="30.32043761573731899261474609375" lon="120.04355435259640216827392578125">
        <ele>6.599999904632568359375</ele>
        <time>2026-08-16T13:22:55.000Z</time>
        <extensions>
          <ns3:TrackPointExtension>
            <ns3:hr>186</ns3:hr>
            <ns3:cad>84</ns3:cad>
          </ns3:TrackPointExtension>
        </extensions>
      </trkpt>
      <trkpt lat="30.32043258659541606903076171875" lon="120.0435282848775386810302734375">
        <ele>6.599999904632568359375</ele>
        <time>2026-08-16T13:22:56.000Z</time>
        <extensions>
          <ns3:TrackPointExtension>
            <ns3:hr>185</ns3:hr>
            <ns3:cad>83</ns3:cad>
          </ns3:TrackPointExtension>
        </extensions>
      </trkpt>
      <trkpt lat="30.32043040730059146881103515625" lon="120.04349987022578716278076171875">
        <ele>6.599999904632568359375</ele>
        <time>2026-08-16T13:22:57.000Z</time>
        <extensions>
          <ns3:TrackPointExtension>
            <ns3:hr>186</ns3:hr>
            <ns3:cad>83</ns3:cad>
          </ns3:TrackPointExtension>
        </extensions>
      </trkpt>
      <trkpt lat="30.32042370177805423736572265625" lon="120.04347673617303371429443359375">
        <ele>6.599999904632568359375</ele>
        <time>2026-08-16T13:22:58.000Z</time>
        <extensions>
          <ns3:TrackPointExtension>
            <ns3:hr>186</ns3:hr>
            <ns3:cad>83</ns3:cad>
          </ns3:TrackPointExtension>
        </extensions>
      </trkpt>
      <trkpt lat="30.3204231150448322296142578125" lon="120.04344823770225048065185546875">
        <ele>6.599999904632568359375</ele>
        <time>2026-08-16T13:22:59.000Z</time>
        <extensions>
          <ns3:TrackPointExtension>
            <ns3:hr>185</ns3:hr>
            <ns3:cad>83</ns3:cad>
          </ns3:TrackPointExtension>
        </extensions>
      </trkpt>
      <trkpt lat="30.32041867263615131378173828125" lon="120.043425522744655609130859375">
        <ele>6.599999904632568359375</ele>
        <time>2026-08-16T13:23:00.000Z</time>
        <extensions>
          <ns3:TrackPointExtension>
            <ns3:hr>185</ns3:hr>
            <ns3:cad>83</ns3:cad>
          </ns3:TrackPointExtension>
        </extensions>
      </trkpt>
      <trkpt lat="30.32041330821812152862548828125" lon="120.04340062849223613739013671875">
        <ele>6.400000095367431640625</ele>
        <time>2026-08-16T13:23:01.000Z</time>
        <extensions>
          <ns3:TrackPointExtension>
            <ns3:hr>185</ns3:hr>
            <ns3:cad>83</ns3:cad>
          </ns3:TrackPointExtension>
        </extensions>
      </trkpt>
      <trkpt lat="30.320412218570709228515625" lon="120.0433700345456600189208984375">
        <ele>6.400000095367431640625</ele>
        <time>2026-08-16T13:23:02.000Z</time>
        <extensions>
          <ns3:TrackPointExtension>
            <ns3:hr>185</ns3:hr>
            <ns3:cad>83</ns3:cad>
          </ns3:TrackPointExtension>
        </extensions>
      </trkpt>
      <trkpt lat="30.32040542922914028167724609375" lon="120.04334933124482631683349609375">
        <ele>6.400000095367431640625</ele>
        <time>2026-08-16T13:23:03.000Z</time>
        <extensions>
          <ns3:TrackPointExtension>
            <ns3:hr>185</ns3:hr>
            <ns3:cad>83</ns3:cad>
          </ns3:TrackPointExtension>
        </extensions>
      </trkpt>
      <trkpt lat="30.32040291465818881988525390625" lon="120.04331999458372592926025390625">
        <ele>6.599999904632568359375</ele>
        <time>2026-08-16T13:23:04.000Z</time>
        <extensions>
          <ns3:TrackPointExtension>
            <ns3:hr>184</ns3:hr>
            <ns3:cad>83</ns3:cad>
          </ns3:TrackPointExtension>
        </extensions>
      </trkpt>
      <trkpt lat="30.32039939425885677337646484375" lon="120.04329300485551357269287109375">
        <ele>6.599999904632568359375</ele>
        <time>2026-08-16T13:23:05.000Z</time>
        <extensions>
          <ns3:TrackPointExtension>
            <ns3:hr>184</ns3:hr>
            <ns3:cad>82</ns3:cad>
          </ns3:TrackPointExtension>
        </extensions>
      </trkpt>
      <trkpt lat="30.32039302401244640350341796875" lon="120.04326559603214263916015625">
        <ele>6.599999904632568359375</ele>
        <time>2026-08-16T13:23:06.000Z</time>
        <extensions>
          <ns3:TrackPointExtension>
            <ns3:hr>184</ns3:hr>
            <ns3:cad>82</ns3:cad>
          </ns3:TrackPointExtension>
        </extensions>
      </trkpt>
      <trkpt lat="30.3203889168798923492431640625" lon="120.04323516972362995147705078125">
        <ele>6.599999904632568359375</ele>
        <time>2026-08-16T13:23:07.000Z</time>
        <extensions>
          <ns3:TrackPointExtension>
            <ns3:hr>184</ns3:hr>
            <ns3:cad>82</ns3:cad>
          </ns3:TrackPointExtension>
        </extensions>
      </trkpt>
      <trkpt lat="30.3203801997005939483642578125" lon="120.04321320913732051849365234375">
        <ele>6.599999904632568359375</ele>
        <time>2026-08-16T13:23:08.000Z</time>
        <extensions>
          <ns3:TrackPointExtension>
            <ns3:hr>185</ns3:hr>
            <ns3:cad>82</ns3:cad>
          </ns3:TrackPointExtension>
        </extensions>
      </trkpt>
      <trkpt lat="30.3203788585960865020751953125" lon="120.0431849621236324310302734375">
        <ele>6.599999904632568359375</ele>
        <time>2026-08-16T13:23:09.000Z</time>
        <extensions>
          <ns3:TrackPointExtension>
            <ns3:hr>184</ns3:hr>
            <ns3:cad>82</ns3:cad>
          </ns3:TrackPointExtension>
        </extensions>
      </trkpt>
      <trkpt lat="30.32037441618740558624267578125" lon="120.0431594811379909515380859375">
        <ele>6.599999904632568359375</ele>
        <time>2026-08-16T13:23:10.000Z</time>
        <extensions>
          <ns3:TrackPointExtension>
            <ns3:hr>184</ns3:hr>
            <ns3:cad>84</ns3:cad>
          </ns3:TrackPointExtension>
        </extensions>
      </trkpt>
      <trkpt lat="30.320366956293582916259765625" lon="120.043136514723300933837890625">
        <ele>6.80000019073486328125</ele>
        <time>2026-08-16T13:23:11.000Z</time>
        <extensions>
          <ns3:TrackPointExtension>
            <ns3:hr>184</ns3:hr>
            <ns3:cad>84</ns3:cad>
          </ns3:TrackPointExtension>
        </extensions>
      </trkpt>
      <trkpt lat="30.3203654475510120391845703125" lon="120.043108351528644561767578125">
        <ele>6.80000019073486328125</ele>
        <time>2026-08-16T13:23:12.000Z</time>
        <extensions>
          <ns3:TrackPointExtension>
            <ns3:hr>185</ns3:hr>
            <ns3:cad>84</ns3:cad>
          </ns3:TrackPointExtension>
        </extensions>
      </trkpt>
      <trkpt lat="30.320362262427806854248046875" lon="120.04308681003749370574951171875">
        <ele>6.80000019073486328125</ele>
        <time>2026-08-16T13:23:13.000Z</time>
        <extensions>
          <ns3:TrackPointExtension>
            <ns3:hr>184</ns3:hr>
            <ns3:cad>84</ns3:cad>
          </ns3:TrackPointExtension>
        </extensions>
      </trkpt>
      <trkpt lat="30.3203617595136165618896484375" lon="120.04306267015635967254638671875">
        <ele>6.80000019073486328125</ele>
        <time>2026-08-16T13:23:14.000Z</time>
        <extensions>
          <ns3:TrackPointExtension>
            <ns3:hr>184</ns3:hr>
            <ns3:cad>84</ns3:cad>
          </ns3:TrackPointExtension>
        </extensions>
      </trkpt>
      <trkpt lat="30.32035999931395053863525390625" lon="120.04303760826587677001953125">
        <ele>6.80000019073486328125</ele>
        <time>2026-08-16T13:23:15.000Z</time>
        <extensions>
          <ns3:TrackPointExtension>
            <ns3:hr>184</ns3:hr>
            <ns3:cad>83</ns3:cad>
          </ns3:TrackPointExtension>
        </extensions>
      </trkpt>
      <trkpt lat="30.32035446725785732269287109375" lon="120.04301589913666248321533203125">
        <ele>6.80000019073486328125</ele>
        <time>2026-08-16T13:23:16.000Z</time>
        <extensions>
          <ns3:TrackPointExtension>
            <ns3:hr>185</ns3:hr>
            <ns3:cad>82</ns3:cad>
          </ns3:TrackPointExtension>
        </extensions>
      </trkpt>
      <trkpt lat="30.32035245560109615325927734375" lon="120.0429824553430080413818359375">
        <ele>6.80000019073486328125</ele>
        <time>2026-08-16T13:23:17.000Z</time>
        <extensions>
          <ns3:TrackPointExtension>
            <ns3:hr>184</ns3:hr>
            <ns3:cad>82</ns3:cad>
          </ns3:TrackPointExtension>
        </extensions>
      </trkpt>
      <trkpt lat="30.320350863039493560791015625" lon="120.04295554943382740020751953125">
        <ele>6.80000019073486328125</ele>
        <time>2026-08-16T13:23:18.000Z</time>
        <extensions>
          <ns3:TrackPointExtension>
            <ns3:hr>184</ns3:hr>
            <ns3:cad>82</ns3:cad>
          </ns3:TrackPointExtension>
        </extensions>
      </trkpt>
      <trkpt lat="30.320346839725971221923828125" lon="120.04292570985853672027587890625">
        <ele>6.80000019073486328125</ele>
        <time>2026-08-16T13:23:19.000Z</time>
        <extensions>
          <ns3:TrackPointExtension>
            <ns3:hr>184</ns3:hr>
            <ns3:cad>83</ns3:cad>
          </ns3:TrackPointExtension>
        </extensions>
      </trkpt>
      <trkpt lat="30.32034340314567089080810546875" lon="120.0429003126919269561767578125">
        <ele>6.80000019073486328125</ele>
        <time>2026-08-16T13:23:20.000Z</time>
        <extensions>
          <ns3:TrackPointExtension>
            <ns3:hr>185</ns3:hr>
            <ns3:cad>83</ns3:cad>
          </ns3:TrackPointExtension>
        </extensions>
      </trkpt>
      <trkpt lat="30.320338793098926544189453125" lon="120.0428765080869197845458984375">
        <ele>6.80000019073486328125</ele>
        <time>2026-08-16T13:23:21.000Z</time>
        <extensions>
          <ns3:TrackPointExtension>
            <ns3:hr>184</ns3:hr>
            <ns3:cad>84</ns3:cad>
          </ns3:TrackPointExtension>
        </extensions>
      </trkpt>
      <trkpt lat="30.32033887691795825958251953125" lon="120.04284658469259738922119140625">
        <ele>7</ele>
        <time>2026-08-16T13:23:22.000Z</time>
        <extensions>
          <ns3:TrackPointExtension>
            <ns3:hr>184</ns3:hr>
            <ns3:cad>84</ns3:cad>
          </ns3:TrackPointExtension>
        </extensions>
      </trkpt>
      <trkpt lat="30.32033049501478672027587890625" lon="120.042822360992431640625">
        <ele>7</ele>
        <time>2026-08-16T13:23:23.000Z</time>
        <extensions>
          <ns3:TrackPointExtension>
            <ns3:hr>184</ns3:hr>
            <ns3:cad>84</ns3:cad>
          </ns3:TrackPointExtension>
        </extensions>
      </trkpt>
      <trkpt lat="30.32032839953899383544921875" lon="120.04279260523617267608642578125">
        <ele>6.80000019073486328125</ele>
        <time>2026-08-16T13:23:24.000Z</time>
        <extensions>
          <ns3:TrackPointExtension>
            <ns3:hr>185</ns3:hr>
            <ns3:cad>84</ns3:cad>
          </ns3:TrackPointExtension>
        </extensions>
      </trkpt>
      <trkpt lat="30.3203262202441692352294921875" lon="120.04276662133634090423583984375">
        <ele>6.80000019073486328125</ele>
        <time>2026-08-16T13:23:25.000Z</time>
        <extensions>
          <ns3:TrackPointExtension>
            <ns3:hr>184</ns3:hr>
            <ns3:cad>85</ns3:cad>
          </ns3:TrackPointExtension>
        </extensions>
      </trkpt>
      <trkpt lat="30.3203221969306468963623046875" lon="120.04274231381714344024658203125">
        <ele>6.80000019073486328125</ele>
        <time>2026-08-16T13:23:26.000Z</time>
        <extensions>
          <ns3:TrackPointExtension>
            <ns3:hr>184</ns3:hr>
            <ns3:cad>85</ns3:cad>
          </ns3:TrackPointExtension>
        </extensions>
      </trkpt>
      <trkpt lat="30.32032378949224948883056640625" lon="120.0427138991653919219970703125">
        <ele>6.80000019073486328125</ele>
        <time>2026-08-16T13:23:27.000Z</time>
        <extensions>
          <ns3:TrackPointExtension>
            <ns3:hr>184</ns3:hr>
            <ns3:cad>84</ns3:cad>
          </ns3:TrackPointExtension>
        </extensions>
      </trkpt>
      <trkpt lat="30.32031834125518798828125" lon="120.04269101656973361968994140625">
        <ele>6.80000019073486328125</ele>
        <time>2026-08-16T13:23:28.000Z</time>
        <extensions>
          <ns3:TrackPointExtension>
            <ns3:hr>185</ns3:hr>
            <ns3:cad>84</ns3:cad>
          </ns3:TrackPointExtension>
        </extensions>
      </trkpt>
      <trkpt lat="30.3203134797513484954833984375" lon="120.04267190583050251007080078125">
        <ele>6.80000019073486328125</ele>
        <time>2026-08-16T13:23:29.000Z</time>
        <extensions>
          <ns3:TrackPointExtension>
            <ns3:hr>184</ns3:hr>
            <ns3:cad>84</ns3:cad>
          </ns3:TrackPointExtension>
        </extensions>
      </trkpt>
      <trkpt lat="30.32031708396971225738525390625" lon="120.04264391027390956878662109375">
        <ele>6.80000019073486328125</ele>
        <time>2026-08-16T13:23:30.000Z</time>
        <extensions>
          <ns3:TrackPointExtension>
            <ns3:hr>185</ns3:hr>
            <ns3:cad>84</ns3:cad>
          </ns3:TrackPointExtension>
        </extensions>
      </trkpt>
      <trkpt lat="30.320311971008777618408203125" lon="120.0426252186298370361328125">
        <ele>6.80000019073486328125</ele>
        <time>2026-08-16T13:23:31.000Z</time>
        <extensions>
          <ns3:TrackPointExtension>
            <ns3:hr>185</ns3:hr>
            <ns3:cad>83</ns3:cad>
          </ns3:TrackPointExtension>
        </extensions>
      </trkpt>
      <trkpt lat="30.3203114680945873260498046875" lon="120.042597390711307525634765625">
        <ele>6.80000019073486328125</ele>
        <time>2026-08-16T13:23:32.000Z</time>
        <extensions>
          <ns3:TrackPointExtension>
            <ns3:hr>184</ns3:hr>
            <ns3:cad>83</ns3:cad>
          </ns3:TrackPointExtension>
        </extensions>
      </trkpt>
      <trkpt lat="30.32031389884650707244873046875" lon="120.04257098771631717681884765625">
        <ele>6.80000019073486328125</ele>
        <time>2026-08-16T13:23:33.000Z</time>
        <extensions>
          <ns3:TrackPointExtension>
            <ns3:hr>184</ns3:hr>
            <ns3:cad>83</ns3:cad>
          </ns3:TrackPointExtension>
        </extensions>
      </trkpt>
      <trkpt lat="30.320309959352016448974609375" lon="120.04255020059645175933837890625">
        <ele>6.80000019073486328125</ele>
        <time>2026-08-16T13:23:34.000Z</time>
        <extensions>
          <ns3:TrackPointExtension>
            <ns3:hr>184</ns3:hr>
            <ns3:cad>82</ns3:cad>
          </ns3:TrackPointExtension>
        </extensions>
      </trkpt>
      <trkpt lat="30.3203094564378261566162109375" lon="120.04252203740179538726806640625">
        <ele>6.599999904632568359375</ele>
        <time>2026-08-16T13:23:35.000Z</time>
        <extensions>
          <ns3:TrackPointExtension>
            <ns3:hr>185</ns3:hr>
            <ns3:cad>81</ns3:cad>
          </ns3:TrackPointExtension>
        </extensions>
      </trkpt>
      <trkpt lat="30.32030652277171611785888671875" lon="120.04249739460647106170654296875">
        <ele>6.599999904632568359375</ele>
        <time>2026-08-16T13:23:36.000Z</time>
        <extensions>
          <ns3:TrackPointExtension>
            <ns3:hr>184</ns3:hr>
            <ns3:cad>82</ns3:cad>
          </ns3:TrackPointExtension>
        </extensions>
      </trkpt>
      <trkpt lat="30.320301242172718048095703125" lon="120.04247509874403476715087890625">
        <ele>6.599999904632568359375</ele>
        <time>2026-08-16T13:23:37.000Z</time>
        <extensions>
          <ns3:TrackPointExtension>
            <ns3:hr>184</ns3:hr>
            <ns3:cad>82</ns3:cad>
          </ns3:TrackPointExtension>
        </extensions>
      </trkpt>
      <trkpt lat="30.3203022480010986328125" lon="120.04244978539645671844482421875">
        <ele>6.599999904632568359375</ele>
        <time>2026-08-16T13:23:38.000Z</time>
        <extensions>
          <ns3:TrackPointExtension>
            <ns3:hr>184</ns3:hr>
            <ns3:cad>82</ns3:cad>
          </ns3:TrackPointExtension>
        </extensions>
      </trkpt>
      <trkpt lat="30.320299230515956878662109375" lon="120.04243218339979648590087890625">
        <ele>6.80000019073486328125</ele>
        <time>2026-08-16T13:23:39.000Z</time>
        <extensions>
          <ns3:TrackPointExtension>
            <ns3:hr>183</ns3:hr>
            <ns3:cad>82</ns3:cad>
          </ns3:TrackPointExtension>
        </extensions>
      </trkpt>
      <trkpt lat="30.320295207202434539794921875" lon="120.04240871407091617584228515625">
        <ele>6.80000019073486328125</ele>
        <time>2026-08-16T13:23:40.000Z</time>
        <extensions>
          <ns3:TrackPointExtension>
            <ns3:hr>183</ns3:hr>
            <ns3:cad>82</ns3:cad>
          </ns3:TrackPointExtension>
        </extensions>
      </trkpt>
      <trkpt lat="30.32029755413532257080078125" lon="120.04238423891365528106689453125">
        <ele>6.80000019073486328125</ele>
        <time>2026-08-16T13:23:41.000Z</time>
        <extensions>
          <ns3:TrackPointExtension>
            <ns3:hr>183</ns3:hr>
            <ns3:cad>82</ns3:cad>
          </ns3:TrackPointExtension>
        </extensions>
      </trkpt>
      <trkpt lat="30.3202983923256397247314453125" lon="120.04236278124153614044189453125">
        <ele>7</ele>
        <time>2026-08-16T13:23:42.000Z</time>
        <extensions>
          <ns3:TrackPointExtension>
            <ns3:hr>183</ns3:hr>
            <ns3:cad>82</ns3:cad>
          </ns3:TrackPointExtension>
        </extensions>
      </trkpt>
      <trkpt lat="30.3203024156391620635986328125" lon="120.04233327694237232208251953125">
        <ele>6.80000019073486328125</ele>
        <time>2026-08-16T13:23:43.000Z</time>
        <extensions>
          <ns3:TrackPointExtension>
            <ns3:hr>183</ns3:hr>
            <ns3:cad>82</ns3:cad>
          </ns3:TrackPointExtension>
        </extensions>
      </trkpt>
      <trkpt lat="30.3203040920197963714599609375" lon="120.042308382689952850341796875">
        <ele>6.80000019073486328125</ele>
        <time>2026-08-16T13:23:44.000Z</time>
        <extensions>
          <ns3:TrackPointExtension>
            <ns3:hr>182</ns3:hr>
            <ns3:cad>82</ns3:cad>
          </ns3:TrackPointExtension>
        </extensions>
      </trkpt>
      <trkpt lat="30.3203017450869083404541015625" lon="120.0422857515513896942138671875">
        <ele>6.80000019073486328125</ele>
        <time>2026-08-16T13:23:45.000Z</time>
        <extensions>
          <ns3:TrackPointExtension>
            <ns3:hr>182</ns3:hr>
            <ns3:cad>82</ns3:cad>
          </ns3:TrackPointExtension>
        </extensions>
      </trkpt>
      <trkpt lat="30.32030451111495494842529296875" lon="120.0422550737857818603515625">
        <ele>6.80000019073486328125</ele>
        <time>2026-08-16T13:23:46.000Z</time>
        <extensions>
          <ns3:TrackPointExtension>
            <ns3:hr>182</ns3:hr>
            <ns3:cad>82</ns3:cad>
          </ns3:TrackPointExtension>
        </extensions>
      </trkpt>
      <trkpt lat="30.32030400820076465606689453125" lon="120.0422309339046478271484375">
        <ele>6.80000019073486328125</ele>
        <time>2026-08-16T13:23:47.000Z</time>
        <extensions>
          <ns3:TrackPointExtension>
            <ns3:hr>182</ns3:hr>
            <ns3:cad>82</ns3:cad>
          </ns3:TrackPointExtension>
        </extensions>
      </trkpt>
      <trkpt lat="30.3203081153333187103271484375" lon="120.0422039441764354705810546875">
        <ele>7</ele>
        <time>2026-08-16T13:23:48.000Z</time>
        <extensions>
          <ns3:TrackPointExtension>
            <ns3:hr>182</ns3:hr>
            <ns3:cad>82</ns3:cad>
          </ns3:TrackPointExtension>
        </extensions>
      </trkpt>
      <trkpt lat="30.320315323770046234130859375" lon="120.0421772897243499755859375">
        <ele>7</ele>
        <time>2026-08-16T13:23:49.000Z</time>
        <extensions>
          <ns3:TrackPointExtension>
            <ns3:hr>181</ns3:hr>
            <ns3:cad>81</ns3:cad>
          </ns3:TrackPointExtension>
        </extensions>
      </trkpt>
      <trkpt lat="30.32031322829425334930419921875" lon="120.04215206019580364227294921875">
        <ele>7</ele>
        <time>2026-08-16T13:23:50.000Z</time>
        <extensions>
          <ns3:TrackPointExtension>
            <ns3:hr>181</ns3:hr>
            <ns3:cad>81</ns3:cad>
          </ns3:TrackPointExtension>
        </extensions>
      </trkpt>
      <trkpt lat="30.32031574286520481109619140625" lon="120.04212406463921070098876953125">
        <ele>7</ele>
        <time>2026-08-16T13:23:51.000Z</time>
        <extensions>
          <ns3:TrackPointExtension>
            <ns3:hr>181</ns3:hr>
            <ns3:cad>81</ns3:cad>
          </ns3:TrackPointExtension>
        </extensions>
      </trkpt>
      <trkpt lat="30.32031641341745853424072265625" lon="120.042095817625522613525390625">
        <ele>7</ele>
        <time>2026-08-16T13:23:52.000Z</time>
        <extensions>
          <ns3:TrackPointExtension>
            <ns3:hr>181</ns3:hr>
            <ns3:cad>81</ns3:cad>
          </ns3:TrackPointExtension>
        </extensions>
      </trkpt>
      <trkpt lat="30.3203116357326507568359375" lon="120.04206807352602481842041015625">
        <ele>7</ele>
        <time>2026-08-16T13:23:53.000Z</time>
        <extensions>
          <ns3:TrackPointExtension>
            <ns3:hr>182</ns3:hr>
            <ns3:cad>81</ns3:cad>
          </ns3:TrackPointExtension>
        </extensions>
      </trkpt>
      <trkpt lat="30.3203114680945873260498046875" lon="120.04203982651233673095703125">
        <ele>7</ele>
        <time>2026-08-16T13:23:54.000Z</time>
        <extensions>
          <ns3:TrackPointExtension>
            <ns3:hr>181</ns3:hr>
            <ns3:cad>81</ns3:cad>
          </ns3:TrackPointExtension>
        </extensions>
      </trkpt>
      <trkpt lat="30.32030769623816013336181640625" lon="120.04201593808829784393310546875">
        <ele>7</ele>
        <time>2026-08-16T13:23:55.000Z</time>
        <extensions>
          <ns3:TrackPointExtension>
            <ns3:hr>181</ns3:hr>
            <ns3:cad>82</ns3:cad>
          </ns3:TrackPointExtension>
        </extensions>
      </trkpt>
      <trkpt lat="30.32030551694333553314208984375" lon="120.04198978655040264129638671875">
        <ele>7</ele>
        <time>2026-08-16T13:23:56.000Z</time>
        <extensions>
          <ns3:TrackPointExtension>
            <ns3:hr>181</ns3:hr>
            <ns3:cad>82</ns3:cad>
          </ns3:TrackPointExtension>
        </extensions>
      </trkpt>
      <trkpt lat="30.32030752860009670257568359375" lon="120.04196413792669773101806640625">
        <ele>6.80000019073486328125</ele>
        <time>2026-08-16T13:23:57.000Z</time>
        <extensions>
          <ns3:TrackPointExtension>
            <ns3:hr>181</ns3:hr>
            <ns3:cad>82</ns3:cad>
          </ns3:TrackPointExtension>
        </extensions>
      </trkpt>
      <trkpt lat="30.32030317001044750213623046875" lon="120.04194150678813457489013671875">
        <ele>6.80000019073486328125</ele>
        <time>2026-08-16T13:23:58.000Z</time>
        <extensions>
          <ns3:TrackPointExtension>
            <ns3:hr>181</ns3:hr>
            <ns3:cad>82</ns3:cad>
          </ns3:TrackPointExtension>
        </extensions>
      </trkpt>
      <trkpt lat="30.3203020803630352020263671875" lon="120.0419144332408905029296875">
        <ele>6.80000019073486328125</ele>
        <time>2026-08-16T13:23:59.000Z</time>
        <extensions>
          <ns3:TrackPointExtension>
            <ns3:hr>181</ns3:hr>
            <ns3:cad>82</ns3:cad>
          </ns3:TrackPointExtension>
        </extensions>
      </trkpt>
      <trkpt lat="30.32029629684984683990478515625" lon="120.04189104773104190826416015625">
        <ele>6.80000019073486328125</ele>
        <time>2026-08-16T13:24:00.000Z</time>
        <extensions>
          <ns3:TrackPointExtension>
            <ns3:hr>181</ns3:hr>
            <ns3:cad>82</ns3:cad>
          </ns3:TrackPointExtension>
        </extensions>
      </trkpt>
      <trkpt lat="30.32029009424149990081787109375" lon="120.04186414182186126708984375">
        <ele>6.80000019073486328125</ele>
        <time>2026-08-16T13:24:01.000Z</time>
        <extensions>
          <ns3:TrackPointExtension>
            <ns3:hr>180</ns3:hr>
            <ns3:cad>82</ns3:cad>
          </ns3:TrackPointExtension>
        </extensions>
      </trkpt>
      <trkpt lat="30.3202874958515167236328125" lon="120.041837655007839202880859375">
        <ele>6.80000019073486328125</ele>
        <time>2026-08-16T13:24:02.000Z</time>
        <extensions>
          <ns3:TrackPointExtension>
            <ns3:hr>180</ns3:hr>
            <ns3:cad>82</ns3:cad>
          </ns3:TrackPointExtension>
        </extensions>
      </trkpt>
      <trkpt lat="30.32027936540544033050537109375" lon="120.04181242547929286956787109375">
        <ele>7</ele>
        <time>2026-08-16T13:24:03.000Z</time>
        <extensions>
          <ns3:TrackPointExtension>
            <ns3:hr>180</ns3:hr>
            <ns3:cad>82</ns3:cad>
          </ns3:TrackPointExtension>
        </extensions>
      </trkpt>
      <trkpt lat="30.3202772699296474456787109375" lon="120.04178543575108051300048828125">
        <ele>7</ele>
        <time>2026-08-16T13:24:04.000Z</time>
        <extensions>
          <ns3:TrackPointExtension>
            <ns3:hr>180</ns3:hr>
            <ns3:cad>82</ns3:cad>
          </ns3:TrackPointExtension>
        </extensions>
      </trkpt>
      <trkpt lat="30.320274420082569122314453125" lon="120.04175928421318531036376953125">
        <ele>7</ele>
        <time>2026-08-16T13:24:05.000Z</time>
        <extensions>
          <ns3:TrackPointExtension>
            <ns3:hr>180</ns3:hr>
            <ns3:cad>83</ns3:cad>
          </ns3:TrackPointExtension>
        </extensions>
      </trkpt>
      <trkpt lat="30.32026536762714385986328125" lon="120.04173330031335353851318359375">
        <ele>7</ele>
        <time>2026-08-16T13:24:06.000Z</time>
        <extensions>
          <ns3:TrackPointExtension>
            <ns3:hr>179</ns3:hr>
            <ns3:cad>83</ns3:cad>
          </ns3:TrackPointExtension>
        </extensions>
      </trkpt>
      <trkpt lat="30.32025757245719432830810546875" lon="120.04170513711869716644287109375">
        <ele>7</ele>
        <time>2026-08-16T13:24:07.000Z</time>
        <extensions>
          <ns3:TrackPointExtension>
            <ns3:hr>179</ns3:hr>
            <ns3:cad>83</ns3:cad>
          </ns3:TrackPointExtension>
        </extensions>
      </trkpt>
      <trkpt lat="30.3202491067349910736083984375" lon="120.04167915321886539459228515625">
        <ele>7</ele>
        <time>2026-08-16T13:24:08.000Z</time>
        <extensions>
          <ns3:TrackPointExtension>
            <ns3:hr>179</ns3:hr>
            <ns3:cad>83</ns3:cad>
          </ns3:TrackPointExtension>
        </extensions>
      </trkpt>
      <trkpt lat="30.32024382613599300384521484375" lon="120.04164956510066986083984375">
        <ele>7</ele>
        <time>2026-08-16T13:24:09.000Z</time>
        <extensions>
          <ns3:TrackPointExtension>
            <ns3:hr>179</ns3:hr>
            <ns3:cad>83</ns3:cad>
          </ns3:TrackPointExtension>
        </extensions>
      </trkpt>
      <trkpt lat="30.320237539708614349365234375" lon="120.0416192226111888885498046875">
        <ele>7</ele>
        <time>2026-08-16T13:24:10.000Z</time>
        <extensions>
          <ns3:TrackPointExtension>
            <ns3:hr>179</ns3:hr>
            <ns3:cad>83</ns3:cad>
          </ns3:TrackPointExtension>
        </extensions>
      </trkpt>
      <trkpt lat="30.32023007981479167938232421875" lon="120.04159214906394481658935546875">
        <ele>7</ele>
        <time>2026-08-16T13:24:11.000Z</time>
        <extensions>
          <ns3:TrackPointExtension>
            <ns3:hr>180</ns3:hr>
            <ns3:cad>82</ns3:cad>
          </ns3:TrackPointExtension>
        </extensions>
      </trkpt>
      <trkpt lat="30.3202320076525211334228515625" lon="120.04156029783189296722412109375">
        <ele>7</ele>
        <time>2026-08-16T13:24:12.000Z</time>
        <extensions>
          <ns3:TrackPointExtension>
            <ns3:hr>180</ns3:hr>
            <ns3:cad>82</ns3:cad>
          </ns3:TrackPointExtension>
        </extensions>
      </trkpt>
      <trkpt lat="30.32023024745285511016845703125" lon="120.04153079353272914886474609375">
        <ele>7</ele>
        <time>2026-08-16T13:24:13.000Z</time>
        <extensions>
          <ns3:TrackPointExtension>
            <ns3:hr>180</ns3:hr>
            <ns3:cad>82</ns3:cad>
          </ns3:TrackPointExtension>
        </extensions>
      </trkpt>
      <trkpt lat="30.32022555358707904815673828125" lon="120.041501708328723907470703125">
        <ele>7.19999980926513671875</ele>
        <time>2026-08-16T13:24:14.000Z</time>
        <extensions>
          <ns3:TrackPointExtension>
            <ns3:hr>181</ns3:hr>
            <ns3:cad>82</ns3:cad>
          </ns3:TrackPointExtension>
        </extensions>
      </trkpt>
      <trkpt lat="30.320224463939666748046875" lon="120.0414730422198772430419921875">
        <ele>7.19999980926513671875</ele>
        <time>2026-08-16T13:24:15.000Z</time>
        <extensions>
          <ns3:TrackPointExtension>
            <ns3:hr>181</ns3:hr>
            <ns3:cad>82</ns3:cad>
          </ns3:TrackPointExtension>
        </extensions>
      </trkpt>
      <trkpt lat="30.32022069208323955535888671875" lon="120.04144898615777492523193359375">
        <ele>7</ele>
        <time>2026-08-16T13:24:16.000Z</time>
        <extensions>
          <ns3:TrackPointExtension>
            <ns3:hr>181</ns3:hr>
            <ns3:cad>82</ns3:cad>
          </ns3:TrackPointExtension>
        </extensions>
      </trkpt>
      <trkpt lat="30.3202192671597003936767578125" lon="120.041416548192501068115234375">
        <ele>7.19999980926513671875</ele>
        <time>2026-08-16T13:24:17.000Z</time>
        <extensions>
          <ns3:TrackPointExtension>
            <ns3:hr>180</ns3:hr>
            <ns3:cad>83</ns3:cad>
          </ns3:TrackPointExtension>
        </extensions>
      </trkpt>
      <trkpt lat="30.32021499238908290863037109375" lon="120.0413902290165424346923828125">
        <ele>7.19999980926513671875</ele>
        <time>2026-08-16T13:24:18.000Z</time>
        <extensions>
          <ns3:TrackPointExtension>
            <ns3:hr>181</ns3:hr>
            <ns3:cad>83</ns3:cad>
          </ns3:TrackPointExtension>
        </extensions>
      </trkpt>
      <trkpt lat="30.3202132321894168853759765625" lon="120.041363574564456939697265625">
        <ele>7</ele>
        <time>2026-08-16T13:24:19.000Z</time>
        <extensions>
          <ns3:TrackPointExtension>
            <ns3:hr>181</ns3:hr>
            <ns3:cad>83</ns3:cad>
          </ns3:TrackPointExtension>
        </extensions>
      </trkpt>
      <trkpt lat="30.3202102147042751312255859375" lon="120.04133365117013454437255859375">
        <ele>7</ele>
        <time>2026-08-16T13:24:20.000Z</time>
        <extensions>
          <ns3:TrackPointExtension>
            <ns3:hr>182</ns3:hr>
            <ns3:cad>83</ns3:cad>
          </ns3:TrackPointExtension>
        </extensions>
      </trkpt>
      <trkpt lat="30.32020811922848224639892578125" lon="120.04130632616579532623291015625">
        <ele>7</ele>
        <time>2026-08-16T13:24:21.000Z</time>
        <extensions>
          <ns3:TrackPointExtension>
            <ns3:hr>182</ns3:hr>
            <ns3:cad>84</ns3:cad>
          </ns3:TrackPointExtension>
        </extensions>
      </trkpt>
      <trkpt lat="30.32020946033298969268798828125" lon="120.04127531312406063079833984375">
        <ele>7</ele>
        <time>2026-08-16T13:24:22.000Z</time>
        <extensions>
          <ns3:TrackPointExtension>
            <ns3:hr>182</ns3:hr>
            <ns3:cad>85</ns3:cad>
          </ns3:TrackPointExtension>
        </extensions>
      </trkpt>
      <trkpt lat="30.320206694304943084716796875" lon="120.04125100560486316680908203125">
        <ele>6.80000019073486328125</ele>
        <time>2026-08-16T13:24:23.000Z</time>
        <extensions>
          <ns3:TrackPointExtension>
            <ns3:hr>183</ns3:hr>
            <ns3:cad>85</ns3:cad>
          </ns3:TrackPointExtension>
        </extensions>
      </trkpt>
      <trkpt lat="30.32021096907556056976318359375" lon="120.04122066311538219451904296875">
        <ele>7</ele>
        <time>2026-08-16T13:24:24.000Z</time>
        <extensions>
          <ns3:TrackPointExtension>
            <ns3:hr>183</ns3:hr>
            <ns3:cad>85</ns3:cad>
          </ns3:TrackPointExtension>
        </extensions>
      </trkpt>
      <trkpt lat="30.32020845450460910797119140625" lon="120.04119216464459896087646484375">
        <ele>7</ele>
        <time>2026-08-16T13:24:25.000Z</time>
        <extensions>
          <ns3:TrackPointExtension>
            <ns3:hr>183</ns3:hr>
            <ns3:cad>84</ns3:cad>
          </ns3:TrackPointExtension>
        </extensions>
      </trkpt>
      <trkpt lat="30.3202055208384990692138671875" lon="120.04116215743124485015869140625">
        <ele>7</ele>
        <time>2026-08-16T13:24:26.000Z</time>
        <extensions>
          <ns3:TrackPointExtension>
            <ns3:hr>183</ns3:hr>
            <ns3:cad>84</ns3:cad>
          </ns3:TrackPointExtension>
        </extensions>
      </trkpt>
      <trkpt lat="30.32020325772464275360107421875" lon="120.04113256931304931640625">
        <ele>6.80000019073486328125</ele>
        <time>2026-08-16T13:24:27.000Z</time>
        <extensions>
          <ns3:TrackPointExtension>
            <ns3:hr>184</ns3:hr>
            <ns3:cad>84</ns3:cad>
          </ns3:TrackPointExtension>
        </extensions>
      </trkpt>
      <trkpt lat="30.320200659334659576416015625" lon="120.04110583104193210601806640625">
        <ele>7</ele>
        <time>2026-08-16T13:24:28.000Z</time>
        <extensions>
          <ns3:TrackPointExtension>
            <ns3:hr>184</ns3:hr>
            <ns3:cad>84</ns3:cad>
          </ns3:TrackPointExtension>
        </extensions>
      </trkpt>
      <trkpt lat="30.320202670991420745849609375" lon="120.04107423126697540283203125">
        <ele>6.80000019073486328125</ele>
        <time>2026-08-16T13:24:29.000Z</time>
        <extensions>
          <ns3:TrackPointExtension>
            <ns3:hr>184</ns3:hr>
            <ns3:cad>84</ns3:cad>
          </ns3:TrackPointExtension>
        </extensions>
      </trkpt>
      <trkpt lat="30.32020124606788158416748046875" lon="120.041045732796192169189453125">
        <ele>6.80000019073486328125</ele>
        <time>2026-08-16T13:24:30.000Z</time>
        <extensions>
          <ns3:TrackPointExtension>
            <ns3:hr>184</ns3:hr>
            <ns3:cad>84</ns3:cad>
          </ns3:TrackPointExtension>
        </extensions>
      </trkpt>
      <trkpt lat="30.32019621692597866058349609375" lon="120.04101731814444065093994140625">
        <ele>6.80000019073486328125</ele>
        <time>2026-08-16T13:24:31.000Z</time>
        <extensions>
          <ns3:TrackPointExtension>
            <ns3:hr>184</ns3:hr>
            <ns3:cad>84</ns3:cad>
          </ns3:TrackPointExtension>
        </extensions>
      </trkpt>
      <trkpt lat="30.32019219361245632171630859375" lon="120.0409865565598011016845703125">
        <ele>6.80000019073486328125</ele>
        <time>2026-08-16T13:24:32.000Z</time>
        <extensions>
          <ns3:TrackPointExtension>
            <ns3:hr>184</ns3:hr>
            <ns3:cad>84</ns3:cad>
          </ns3:TrackPointExtension>
        </extensions>
      </trkpt>
      <trkpt lat="30.32019018195569515228271484375" lon="120.04096099175512790679931640625">
        <ele>6.80000019073486328125</ele>
        <time>2026-08-16T13:24:33.000Z</time>
        <extensions>
          <ns3:TrackPointExtension>
            <ns3:hr>184</ns3:hr>
            <ns3:cad>84</ns3:cad>
          </ns3:TrackPointExtension>
        </extensions>
      </trkpt>
      <trkpt lat="30.32019319944083690643310546875" lon="120.04092830233275890350341796875">
        <ele>6.80000019073486328125</ele>
        <time>2026-08-16T13:24:34.000Z</time>
        <extensions>
          <ns3:TrackPointExtension>
            <ns3:hr>184</ns3:hr>
            <ns3:cad>84</ns3:cad>
          </ns3:TrackPointExtension>
        </extensions>
      </trkpt>
      <trkpt lat="30.3201927803456783294677734375" lon="120.04090097732841968536376953125">
        <ele>6.80000019073486328125</ele>
        <time>2026-08-16T13:24:35.000Z</time>
        <extensions>
          <ns3:TrackPointExtension>
            <ns3:hr>185</ns3:hr>
            <ns3:cad>84</ns3:cad>
          </ns3:TrackPointExtension>
        </extensions>
      </trkpt>
      <trkpt lat="30.32019085250794887542724609375" lon="120.04086996428668498992919921875">
        <ele>6.80000019073486328125</ele>
        <time>2026-08-16T13:24:36.000Z</time>
        <extensions>
          <ns3:TrackPointExtension>
            <ns3:hr>185</ns3:hr>
            <ns3:cad>84</ns3:cad>
          </ns3:TrackPointExtension>
        </extensions>
      </trkpt>
      <trkpt lat="30.32018951140344142913818359375" lon="120.04083844833076000213623046875">
        <ele>6.80000019073486328125</ele>
        <time>2026-08-16T13:24:37.000Z</time>
        <extensions>
          <ns3:TrackPointExtension>
            <ns3:hr>185</ns3:hr>
            <ns3:cad>84</ns3:cad>
          </ns3:TrackPointExtension>
        </extensions>
      </trkpt>
      <trkpt lat="30.32018716447055339813232421875" lon="120.04080944694578647613525390625">
        <ele>6.80000019073486328125</ele>
        <time>2026-08-16T13:24:38.000Z</time>
        <extensions>
          <ns3:TrackPointExtension>
            <ns3:hr>185</ns3:hr>
            <ns3:cad>84</ns3:cad>
          </ns3:TrackPointExtension>
        </extensions>
      </trkpt>
      <trkpt lat="30.32018783502280712127685546875" lon="120.040775500237941741943359375">
        <ele>6.80000019073486328125</ele>
        <time>2026-08-16T13:24:39.000Z</time>
        <extensions>
          <ns3:TrackPointExtension>
            <ns3:hr>184</ns3:hr>
            <ns3:cad>85</ns3:cad>
          </ns3:TrackPointExtension>
        </extensions>
      </trkpt>
      <trkpt lat="30.32018624246120452880859375" lon="120.0407471694052219390869140625">
        <ele>6.80000019073486328125</ele>
        <time>2026-08-16T13:24:40.000Z</time>
        <extensions>
          <ns3:TrackPointExtension>
            <ns3:hr>185</ns3:hr>
            <ns3:cad>85</ns3:cad>
          </ns3:TrackPointExtension>
        </extensions>
      </trkpt>
      <trkpt lat="30.32018833793699741363525390625" lon="120.040719844400882720947265625">
        <ele>6.80000019073486328125</ele>
        <time>2026-08-16T13:24:41.000Z</time>
        <extensions>
          <ns3:TrackPointExtension>
            <ns3:hr>185</ns3:hr>
            <ns3:cad>85</ns3:cad>
          </ns3:TrackPointExtension>
        </extensions>
      </trkpt>
      <trkpt lat="30.32018817029893398284912109375" lon="120.0406931899487972259521484375">
        <ele>6.80000019073486328125</ele>
        <time>2026-08-16T13:24:42.000Z</time>
        <extensions>
          <ns3:TrackPointExtension>
            <ns3:hr>185</ns3:hr>
            <ns3:cad>84</ns3:cad>
          </ns3:TrackPointExtension>
        </extensions>
      </trkpt>
      <trkpt lat="30.32018498517572879791259765625" lon="120.04066494293510913848876953125">
        <ele>6.599999904632568359375</ele>
        <time>2026-08-16T13:24:43.000Z</time>
        <extensions>
          <ns3:TrackPointExtension>
            <ns3:hr>185</ns3:hr>
            <ns3:cad>84</ns3:cad>
          </ns3:TrackPointExtension>
        </extensions>
      </trkpt>
      <trkpt lat="30.3201850689947605133056640625" lon="120.04063258878886699676513671875">
        <ele>6.599999904632568359375</ele>
        <time>2026-08-16T13:24:44.000Z</time>
        <extensions>
          <ns3:TrackPointExtension>
            <ns3:hr>184</ns3:hr>
            <ns3:cad>84</ns3:cad>
          </ns3:TrackPointExtension>
        </extensions>
      </trkpt>
      <trkpt lat="30.3201823867857456207275390625" lon="120.040605850517749786376953125">
        <ele>6.599999904632568359375</ele>
        <time>2026-08-16T13:24:45.000Z</time>
        <extensions>
          <ns3:TrackPointExtension>
            <ns3:hr>185</ns3:hr>
            <ns3:cad>84</ns3:cad>
          </ns3:TrackPointExtension>
        </extensions>
      </trkpt>
      <trkpt lat="30.3201797045767307281494140625" lon="120.0405751727521419525146484375">
        <ele>6.80000019073486328125</ele>
        <time>2026-08-16T13:24:46.000Z</time>
        <extensions>
          <ns3:TrackPointExtension>
            <ns3:hr>185</ns3:hr>
            <ns3:cad>84</ns3:cad>
          </ns3:TrackPointExtension>
        </extensions>
      </trkpt>
      <trkpt lat="30.320180542767047882080078125" lon="120.0405453331768512725830078125">
        <ele>6.80000019073486328125</ele>
        <time>2026-08-16T13:24:47.000Z</time>
        <extensions>
          <ns3:TrackPointExtension>
            <ns3:hr>185</ns3:hr>
            <ns3:cad>84</ns3:cad>
          </ns3:TrackPointExtension>
        </extensions>
      </trkpt>
      <trkpt lat="30.32017576508224010467529296875" lon="120.0405175052583217620849609375">
        <ele>6.80000019073486328125</ele>
        <time>2026-08-16T13:24:48.000Z</time>
        <extensions>
          <ns3:TrackPointExtension>
            <ns3:hr>185</ns3:hr>
            <ns3:cad>84</ns3:cad>
          </ns3:TrackPointExtension>
        </extensions>
      </trkpt>
      <trkpt lat="30.32017492689192295074462890625" lon="120.04048858769237995147705078125">
        <ele>6.80000019073486328125</ele>
        <time>2026-08-16T13:24:49.000Z</time>
        <extensions>
          <ns3:TrackPointExtension>
            <ns3:hr>184</ns3:hr>
            <ns3:cad>83</ns3:cad>
          </ns3:TrackPointExtension>
        </extensions>
      </trkpt>
      <trkpt lat="30.3201723285019397735595703125" lon="120.040461681783199310302734375">
        <ele>6.80000019073486328125</ele>
        <time>2026-08-16T13:24:50.000Z</time>
        <extensions>
          <ns3:TrackPointExtension>
            <ns3:hr>185</ns3:hr>
            <ns3:cad>83</ns3:cad>
          </ns3:TrackPointExtension>
        </extensions>
      </trkpt>
      <trkpt lat="30.32017157413065433502197265625" lon="120.0404298305511474609375">
        <ele>6.80000019073486328125</ele>
        <time>2026-08-16T13:24:51.000Z</time>
        <extensions>
          <ns3:TrackPointExtension>
            <ns3:hr>185</ns3:hr>
            <ns3:cad>84</ns3:cad>
          </ns3:TrackPointExtension>
        </extensions>
      </trkpt>
      <trkpt lat="30.32017140649259090423583984375" lon="120.04039973951876163482666015625">
        <ele>6.80000019073486328125</ele>
        <time>2026-08-16T13:24:52.000Z</time>
        <extensions>
          <ns3:TrackPointExtension>
            <ns3:hr>184</ns3:hr>
            <ns3:cad>84</ns3:cad>
          </ns3:TrackPointExtension>
        </extensions>
      </trkpt>
      <trkpt lat="30.32016805373132228851318359375" lon="120.040369816124439239501953125">
        <ele>6.80000019073486328125</ele>
        <time>2026-08-16T13:24:53.000Z</time>
        <extensions>
          <ns3:TrackPointExtension>
            <ns3:hr>184</ns3:hr>
            <ns3:cad>84</ns3:cad>
          </ns3:TrackPointExtension>
        </extensions>
      </trkpt>
      <trkpt lat="30.320168472826480865478515625" lon="120.04033796489238739013671875">
        <ele>6.80000019073486328125</ele>
        <time>2026-08-16T13:24:54.000Z</time>
        <extensions>
          <ns3:TrackPointExtension>
            <ns3:hr>184</ns3:hr>
            <ns3:cad>84</ns3:cad>
          </ns3:TrackPointExtension>
        </extensions>
      </trkpt>
      <trkpt lat="30.32017006538808345794677734375" lon="120.04030921496450901031494140625">
        <ele>6.80000019073486328125</ele>
        <time>2026-08-16T13:24:55.000Z</time>
        <extensions>
          <ns3:TrackPointExtension>
            <ns3:hr>185</ns3:hr>
            <ns3:cad>84</ns3:cad>
          </ns3:TrackPointExtension>
        </extensions>
      </trkpt>
      <trkpt lat="30.32017375342547893524169921875" lon="120.04027602262794971466064453125">
        <ele>6.80000019073486328125</ele>
        <time>2026-08-16T13:24:56.000Z</time>
        <extensions>
          <ns3:TrackPointExtension>
            <ns3:hr>184</ns3:hr>
            <ns3:cad>84</ns3:cad>
          </ns3:TrackPointExtension>
        </extensions>
      </trkpt>
      <trkpt lat="30.320178531110286712646484375" lon="120.04024635069072246551513671875">
        <ele>6.80000019073486328125</ele>
        <time>2026-08-16T13:24:57.000Z</time>
        <extensions>
          <ns3:TrackPointExtension>
            <ns3:hr>184</ns3:hr>
            <ns3:cad>84</ns3:cad>
          </ns3:TrackPointExtension>
        </extensions>
      </trkpt>
      <trkpt lat="30.320184566080570220947265625" lon="120.04021718166768550872802734375">
        <ele>6.80000019073486328125</ele>
        <time>2026-08-16T13:24:58.000Z</time>
        <extensions>
          <ns3:TrackPointExtension>
            <ns3:hr>184</ns3:hr>
            <ns3:cad>85</ns3:cad>
          </ns3:TrackPointExtension>
        </extensions>
      </trkpt>
      <trkpt lat="30.32018900848925113677978515625" lon="120.040189437568187713623046875">
        <ele>6.80000019073486328125</ele>
        <time>2026-08-16T13:24:59.000Z</time>
        <extensions>
          <ns3:TrackPointExtension>
            <ns3:hr>184</ns3:hr>
            <ns3:cad>85</ns3:cad>
          </ns3:TrackPointExtension>
        </extensions>
      </trkpt>
      <trkpt lat="30.3201897628605365753173828125" lon="120.04016093909740447998046875">
        <ele>6.599999904632568359375</ele>
        <time>2026-08-16T13:25:00.000Z</time>
        <extensions>
          <ns3:TrackPointExtension>
            <ns3:hr>185</ns3:hr>
            <ns3:cad>85</ns3:cad>
          </ns3:TrackPointExtension>
        </extensions>
      </trkpt>
      <trkpt lat="30.32019236125051975250244140625" lon="120.0401305966079235076904296875">
        <ele>6.599999904632568359375</ele>
        <time>2026-08-16T13:25:01.000Z</time>
        <extensions>
          <ns3:TrackPointExtension>
            <ns3:hr>184</ns3:hr>
            <ns3:cad>85</ns3:cad>
          </ns3:TrackPointExtension>
        </extensions>
      </trkpt>
      <trkpt lat="30.32019018195569515228271484375" lon="120.0401017628610134124755859375">
        <ele>6.599999904632568359375</ele>
        <time>2026-08-16T13:25:02.000Z</time>
        <extensions>
          <ns3:TrackPointExtension>
            <ns3:hr>184</ns3:hr>
            <ns3:cad>86</ns3:cad>
          </ns3:TrackPointExtension>
        </extensions>
      </trkpt>
      <trkpt lat="30.32019294798374176025390625" lon="120.040072090923786163330078125">
        <ele>6.80000019073486328125</ele>
        <time>2026-08-16T13:25:03.000Z</time>
        <extensions>
          <ns3:TrackPointExtension>
            <ns3:hr>184</ns3:hr>
            <ns3:cad>86</ns3:cad>
          </ns3:TrackPointExtension>
        </extensions>
      </trkpt>
      <trkpt lat="30.320192277431488037109375" lon="120.04004451446235179901123046875">
        <ele>6.80000019073486328125</ele>
        <time>2026-08-16T13:25:04.000Z</time>
        <extensions>
          <ns3:TrackPointExtension>
            <ns3:hr>184</ns3:hr>
            <ns3:cad>86</ns3:cad>
          </ns3:TrackPointExtension>
        </extensions>
      </trkpt>
      <trkpt lat="30.3201911039650440216064453125" lon="120.04001744091510772705078125">
        <ele>6.80000019073486328125</ele>
        <time>2026-08-16T13:25:05.000Z</time>
        <extensions>
          <ns3:TrackPointExtension>
            <ns3:hr>185</ns3:hr>
            <ns3:cad>85</ns3:cad>
          </ns3:TrackPointExtension>
        </extensions>
      </trkpt>
      <trkpt lat="30.32019160687923431396484375" lon="120.03998869098722934722900390625">
        <ele>6.80000019073486328125</ele>
        <time>2026-08-16T13:25:06.000Z</time>
        <extensions>
          <ns3:TrackPointExtension>
            <ns3:hr>185</ns3:hr>
            <ns3:cad>85</ns3:cad>
          </ns3:TrackPointExtension>
        </extensions>
      </trkpt>
      <trkpt lat="30.3201884217560291290283203125" lon="120.039960779249668121337890625">
        <ele>6.80000019073486328125</ele>
        <time>2026-08-16T13:25:07.000Z</time>
        <extensions>
          <ns3:TrackPointExtension>
            <ns3:hr>185</ns3:hr>
            <ns3:cad>85</ns3:cad>
          </ns3:TrackPointExtension>
        </extensions>
      </trkpt>
      <trkpt lat="30.32018984667956829071044921875" lon="120.03993035294115543365478515625">
        <ele>6.80000019073486328125</ele>
        <time>2026-08-16T13:25:08.000Z</time>
        <extensions>
          <ns3:TrackPointExtension>
            <ns3:hr>185</ns3:hr>
            <ns3:cad>85</ns3:cad>
          </ns3:TrackPointExtension>
        </extensions>
      </trkpt>
      <trkpt lat="30.3201843984425067901611328125" lon="120.03990612924098968505859375">
        <ele>6.80000019073486328125</ele>
        <time>2026-08-16T13:25:09.000Z</time>
        <extensions>
          <ns3:TrackPointExtension>
            <ns3:hr>184</ns3:hr>
            <ns3:cad>85</ns3:cad>
          </ns3:TrackPointExtension>
        </extensions>
      </trkpt>
      <trkpt lat="30.320183895528316497802734375" lon="120.039874613285064697265625">
        <ele>6.80000019073486328125</ele>
        <time>2026-08-16T13:25:10.000Z</time>
        <extensions>
          <ns3:TrackPointExtension>
            <ns3:hr>184</ns3:hr>
            <ns3:cad>85</ns3:cad>
          </ns3:TrackPointExtension>
        </extensions>
      </trkpt>
      <trkpt lat="30.3201820515096187591552734375" lon="120.03984468989074230194091796875">
        <ele>6.80000019073486328125</ele>
        <time>2026-08-16T13:25:11.000Z</time>
        <extensions>
          <ns3:TrackPointExtension>
            <ns3:hr>185</ns3:hr>
            <ns3:cad>85</ns3:cad>
          </ns3:TrackPointExtension>
        </extensions>
      </trkpt>
      <trkpt lat="30.32017744146287441253662109375" lon="120.03982029855251312255859375">
        <ele>6.80000019073486328125</ele>
        <time>2026-08-16T13:25:12.000Z</time>
        <extensions>
          <ns3:TrackPointExtension>
            <ns3:hr>185</ns3:hr>
            <ns3:cad>84</ns3:cad>
          </ns3:TrackPointExtension>
        </extensions>
      </trkpt>
      <trkpt lat="30.3201736696064472198486328125" lon="120.03979305736720561981201171875">
        <ele>6.80000019073486328125</ele>
        <time>2026-08-16T13:25:13.000Z</time>
        <extensions>
          <ns3:TrackPointExtension>
            <ns3:hr>185</ns3:hr>
            <ns3:cad>84</ns3:cad>
          </ns3:TrackPointExtension>
        </extensions>
      </trkpt>
      <trkpt lat="30.3201699815690517425537109375" lon="120.03976975567638874053955078125">
        <ele>6.80000019073486328125</ele>
        <time>2026-08-16T13:25:14.000Z</time>
        <extensions>
          <ns3:TrackPointExtension>
            <ns3:hr>185</ns3:hr>
            <ns3:cad>84</ns3:cad>
          </ns3:TrackPointExtension>
        </extensions>
      </trkpt>
      <trkpt lat="30.3201686404645442962646484375" lon="120.0397406704723834991455078125">
        <ele>7</ele>
        <time>2026-08-16T13:25:15.000Z</time>
        <extensions>
          <ns3:TrackPointExtension>
            <ns3:hr>185</ns3:hr>
            <ns3:cad>84</ns3:cad>
          </ns3:TrackPointExtension>
        </extensions>
      </trkpt>
      <trkpt lat="30.32016620971262454986572265625" lon="120.039712674915790557861328125">
        <ele>7</ele>
        <time>2026-08-16T13:25:16.000Z</time>
        <extensions>
          <ns3:TrackPointExtension>
            <ns3:hr>185</ns3:hr>
            <ns3:cad>84</ns3:cad>
          </ns3:TrackPointExtension>
        </extensions>
      </trkpt>
      <trkpt lat="30.3201602585613727569580078125" lon="120.03968375734984874725341796875">
        <ele>7.19999980926513671875</ele>
        <time>2026-08-16T13:25:17.000Z</time>
        <extensions>
          <ns3:TrackPointExtension>
            <ns3:hr>185</ns3:hr>
            <ns3:cad>84</ns3:cad>
          </ns3:TrackPointExtension>
        </extensions>
      </trkpt>
      <trkpt lat="30.32015615142881870269775390625" lon="120.03965190611779689788818359375">
        <ele>7.19999980926513671875</ele>
        <time>2026-08-16T13:25:18.000Z</time>
        <extensions>
          <ns3:TrackPointExtension>
            <ns3:hr>184</ns3:hr>
            <ns3:cad>84</ns3:cad>
          </ns3:TrackPointExtension>
        </extensions>
      </trkpt>
      <trkpt lat="30.32014600932598114013671875" lon="120.03962826915085315704345703125">
        <ele>7.19999980926513671875</ele>
        <time>2026-08-16T13:25:19.000Z</time>
        <extensions>
          <ns3:TrackPointExtension>
            <ns3:hr>184</ns3:hr>
            <ns3:cad>84</ns3:cad>
          </ns3:TrackPointExtension>
        </extensions>
      </trkpt>
      <trkpt lat="30.3201428242027759552001953125" lon="120.039595328271389007568359375">
        <ele>7.19999980926513671875</ele>
        <time>2026-08-16T13:25:20.000Z</time>
        <extensions>
          <ns3:TrackPointExtension>
            <ns3:hr>184</ns3:hr>
            <ns3:cad>85</ns3:cad>
          </ns3:TrackPointExtension>
        </extensions>
      </trkpt>
      <trkpt lat="30.32013737596571445465087890625" lon="120.0395666621625423431396484375">
        <ele>7.19999980926513671875</ele>
        <time>2026-08-16T13:25:21.000Z</time>
        <extensions>
          <ns3:TrackPointExtension>
            <ns3:hr>185</ns3:hr>
            <ns3:cad>85</ns3:cad>
          </ns3:TrackPointExtension>
        </extensions>
      </trkpt>
      <trkpt lat="30.320133268833160400390625" lon="120.039532966911792755126953125">
        <ele>7.19999980926513671875</ele>
        <time>2026-08-16T13:25:22.000Z</time>
        <extensions>
          <ns3:TrackPointExtension>
            <ns3:hr>185</ns3:hr>
            <ns3:cad>85</ns3:cad>
          </ns3:TrackPointExtension>
        </extensions>
      </trkpt>
      <trkpt lat="30.32013167627155780792236328125" lon="120.0395004451274871826171875">
        <ele>7.19999980926513671875</ele>
        <time>2026-08-16T13:25:23.000Z</time>
        <extensions>
          <ns3:TrackPointExtension>
            <ns3:hr>185</ns3:hr>
            <ns3:cad>85</ns3:cad>
          </ns3:TrackPointExtension>
        </extensions>
      </trkpt>
      <trkpt lat="30.3201265633106231689453125" lon="120.03947563469409942626953125">
        <ele>7.19999980926513671875</ele>
        <time>2026-08-16T13:25:24.000Z</time>
        <extensions>
          <ns3:TrackPointExtension>
            <ns3:hr>185</ns3:hr>
            <ns3:cad>85</ns3:cad>
          </ns3:TrackPointExtension>
        </extensions>
      </trkpt>
      <trkpt lat="30.3201274015009403228759765625" lon="120.03944814205169677734375">
        <ele>7.19999980926513671875</ele>
        <time>2026-08-16T13:25:25.000Z</time>
        <extensions>
          <ns3:TrackPointExtension>
            <ns3:hr>186</ns3:hr>
            <ns3:cad>86</ns3:cad>
          </ns3:TrackPointExtension>
        </extensions>
      </trkpt>
      <trkpt lat="30.32012530602514743804931640625" lon="120.03942509181797504425048828125">
        <ele>7.19999980926513671875</ele>
        <time>2026-08-16T13:25:26.000Z</time>
        <extensions>
          <ns3:TrackPointExtension>
            <ns3:hr>186</ns3:hr>
            <ns3:cad>86</ns3:cad>
          </ns3:TrackPointExtension>
        </extensions>
      </trkpt>
      <trkpt lat="30.3201267309486865997314453125" lon="120.03939575515687465667724609375">
        <ele>7.19999980926513671875</ele>
        <time>2026-08-16T13:25:27.000Z</time>
        <extensions>
          <ns3:TrackPointExtension>
            <ns3:hr>186</ns3:hr>
            <ns3:cad>85</ns3:cad>
          </ns3:TrackPointExtension>
        </extensions>
      </trkpt>
      <trkpt lat="30.32012815587222576141357421875" lon="120.03936943598091602325439453125">
        <ele>7.19999980926513671875</ele>
        <time>2026-08-16T13:25:28.000Z</time>
        <extensions>
          <ns3:TrackPointExtension>
            <ns3:hr>186</ns3:hr>
            <ns3:cad>85</ns3:cad>
          </ns3:TrackPointExtension>
        </extensions>
      </trkpt>
      <trkpt lat="30.32012748531997203826904296875" lon="120.03934546373784542083740234375">
        <ele>7.19999980926513671875</ele>
        <time>2026-08-16T13:25:29.000Z</time>
        <extensions>
          <ns3:TrackPointExtension>
            <ns3:hr>187</ns3:hr>
            <ns3:cad>84</ns3:cad>
          </ns3:TrackPointExtension>
        </extensions>
      </trkpt>
      <trkpt lat="30.32012832351028919219970703125" lon="120.0393131934106349945068359375">
        <ele>7.19999980926513671875</ele>
        <time>2026-08-16T13:25:30.000Z</time>
        <extensions>
          <ns3:TrackPointExtension>
            <ns3:hr>186</ns3:hr>
            <ns3:cad>83</ns3:cad>
          </ns3:TrackPointExtension>
        </extensions>
      </trkpt>
      <trkpt lat="30.32012723386287689208984375" lon="120.03928863443434238433837890625">
        <ele>7.19999980926513671875</ele>
        <time>2026-08-16T13:25:31.000Z</time>
        <extensions>
          <ns3:TrackPointExtension>
            <ns3:hr>186</ns3:hr>
            <ns3:cad>83</ns3:cad>
          </ns3:TrackPointExtension>
        </extensions>
      </trkpt>
      <trkpt lat="30.3201253898441791534423828125" lon="120.0392605550587177276611328125">
        <ele>7.19999980926513671875</ele>
        <time>2026-08-16T13:25:32.000Z</time>
        <extensions>
          <ns3:TrackPointExtension>
            <ns3:hr>186</ns3:hr>
            <ns3:cad>84</ns3:cad>
          </ns3:TrackPointExtension>
        </extensions>
      </trkpt>
      <trkpt lat="30.32012262381613254547119140625" lon="120.03923532553017139434814453125">
        <ele>7.19999980926513671875</ele>
        <time>2026-08-16T13:25:33.000Z</time>
        <extensions>
          <ns3:TrackPointExtension>
            <ns3:hr>187</ns3:hr>
            <ns3:cad>84</ns3:cad>
          </ns3:TrackPointExtension>
        </extensions>
      </trkpt>
      <trkpt lat="30.320118181407451629638671875" lon="120.03920833580195903778076171875">
        <ele>7.19999980926513671875</ele>
        <time>2026-08-16T13:25:34.000Z</time>
        <extensions>
          <ns3:TrackPointExtension>
            <ns3:hr>187</ns3:hr>
            <ns3:cad>84</ns3:cad>
          </ns3:TrackPointExtension>
        </extensions>
      </trkpt>
      <trkpt lat="30.32011759467422962188720703125" lon="120.03918101079761981964111328125">
        <ele>7.19999980926513671875</ele>
        <time>2026-08-16T13:25:35.000Z</time>
        <extensions>
          <ns3:TrackPointExtension>
            <ns3:hr>187</ns3:hr>
            <ns3:cad>84</ns3:cad>
          </ns3:TrackPointExtension>
        </extensions>
      </trkpt>
      <trkpt lat="30.32011424191296100616455078125" lon="120.039157457649707794189453125">
        <ele>7.19999980926513671875</ele>
        <time>2026-08-16T13:25:36.000Z</time>
        <extensions>
          <ns3:TrackPointExtension>
            <ns3:hr>187</ns3:hr>
            <ns3:cad>84</ns3:cad>
          </ns3:TrackPointExtension>
        </extensions>
      </trkpt>
      <trkpt lat="30.32011558301746845245361328125" lon="120.03912820480763912200927734375">
        <ele>7.19999980926513671875</ele>
        <time>2026-08-16T13:25:37.000Z</time>
        <extensions>
          <ns3:TrackPointExtension>
            <ns3:hr>187</ns3:hr>
            <ns3:cad>84</ns3:cad>
          </ns3:TrackPointExtension>
        </extensions>
      </trkpt>
      <trkpt lat="30.32011558301746845245361328125" lon="120.03910389728844165802001953125">
        <ele>7.400000095367431640625</ele>
        <time>2026-08-16T13:25:38.000Z</time>
        <extensions>
          <ns3:TrackPointExtension>
            <ns3:hr>187</ns3:hr>
            <ns3:cad>84</ns3:cad>
          </ns3:TrackPointExtension>
        </extensions>
      </trkpt>
      <trkpt lat="30.320114158093929290771484375" lon="120.0390724651515483856201171875">
        <ele>7.400000095367431640625</ele>
        <time>2026-08-16T13:25:39.000Z</time>
        <extensions>
          <ns3:TrackPointExtension>
            <ns3:hr>187</ns3:hr>
            <ns3:cad>84</ns3:cad>
          </ns3:TrackPointExtension>
        </extensions>
      </trkpt>
      <trkpt lat="30.32011357136070728302001953125" lon="120.03903835080564022064208984375">
        <ele>7.400000095367431640625</ele>
        <time>2026-08-16T13:25:40.000Z</time>
        <extensions>
          <ns3:TrackPointExtension>
            <ns3:hr>188</ns3:hr>
            <ns3:cad>84</ns3:cad>
          </ns3:TrackPointExtension>
        </extensions>
      </trkpt>
      <trkpt lat="30.32011239789426326751708984375" lon="120.03901421092450618743896484375">
        <ele>7.400000095367431640625</ele>
        <time>2026-08-16T13:25:41.000Z</time>
        <extensions>
          <ns3:TrackPointExtension>
            <ns3:hr>187</ns3:hr>
            <ns3:cad>84</ns3:cad>
          </ns3:TrackPointExtension>
        </extensions>
      </trkpt>
      <trkpt lat="30.3201106376945972442626953125" lon="120.03898210823535919189453125">
        <ele>7.400000095367431640625</ele>
        <time>2026-08-16T13:25:42.000Z</time>
        <extensions>
          <ns3:TrackPointExtension>
            <ns3:hr>187</ns3:hr>
            <ns3:cad>84</ns3:cad>
          </ns3:TrackPointExtension>
        </extensions>
      </trkpt>
      <trkpt lat="30.3201092965900897979736328125" lon="120.0389598123729228973388671875">
        <ele>7.400000095367431640625</ele>
        <time>2026-08-16T13:25:43.000Z</time>
        <extensions>
          <ns3:TrackPointExtension>
            <ns3:hr>187</ns3:hr>
            <ns3:cad>84</ns3:cad>
          </ns3:TrackPointExtension>
        </extensions>
      </trkpt>
      <trkpt lat="30.3201062791049480438232421875" lon="120.03893424756824970245361328125">
        <ele>7.400000095367431640625</ele>
        <time>2026-08-16T13:25:44.000Z</time>
        <extensions>
          <ns3:TrackPointExtension>
            <ns3:hr>188</ns3:hr>
            <ns3:cad>84</ns3:cad>
          </ns3:TrackPointExtension>
        </extensions>
      </trkpt>
      <trkpt lat="30.32010166905820369720458984375" lon="120.0389101915061473846435546875">
        <ele>7.400000095367431640625</ele>
        <time>2026-08-16T13:25:45.000Z</time>
        <extensions>
          <ns3:TrackPointExtension>
            <ns3:hr>187</ns3:hr>
            <ns3:cad>84</ns3:cad>
          </ns3:TrackPointExtension>
        </extensions>
      </trkpt>
      <trkpt lat="30.32009781338274478912353515625" lon="120.0388883985579013824462890625">
        <ele>7.400000095367431640625</ele>
        <time>2026-08-16T13:25:46.000Z</time>
        <extensions>
          <ns3:TrackPointExtension>
            <ns3:hr>187</ns3:hr>
            <ns3:cad>84</ns3:cad>
          </ns3:TrackPointExtension>
        </extensions>
      </trkpt>
      <trkpt lat="30.32009546644985675811767578125" lon="120.0388609059154987335205078125">
        <ele>7.400000095367431640625</ele>
        <time>2026-08-16T13:25:47.000Z</time>
        <extensions>
          <ns3:TrackPointExtension>
            <ns3:hr>188</ns3:hr>
            <ns3:cad>84</ns3:cad>
          </ns3:TrackPointExtension>
        </extensions>
      </trkpt>
      <trkpt lat="30.32009094022214412689208984375" lon="120.038834251463413238525390625">
        <ele>7.400000095367431640625</ele>
        <time>2026-08-16T13:25:48.000Z</time>
        <extensions>
          <ns3:TrackPointExtension>
            <ns3:hr>188</ns3:hr>
            <ns3:cad>83</ns3:cad>
          </ns3:TrackPointExtension>
        </extensions>
      </trkpt>
      <trkpt lat="30.3200875036418437957763671875" lon="120.03880701027810573577880859375">
        <ele>7.599999904632568359375</ele>
        <time>2026-08-16T13:25:49.000Z</time>
        <extensions>
          <ns3:TrackPointExtension>
            <ns3:hr>188</ns3:hr>
            <ns3:cad>84</ns3:cad>
          </ns3:TrackPointExtension>
        </extensions>
      </trkpt>
      <trkpt lat="30.3200875036418437957763671875" lon="120.03877448849380016326904296875">
        <ele>7.599999904632568359375</ele>
        <time>2026-08-16T13:25:50.000Z</time>
        <extensions>
          <ns3:TrackPointExtension>
            <ns3:hr>188</ns3:hr>
            <ns3:cad>83</ns3:cad>
          </ns3:TrackPointExtension>
        </extensions>
      </trkpt>
      <trkpt lat="30.32007937319576740264892578125" lon="120.03874448128044605255126953125">
        <ele>7.599999904632568359375</ele>
        <time>2026-08-16T13:25:51.000Z</time>
        <extensions>
          <ns3:TrackPointExtension>
            <ns3:hr>187</ns3:hr>
            <ns3:cad>83</ns3:cad>
          </ns3:TrackPointExtension>
        </extensions>
      </trkpt>
      <trkpt lat="30.32007501460611820220947265625" lon="120.03871547989547252655029296875">
        <ele>7.599999904632568359375</ele>
        <time>2026-08-16T13:25:52.000Z</time>
        <extensions>
          <ns3:TrackPointExtension>
            <ns3:hr>188</ns3:hr>
            <ns3:cad>83</ns3:cad>
          </ns3:TrackPointExtension>
        </extensions>
      </trkpt>
      <trkpt lat="30.32007551752030849456787109375" lon="120.03868781961500644683837890625">
        <ele>7.80000019073486328125</ele>
        <time>2026-08-16T13:25:53.000Z</time>
        <extensions>
          <ns3:TrackPointExtension>
            <ns3:hr>188</ns3:hr>
            <ns3:cad>84</ns3:cad>
          </ns3:TrackPointExtension>
        </extensions>
      </trkpt>
      <trkpt lat="30.32007451169192790985107421875" lon="120.038660578429698944091796875">
        <ele>7.80000019073486328125</ele>
        <time>2026-08-16T13:25:54.000Z</time>
        <extensions>
          <ns3:TrackPointExtension>
            <ns3:hr>187</ns3:hr>
            <ns3:cad>84</ns3:cad>
          </ns3:TrackPointExtension>
        </extensions>
      </trkpt>
      <trkpt lat="30.32007685862481594085693359375" lon="120.0386315770447254180908203125">
        <ele>7.80000019073486328125</ele>
        <time>2026-08-16T13:25:55.000Z</time>
        <extensions>
          <ns3:TrackPointExtension>
            <ns3:hr>188</ns3:hr>
            <ns3:cad>84</ns3:cad>
          </ns3:TrackPointExtension>
        </extensions>
      </trkpt>
      <trkpt lat="30.32007400877773761749267578125" lon="120.038604922592639923095703125">
        <ele>7.80000019073486328125</ele>
        <time>2026-08-16T13:25:56.000Z</time>
        <extensions>
          <ns3:TrackPointExtension>
            <ns3:hr>188</ns3:hr>
            <ns3:cad>84</ns3:cad>
          </ns3:TrackPointExtension>
        </extensions>
      </trkpt>
      <trkpt lat="30.3200771100819110870361328125" lon="120.03857416100800037384033203125">
        <ele>7.80000019073486328125</ele>
        <time>2026-08-16T13:25:57.000Z</time>
        <extensions>
          <ns3:TrackPointExtension>
            <ns3:hr>187</ns3:hr>
            <ns3:cad>84</ns3:cad>
          </ns3:TrackPointExtension>
        </extensions>
      </trkpt>
      <trkpt lat="30.320075936615467071533203125" lon="120.038543902337551116943359375">
        <ele>7.80000019073486328125</ele>
        <time>2026-08-16T13:25:58.000Z</time>
        <extensions>
          <ns3:TrackPointExtension>
            <ns3:hr>188</ns3:hr>
            <ns3:cad>84</ns3:cad>
          </ns3:TrackPointExtension>
        </extensions>
      </trkpt>
      <trkpt lat="30.32007317058742046356201171875" lon="120.0385142304003238677978515625">
        <ele>8</ele>
        <time>2026-08-16T13:25:59.000Z</time>
        <extensions>
          <ns3:TrackPointExtension>
            <ns3:hr>188</ns3:hr>
            <ns3:cad>84</ns3:cad>
          </ns3:TrackPointExtension>
        </extensions>
      </trkpt>
      <trkpt lat="30.32007534988224506378173828125" lon="120.03848732449114322662353515625">
        <ele>8.19999980926513671875</ele>
        <time>2026-08-16T13:26:00.000Z</time>
        <extensions>
          <ns3:TrackPointExtension>
            <ns3:hr>187</ns3:hr>
            <ns3:cad>85</ns3:cad>
          </ns3:TrackPointExtension>
        </extensions>
      </trkpt>
      <trkpt lat="30.3200720809400081634521484375" lon="120.03846041858196258544921875">
        <ele>8.3999996185302734375</ele>
        <time>2026-08-16T13:26:01.000Z</time>
        <extensions>
          <ns3:TrackPointExtension>
            <ns3:hr>188</ns3:hr>
            <ns3:cad>84</ns3:cad>
          </ns3:TrackPointExtension>
        </extensions>
      </trkpt>
      <trkpt lat="30.32007367350161075592041015625" lon="120.0384302437305450439453125">
        <ele>8.3999996185302734375</ele>
        <time>2026-08-16T13:26:02.000Z</time>
        <extensions>
          <ns3:TrackPointExtension>
            <ns3:hr>188</ns3:hr>
            <ns3:cad>84</ns3:cad>
          </ns3:TrackPointExtension>
        </extensions>
      </trkpt>
      <trkpt lat="30.32006956636905670166015625" lon="120.0384034216403961181640625">
        <ele>8.19999980926513671875</ele>
        <time>2026-08-16T13:26:03.000Z</time>
        <extensions>
          <ns3:TrackPointExtension>
            <ns3:hr>187</ns3:hr>
            <ns3:cad>84</ns3:cad>
          </ns3:TrackPointExtension>
        </extensions>
      </trkpt>
      <trkpt lat="30.32007048837840557098388671875" lon="120.03837383352220058441162109375">
        <ele>8</ele>
        <time>2026-08-16T13:26:04.000Z</time>
        <extensions>
          <ns3:TrackPointExtension>
            <ns3:hr>188</ns3:hr>
            <ns3:cad>85</ns3:cad>
          </ns3:TrackPointExtension>
        </extensions>
      </trkpt>
      <trkpt lat="30.32006998546421527862548828125" lon="120.03835254348814487457275390625">
        <ele>8</ele>
        <time>2026-08-16T13:26:05.000Z</time>
        <extensions>
          <ns3:TrackPointExtension>
            <ns3:hr>188</ns3:hr>
            <ns3:cad>85</ns3:cad>
          </ns3:TrackPointExtension>
        </extensions>
      </trkpt>
      <trkpt lat="30.32006562687456607818603515625" lon="120.03832907415926456451416015625">
        <ele>8</ele>
        <time>2026-08-16T13:26:06.000Z</time>
        <extensions>
          <ns3:TrackPointExtension>
            <ns3:hr>187</ns3:hr>
            <ns3:cad>85</ns3:cad>
          </ns3:TrackPointExtension>
        </extensions>
      </trkpt>
      <trkpt lat="30.3200647048652172088623046875" lon="120.0383026711642742156982421875">
        <ele>8</ele>
        <time>2026-08-16T13:26:07.000Z</time>
        <extensions>
          <ns3:TrackPointExtension>
            <ns3:hr>188</ns3:hr>
            <ns3:cad>85</ns3:cad>
          </ns3:TrackPointExtension>
        </extensions>
      </trkpt>
      <trkpt lat="30.3200630284845829010009765625" lon="120.03827911801636219024658203125">
        <ele>8.19999980926513671875</ele>
        <time>2026-08-16T13:26:08.000Z</time>
        <extensions>
          <ns3:TrackPointExtension>
            <ns3:hr>188</ns3:hr>
            <ns3:cad>85</ns3:cad>
          </ns3:TrackPointExtension>
        </extensions>
      </trkpt>
      <trkpt lat="30.32006562687456607818603515625" lon="120.03825212828814983367919921875">
        <ele>8.19999980926513671875</ele>
        <time>2026-08-16T13:26:09.000Z</time>
        <extensions>
          <ns3:TrackPointExtension>
            <ns3:hr>188</ns3:hr>
            <ns3:cad>84</ns3:cad>
          </ns3:TrackPointExtension>
        </extensions>
      </trkpt>
      <trkpt lat="30.320066548883914947509765625" lon="120.03822497092187404632568359375">
        <ele>8.19999980926513671875</ele>
        <time>2026-08-16T13:26:10.000Z</time>
        <extensions>
          <ns3:TrackPointExtension>
            <ns3:hr>188</ns3:hr>
            <ns3:cad>84</ns3:cad>
          </ns3:TrackPointExtension>
        </extensions>
      </trkpt>
      <trkpt lat="30.3200657106935977935791015625" lon="120.0382000766694545745849609375">
        <ele>8.19999980926513671875</ele>
        <time>2026-08-16T13:26:11.000Z</time>
        <extensions>
          <ns3:TrackPointExtension>
            <ns3:hr>187</ns3:hr>
            <ns3:cad>84</ns3:cad>
          </ns3:TrackPointExtension>
        </extensions>
      </trkpt>
      <trkpt lat="30.32006680034101009368896484375" lon="120.0381735898554325103759765625">
        <ele>8.19999980926513671875</ele>
        <time>2026-08-16T13:26:12.000Z</time>
        <extensions>
          <ns3:TrackPointExtension>
            <ns3:hr>187</ns3:hr>
            <ns3:cad>84</ns3:cad>
          </ns3:TrackPointExtension>
        </extensions>
      </trkpt>
      <trkpt lat="30.3200690634548664093017578125" lon="120.03814718686044216156005859375">
        <ele>8.19999980926513671875</ele>
        <time>2026-08-16T13:26:13.000Z</time>
        <extensions>
          <ns3:TrackPointExtension>
            <ns3:hr>187</ns3:hr>
            <ns3:cad>83</ns3:cad>
          </ns3:TrackPointExtension>
        </extensions>
      </trkpt>
      <trkpt lat="30.320067219436168670654296875" lon="120.0381249748170375823974609375">
        <ele>8.19999980926513671875</ele>
        <time>2026-08-16T13:26:14.000Z</time>
        <extensions>
          <ns3:TrackPointExtension>
            <ns3:hr>188</ns3:hr>
            <ns3:cad>82</ns3:cad>
          </ns3:TrackPointExtension>
        </extensions>
      </trkpt>
      <trkpt lat="30.32006713561713695526123046875" lon="120.03810024820268154144287109375">
        <ele>8.19999980926513671875</ele>
        <time>2026-08-16T13:26:15.000Z</time>
        <extensions>
          <ns3:TrackPointExtension>
            <ns3:hr>188</ns3:hr>
            <ns3:cad>82</ns3:cad>
          </ns3:TrackPointExtension>
        </extensions>
      </trkpt>
      <trkpt lat="30.3200660459697246551513671875" lon="120.03807418048381805419921875">
        <ele>8</ele>
        <time>2026-08-16T13:26:16.000Z</time>
        <extensions>
          <ns3:TrackPointExtension>
            <ns3:hr>188</ns3:hr>
            <ns3:cad>82</ns3:cad>
          </ns3:TrackPointExtension>
        </extensions>
      </trkpt>
      <trkpt lat="30.32006428577005863189697265625" lon="120.03804601728916168212890625">
        <ele>8</ele>
        <time>2026-08-16T13:26:17.000Z</time>
        <extensions>
          <ns3:TrackPointExtension>
            <ns3:hr>188</ns3:hr>
            <ns3:cad>81</ns3:cad>
          </ns3:TrackPointExtension>
        </extensions>
      </trkpt>
      <trkpt lat="30.32005942426621913909912109375" lon="120.03802330233156681060791015625">
        <ele>8</ele>
        <time>2026-08-16T13:26:18.000Z</time>
        <extensions>
          <ns3:TrackPointExtension>
            <ns3:hr>187</ns3:hr>
            <ns3:cad>81</ns3:cad>
          </ns3:TrackPointExtension>
        </extensions>
      </trkpt>
      <trkpt lat="30.3200519643723964691162109375" lon="120.03799379803240299224853515625">
        <ele>8</ele>
        <time>2026-08-16T13:26:19.000Z</time>
        <extensions>
          <ns3:TrackPointExtension>
            <ns3:hr>187</ns3:hr>
            <ns3:cad>82</ns3:cad>
          </ns3:TrackPointExtension>
        </extensions>
      </trkpt>
      <trkpt lat="30.32005171291530132293701171875" lon="120.03796244971454143524169921875">
        <ele>8</ele>
        <time>2026-08-16T13:26:20.000Z</time>
        <extensions>
          <ns3:TrackPointExtension>
            <ns3:hr>187</ns3:hr>
            <ns3:cad>82</ns3:cad>
          </ns3:TrackPointExtension>
        </extensions>
      </trkpt>
      <trkpt lat="30.32004668377339839935302734375" lon="120.0379365496337413787841796875">
        <ele>8</ele>
        <time>2026-08-16T13:26:21.000Z</time>
        <extensions>
          <ns3:TrackPointExtension>
            <ns3:hr>187</ns3:hr>
            <ns3:cad>83</ns3:cad>
          </ns3:TrackPointExtension>
        </extensions>
      </trkpt>
      <trkpt lat="30.3200489468872547149658203125" lon="120.0379063747823238372802734375">
        <ele>8</ele>
        <time>2026-08-16T13:26:22.000Z</time>
        <extensions>
          <ns3:TrackPointExtension>
            <ns3:hr>188</ns3:hr>
            <ns3:cad>83</ns3:cad>
          </ns3:TrackPointExtension>
        </extensions>
      </trkpt>
      <trkpt lat="30.32004768960177898406982421875" lon="120.03788047470152378082275390625">
        <ele>8</ele>
        <time>2026-08-16T13:26:23.000Z</time>
        <extensions>
          <ns3:TrackPointExtension>
            <ns3:hr>187</ns3:hr>
            <ns3:cad>83</ns3:cad>
          </ns3:TrackPointExtension>
        </extensions>
      </trkpt>
      <trkpt lat="30.3200452588498592376708984375" lon="120.03784962929785251617431640625">
        <ele>7.80000019073486328125</ele>
        <time>2026-08-16T13:26:24.000Z</time>
        <extensions>
          <ns3:TrackPointExtension>
            <ns3:hr>187</ns3:hr>
            <ns3:cad>83</ns3:cad>
          </ns3:TrackPointExtension>
        </extensions>
      </trkpt>
      <trkpt lat="30.32004651613533496856689453125" lon="120.037820041179656982421875">
        <ele>7.80000019073486328125</ele>
        <time>2026-08-16T13:26:25.000Z</time>
        <extensions>
          <ns3:TrackPointExtension>
            <ns3:hr>188</ns3:hr>
            <ns3:cad>83</ns3:cad>
          </ns3:TrackPointExtension>
        </extensions>
      </trkpt>
      <trkpt lat="30.32003964297473430633544921875" lon="120.03779179416596889495849609375">
        <ele>7.80000019073486328125</ele>
        <time>2026-08-16T13:26:26.000Z</time>
        <extensions>
          <ns3:TrackPointExtension>
            <ns3:hr>187</ns3:hr>
            <ns3:cad>83</ns3:cad>
          </ns3:TrackPointExtension>
        </extensions>
      </trkpt>
      <trkpt lat="30.32003872096538543701171875" lon="120.0377595238387584686279296875">
        <ele>7.80000019073486328125</ele>
        <time>2026-08-16T13:26:27.000Z</time>
        <extensions>
          <ns3:TrackPointExtension>
            <ns3:hr>187</ns3:hr>
            <ns3:cad>84</ns3:cad>
          </ns3:TrackPointExtension>
        </extensions>
      </trkpt>
      <trkpt lat="30.32003427855670452117919921875" lon="120.03773312084376811981201171875">
        <ele>7.80000019073486328125</ele>
        <time>2026-08-16T13:26:28.000Z</time>
        <extensions>
          <ns3:TrackPointExtension>
            <ns3:hr>187</ns3:hr>
            <ns3:cad>84</ns3:cad>
          </ns3:TrackPointExtension>
        </extensions>
      </trkpt>
      <trkpt lat="30.320033691823482513427734375" lon="120.0377048738300800323486328125">
        <ele>7.80000019073486328125</ele>
        <time>2026-08-16T13:26:29.000Z</time>
        <extensions>
          <ns3:TrackPointExtension>
            <ns3:hr>188</ns3:hr>
            <ns3:cad>85</ns3:cad>
          </ns3:TrackPointExtension>
        </extensions>
      </trkpt>
      <trkpt lat="30.32003360800445079803466796875" lon="120.0376713462173938751220703125">
        <ele>7.80000019073486328125</ele>
        <time>2026-08-16T13:26:30.000Z</time>
        <extensions>
          <ns3:TrackPointExtension>
            <ns3:hr>187</ns3:hr>
            <ns3:cad>86</ns3:cad>
          </ns3:TrackPointExtension>
        </extensions>
      </trkpt>
      <trkpt lat="30.32003042288124561309814453125" lon="120.03764343447983264923095703125">
        <ele>7.80000019073486328125</ele>
        <time>2026-08-16T13:26:31.000Z</time>
        <extensions>
          <ns3:TrackPointExtension>
            <ns3:hr>187</ns3:hr>
            <ns3:cad>86</ns3:cad>
          </ns3:TrackPointExtension>
        </extensions>
      </trkpt>
      <trkpt lat="30.32002975232899188995361328125" lon="120.03761309199035167694091796875">
        <ele>7.80000019073486328125</ele>
        <time>2026-08-16T13:26:32.000Z</time>
        <extensions>
          <ns3:TrackPointExtension>
            <ns3:hr>187</ns3:hr>
            <ns3:cad>85</ns3:cad>
          </ns3:TrackPointExtension>
        </extensions>
      </trkpt>
      <trkpt lat="30.32002690248191356658935546875" lon="120.03758442588150501251220703125">
        <ele>7.80000019073486328125</ele>
        <time>2026-08-16T13:26:33.000Z</time>
        <extensions>
          <ns3:TrackPointExtension>
            <ns3:hr>187</ns3:hr>
            <ns3:cad>85</ns3:cad>
          </ns3:TrackPointExtension>
        </extensions>
      </trkpt>
      <trkpt lat="30.3200281597673892974853515625" lon="120.03755408339202404022216796875">
        <ele>7.80000019073486328125</ele>
        <time>2026-08-16T13:26:34.000Z</time>
        <extensions>
          <ns3:TrackPointExtension>
            <ns3:hr>187</ns3:hr>
            <ns3:cad>84</ns3:cad>
          </ns3:TrackPointExtension>
        </extensions>
      </trkpt>
      <trkpt lat="30.32003008760511875152587890625" lon="120.03752642311155796051025390625">
        <ele>7.80000019073486328125</ele>
        <time>2026-08-16T13:26:35.000Z</time>
        <extensions>
          <ns3:TrackPointExtension>
            <ns3:hr>187</ns3:hr>
            <ns3:cad>84</ns3:cad>
          </ns3:TrackPointExtension>
        </extensions>
      </trkpt>
      <trkpt lat="30.32002941705286502838134765625" lon="120.0374995172023773193359375">
        <ele>7.599999904632568359375</ele>
        <time>2026-08-16T13:26:36.000Z</time>
        <extensions>
          <ns3:TrackPointExtension>
            <ns3:hr>187</ns3:hr>
            <ns3:cad>84</ns3:cad>
          </ns3:TrackPointExtension>
        </extensions>
      </trkpt>
      <trkpt lat="30.32003469765186309814453125" lon="120.03747009672224521636962890625">
        <ele>7.599999904632568359375</ele>
        <time>2026-08-16T13:26:37.000Z</time>
        <extensions>
          <ns3:TrackPointExtension>
            <ns3:hr>187</ns3:hr>
            <ns3:cad>83</ns3:cad>
          </ns3:TrackPointExtension>
        </extensions>
      </trkpt>
      <trkpt lat="30.3200358711183071136474609375" lon="120.03744193352758884429931640625">
        <ele>7.599999904632568359375</ele>
        <time>2026-08-16T13:26:38.000Z</time>
        <extensions>
          <ns3:TrackPointExtension>
            <ns3:hr>186</ns3:hr>
            <ns3:cad>84</ns3:cad>
          </ns3:TrackPointExtension>
        </extensions>
      </trkpt>
      <trkpt lat="30.32003075815737247467041015625" lon="120.0374083220958709716796875">
        <ele>7.599999904632568359375</ele>
        <time>2026-08-16T13:26:39.000Z</time>
        <extensions>
          <ns3:TrackPointExtension>
            <ns3:hr>187</ns3:hr>
            <ns3:cad>84</ns3:cad>
          </ns3:TrackPointExtension>
        </extensions>
      </trkpt>
      <trkpt lat="30.32002807594835758209228515625" lon="120.0373816676437854766845703125">
        <ele>7.599999904632568359375</ele>
        <time>2026-08-16T13:26:40.000Z</time>
        <extensions>
          <ns3:TrackPointExtension>
            <ns3:hr>187</ns3:hr>
            <ns3:cad>84</ns3:cad>
          </ns3:TrackPointExtension>
        </extensions>
      </trkpt>
      <trkpt lat="30.320024974644184112548828125" lon="120.03735266625881195068359375">
        <ele>7.599999904632568359375</ele>
        <time>2026-08-16T13:26:41.000Z</time>
        <extensions>
          <ns3:TrackPointExtension>
            <ns3:hr>187</ns3:hr>
            <ns3:cad>84</ns3:cad>
          </ns3:TrackPointExtension>
        </extensions>
      </trkpt>
      <trkpt lat="30.3200261481106281280517578125" lon="120.0373250059783458709716796875">
        <ele>7.599999904632568359375</ele>
        <time>2026-08-16T13:26:42.000Z</time>
        <extensions>
          <ns3:TrackPointExtension>
            <ns3:hr>186</ns3:hr>
            <ns3:cad>84</ns3:cad>
          </ns3:TrackPointExtension>
        </extensions>
      </trkpt>
      <trkpt lat="30.32002103514969348907470703125" lon="120.03729659132659435272216796875">
        <ele>7.599999904632568359375</ele>
        <time>2026-08-16T13:26:43.000Z</time>
        <extensions>
          <ns3:TrackPointExtension>
            <ns3:hr>186</ns3:hr>
            <ns3:cad>85</ns3:cad>
          </ns3:TrackPointExtension>
        </extensions>
      </trkpt>
      <trkpt lat="30.320020616054534912109375" lon="120.03726758994162082672119140625">
        <ele>7.400000095367431640625</ele>
        <time>2026-08-16T13:26:44.000Z</time>
        <extensions>
          <ns3:TrackPointExtension>
            <ns3:hr>186</ns3:hr>
            <ns3:cad>85</ns3:cad>
          </ns3:TrackPointExtension>
        </extensions>
      </trkpt>
      <trkpt lat="30.32001801766455173492431640625" lon="120.03724143840372562408447265625">
        <ele>7.400000095367431640625</ele>
        <time>2026-08-16T13:26:45.000Z</time>
        <extensions>
          <ns3:TrackPointExtension>
            <ns3:hr>186</ns3:hr>
            <ns3:cad>86</ns3:cad>
          </ns3:TrackPointExtension>
        </extensions>
      </trkpt>
      <trkpt lat="30.32001634128391742706298828125" lon="120.03721293993294239044189453125">
        <ele>7.400000095367431640625</ele>
        <time>2026-08-16T13:26:46.000Z</time>
        <extensions>
          <ns3:TrackPointExtension>
            <ns3:hr>186</ns3:hr>
            <ns3:cad>86</ns3:cad>
          </ns3:TrackPointExtension>
        </extensions>
      </trkpt>
      <trkpt lat="30.320018939673900604248046875" lon="120.03718502819538116455078125">
        <ele>7.400000095367431640625</ele>
        <time>2026-08-16T13:26:47.000Z</time>
        <extensions>
          <ns3:TrackPointExtension>
            <ns3:hr>186</ns3:hr>
            <ns3:cad>84</ns3:cad>
          </ns3:TrackPointExtension>
        </extensions>
      </trkpt>
      <trkpt lat="30.32001684419810771942138671875" lon="120.03715711645781993865966796875">
        <ele>7.400000095367431640625</ele>
        <time>2026-08-16T13:26:48.000Z</time>
        <extensions>
          <ns3:TrackPointExtension>
            <ns3:hr>186</ns3:hr>
            <ns3:cad>84</ns3:cad>
          </ns3:TrackPointExtension>
        </extensions>
      </trkpt>
      <trkpt lat="30.3200150839984416961669921875" lon="120.03712610341608524322509765625">
        <ele>7.400000095367431640625</ele>
        <time>2026-08-16T13:26:49.000Z</time>
        <extensions>
          <ns3:TrackPointExtension>
            <ns3:hr>186</ns3:hr>
            <ns3:cad>83</ns3:cad>
          </ns3:TrackPointExtension>
        </extensions>
      </trkpt>
      <trkpt lat="30.320014916360378265380859375" lon="120.03709559328854084014892578125">
        <ele>7.19999980926513671875</ele>
        <time>2026-08-16T13:26:50.000Z</time>
        <extensions>
          <ns3:TrackPointExtension>
            <ns3:hr>186</ns3:hr>
            <ns3:cad>83</ns3:cad>
          </ns3:TrackPointExtension>
        </extensions>
      </trkpt>
      <trkpt lat="30.3200160898268222808837890625" lon="120.03706843592226505279541015625">
        <ele>7.19999980926513671875</ele>
        <time>2026-08-16T13:26:51.000Z</time>
        <extensions>
          <ns3:TrackPointExtension>
            <ns3:hr>186</ns3:hr>
            <ns3:cad>83</ns3:cad>
          </ns3:TrackPointExtension>
        </extensions>
      </trkpt>
      <trkpt lat="30.3200165927410125732421875" lon="120.03703960217535495758056640625">
        <ele>7.19999980926513671875</ele>
        <time>2026-08-16T13:26:52.000Z</time>
        <extensions>
          <ns3:TrackPointExtension>
            <ns3:hr>186</ns3:hr>
            <ns3:cad>83</ns3:cad>
          </ns3:TrackPointExtension>
        </extensions>
      </trkpt>
      <trkpt lat="30.32001793384552001953125" lon="120.03701596520841121673583984375">
        <ele>7.19999980926513671875</ele>
        <time>2026-08-16T13:26:53.000Z</time>
        <extensions>
          <ns3:TrackPointExtension>
            <ns3:hr>186</ns3:hr>
            <ns3:cad>83</ns3:cad>
          </ns3:TrackPointExtension>
        </extensions>
      </trkpt>
      <trkpt lat="30.32001885585486888885498046875" lon="120.03698612563312053680419921875">
        <ele>7.19999980926513671875</ele>
        <time>2026-08-16T13:26:54.000Z</time>
        <extensions>
          <ns3:TrackPointExtension>
            <ns3:hr>186</ns3:hr>
            <ns3:cad>83</ns3:cad>
          </ns3:TrackPointExtension>
        </extensions>
      </trkpt>
      <trkpt lat="30.32002053223550319671630859375" lon="120.03695813007652759552001953125">
        <ele>7.19999980926513671875</ele>
        <time>2026-08-16T13:26:55.000Z</time>
        <extensions>
          <ns3:TrackPointExtension>
            <ns3:hr>186</ns3:hr>
            <ns3:cad>83</ns3:cad>
          </ns3:TrackPointExtension>
        </extensions>
      </trkpt>
      <trkpt lat="30.32001215033233165740966796875" lon="120.0369297154247760772705078125">
        <ele>7.19999980926513671875</ele>
        <time>2026-08-16T13:26:56.000Z</time>
        <extensions>
          <ns3:TrackPointExtension>
            <ns3:hr>186</ns3:hr>
            <ns3:cad>83</ns3:cad>
          </ns3:TrackPointExtension>
        </extensions>
      </trkpt>
      <trkpt lat="30.32000879757106304168701171875" lon="120.0368998758494853973388671875">
        <ele>7.19999980926513671875</ele>
        <time>2026-08-16T13:26:57.000Z</time>
        <extensions>
          <ns3:TrackPointExtension>
            <ns3:hr>186</ns3:hr>
            <ns3:cad>83</ns3:cad>
          </ns3:TrackPointExtension>
        </extensions>
      </trkpt>
      <trkpt lat="30.3199999965727329254150390625" lon="120.03687565214931964874267578125">
        <ele>7.19999980926513671875</ele>
        <time>2026-08-16T13:26:58.000Z</time>
        <extensions>
          <ns3:TrackPointExtension>
            <ns3:hr>186</ns3:hr>
            <ns3:cad>83</ns3:cad>
          </ns3:TrackPointExtension>
        </extensions>
      </trkpt>
      <trkpt lat="30.31999790109694004058837890625" lon="120.0368455611169338226318359375">
        <ele>7</ele>
        <time>2026-08-16T13:26:59.000Z</time>
        <extensions>
          <ns3:TrackPointExtension>
            <ns3:hr>186</ns3:hr>
            <ns3:cad>83</ns3:cad>
          </ns3:TrackPointExtension>
        </extensions>
      </trkpt>
      <trkpt lat="30.31999739818274974822998046875" lon="120.03681614063680171966552734375">
        <ele>7</ele>
        <time>2026-08-16T13:27:00.000Z</time>
        <extensions>
          <ns3:TrackPointExtension>
            <ns3:hr>186</ns3:hr>
            <ns3:cad>83</ns3:cad>
          </ns3:TrackPointExtension>
        </extensions>
      </trkpt>
      <trkpt lat="30.31999153085052967071533203125" lon="120.03678780980408191680908203125">
        <ele>7</ele>
        <time>2026-08-16T13:27:01.000Z</time>
        <extensions>
          <ns3:TrackPointExtension>
            <ns3:hr>186</ns3:hr>
            <ns3:cad>84</ns3:cad>
          </ns3:TrackPointExtension>
        </extensions>
      </trkpt>
      <trkpt lat="30.31999044120311737060546875" lon="120.0367560423910617828369140625">
        <ele>7</ele>
        <time>2026-08-16T13:27:02.000Z</time>
        <extensions>
          <ns3:TrackPointExtension>
            <ns3:hr>186</ns3:hr>
            <ns3:cad>84</ns3:cad>
          </ns3:TrackPointExtension>
        </extensions>
      </trkpt>
      <trkpt lat="30.31998532824218273162841796875" lon="120.036731399595737457275390625">
        <ele>7</ele>
        <time>2026-08-16T13:27:03.000Z</time>
        <extensions>
          <ns3:TrackPointExtension>
            <ns3:hr>186</ns3:hr>
            <ns3:cad>84</ns3:cad>
          </ns3:TrackPointExtension>
        </extensions>
      </trkpt>
      <trkpt lat="30.319980718195438385009765625" lon="120.036700554192066192626953125">
        <ele>7</ele>
        <time>2026-08-16T13:27:04.000Z</time>
        <extensions>
          <ns3:TrackPointExtension>
            <ns3:hr>186</ns3:hr>
            <ns3:cad>84</ns3:cad>
          </ns3:TrackPointExtension>
        </extensions>
      </trkpt>
      <trkpt lat="30.3199805505573749542236328125" lon="120.0366752408444881439208984375">
        <ele>7</ele>
        <time>2026-08-16T13:27:05.000Z</time>
        <extensions>
          <ns3:TrackPointExtension>
            <ns3:hr>186</ns3:hr>
            <ns3:cad>83</ns3:cad>
          </ns3:TrackPointExtension>
        </extensions>
      </trkpt>
      <trkpt lat="30.31997577287256717681884765625" lon="120.0366517715156078338623046875">
        <ele>7</ele>
        <time>2026-08-16T13:27:06.000Z</time>
        <extensions>
          <ns3:TrackPointExtension>
            <ns3:hr>186</ns3:hr>
            <ns3:cad>83</ns3:cad>
          </ns3:TrackPointExtension>
        </extensions>
      </trkpt>
      <trkpt lat="30.31997443176805973052978515625" lon="120.03662235103547573089599609375">
        <ele>7</ele>
        <time>2026-08-16T13:27:07.000Z</time>
        <extensions>
          <ns3:TrackPointExtension>
            <ns3:hr>186</ns3:hr>
            <ns3:cad>83</ns3:cad>
          </ns3:TrackPointExtension>
        </extensions>
      </trkpt>
      <trkpt lat="30.31996856443583965301513671875" lon="120.0365967862308025360107421875">
        <ele>6.80000019073486328125</ele>
        <time>2026-08-16T13:27:08.000Z</time>
        <extensions>
          <ns3:TrackPointExtension>
            <ns3:hr>186</ns3:hr>
            <ns3:cad>83</ns3:cad>
          </ns3:TrackPointExtension>
        </extensions>
      </trkpt>
      <trkpt lat="30.3199656307697296142578125" lon="120.03656703047454357147216796875">
        <ele>6.80000019073486328125</ele>
        <time>2026-08-16T13:27:09.000Z</time>
        <extensions>
          <ns3:TrackPointExtension>
            <ns3:hr>186</ns3:hr>
            <ns3:cad>83</ns3:cad>
          </ns3:TrackPointExtension>
        </extensions>
      </trkpt>
      <trkpt lat="30.31996898353099822998046875" lon="120.0365377776324748992919921875">
        <ele>6.80000019073486328125</ele>
        <time>2026-08-16T13:27:10.000Z</time>
        <extensions>
          <ns3:TrackPointExtension>
            <ns3:hr>186</ns3:hr>
            <ns3:cad>83</ns3:cad>
          </ns3:TrackPointExtension>
        </extensions>
      </trkpt>
      <trkpt lat="30.31996688805520534515380859375" lon="120.0365119613707065582275390625">
        <ele>6.80000019073486328125</ele>
        <time>2026-08-16T13:27:11.000Z</time>
        <extensions>
          <ns3:TrackPointExtension>
            <ns3:hr>186</ns3:hr>
            <ns3:cad>83</ns3:cad>
          </ns3:TrackPointExtension>
        </extensions>
      </trkpt>
      <trkpt lat="30.31996990554034709930419921875" lon="120.03648203797638416290283203125">
        <ele>7</ele>
        <time>2026-08-16T13:27:12.000Z</time>
        <extensions>
          <ns3:TrackPointExtension>
            <ns3:hr>186</ns3:hr>
            <ns3:cad>84</ns3:cad>
          </ns3:TrackPointExtension>
        </extensions>
      </trkpt>
      <trkpt lat="30.31996856443583965301513671875" lon="120.0364569760859012603759765625">
        <ele>7</ele>
        <time>2026-08-16T13:27:13.000Z</time>
        <extensions>
          <ns3:TrackPointExtension>
            <ns3:hr>186</ns3:hr>
            <ns3:cad>84</ns3:cad>
          </ns3:TrackPointExtension>
        </extensions>
      </trkpt>
      <trkpt lat="30.3199688158929347991943359375" lon="120.03642872907221317291259765625">
        <ele>7</ele>
        <time>2026-08-16T13:27:14.000Z</time>
        <extensions>
          <ns3:TrackPointExtension>
            <ns3:hr>186</ns3:hr>
            <ns3:cad>84</ns3:cad>
          </ns3:TrackPointExtension>
        </extensions>
      </trkpt>
      <trkpt lat="30.31996764242649078369140625" lon="120.03639687784016132354736328125">
        <ele>7.19999980926513671875</ele>
        <time>2026-08-16T13:27:15.000Z</time>
        <extensions>
          <ns3:TrackPointExtension>
            <ns3:hr>186</ns3:hr>
            <ns3:cad>84</ns3:cad>
          </ns3:TrackPointExtension>
        </extensions>
      </trkpt>
      <trkpt lat="30.319964624941349029541015625" lon="120.0363701395690441131591796875">
        <ele>7.19999980926513671875</ele>
        <time>2026-08-16T13:27:16.000Z</time>
        <extensions>
          <ns3:TrackPointExtension>
            <ns3:hr>186</ns3:hr>
            <ns3:cad>84</ns3:cad>
          </ns3:TrackPointExtension>
        </extensions>
      </trkpt>
      <trkpt lat="30.31996470876038074493408203125" lon="120.03633602522313594818115234375">
        <ele>7</ele>
        <time>2026-08-16T13:27:17.000Z</time>
        <extensions>
          <ns3:TrackPointExtension>
            <ns3:hr>185</ns3:hr>
            <ns3:cad>84</ns3:cad>
          </ns3:TrackPointExtension>
        </extensions>
      </trkpt>
      <trkpt lat="30.3199614398181438446044921875" lon="120.03631062805652618408203125">
        <ele>7</ele>
        <time>2026-08-16T13:27:18.000Z</time>
        <extensions>
          <ns3:TrackPointExtension>
            <ns3:hr>185</ns3:hr>
            <ns3:cad>84</ns3:cad>
          </ns3:TrackPointExtension>
        </extensions>
      </trkpt>
      <trkpt lat="30.319959931075572967529296875" lon="120.03627852536737918853759765625">
        <ele>7</ele>
        <time>2026-08-16T13:27:19.000Z</time>
        <extensions>
          <ns3:TrackPointExtension>
            <ns3:hr>185</ns3:hr>
            <ns3:cad>84</ns3:cad>
          </ns3:TrackPointExtension>
        </extensions>
      </trkpt>
      <trkpt lat="30.3199594281613826751708984375" lon="120.03624583594501018524169921875">
        <ele>7</ele>
        <time>2026-08-16T13:27:20.000Z</time>
        <extensions>
          <ns3:TrackPointExtension>
            <ns3:hr>186</ns3:hr>
            <ns3:cad>84</ns3:cad>
          </ns3:TrackPointExtension>
        </extensions>
      </trkpt>
      <trkpt lat="30.319955907762050628662109375" lon="120.03621675074100494384765625">
        <ele>7</ele>
        <time>2026-08-16T13:27:21.000Z</time>
        <extensions>
          <ns3:TrackPointExtension>
            <ns3:hr>186</ns3:hr>
            <ns3:cad>84</ns3:cad>
          </ns3:TrackPointExtension>
        </extensions>
      </trkpt>
      <trkpt lat="30.31995817087590694427490234375" lon="120.0361807085573673248291015625">
        <ele>7</ele>
        <time>2026-08-16T13:27:22.000Z</time>
        <extensions>
          <ns3:TrackPointExtension>
            <ns3:hr>186</ns3:hr>
            <ns3:cad>84</ns3:cad>
          </ns3:TrackPointExtension>
        </extensions>
      </trkpt>
      <trkpt lat="30.31995448283851146697998046875" lon="120.0361522100865840911865234375">
        <ele>7</ele>
        <time>2026-08-16T13:27:23.000Z</time>
        <extensions>
          <ns3:TrackPointExtension>
            <ns3:hr>186</ns3:hr>
            <ns3:cad>84</ns3:cad>
          </ns3:TrackPointExtension>
        </extensions>
      </trkpt>
      <trkpt lat="30.3199564106762409210205078125" lon="120.036117173731327056884765625">
        <ele>6.80000019073486328125</ele>
        <time>2026-08-16T13:27:24.000Z</time>
        <extensions>
          <ns3:TrackPointExtension>
            <ns3:hr>186</ns3:hr>
            <ns3:cad>84</ns3:cad>
          </ns3:TrackPointExtension>
        </extensions>
      </trkpt>
      <trkpt lat="30.319959260523319244384765625" lon="120.036092698574066162109375">
        <ele>6.80000019073486328125</ele>
        <time>2026-08-16T13:27:25.000Z</time>
        <extensions>
          <ns3:TrackPointExtension>
            <ns3:hr>186</ns3:hr>
            <ns3:cad>84</ns3:cad>
          </ns3:TrackPointExtension>
        </extensions>
      </trkpt>
      <trkpt lat="30.319961272180080413818359375" lon="120.0360633619129657745361328125">
        <ele>6.80000019073486328125</ele>
        <time>2026-08-16T13:27:26.000Z</time>
        <extensions>
          <ns3:TrackPointExtension>
            <ns3:hr>186</ns3:hr>
            <ns3:cad>84</ns3:cad>
          </ns3:TrackPointExtension>
        </extensions>
      </trkpt>
      <trkpt lat="30.31996320001780986785888671875" lon="120.036033354699611663818359375">
        <ele>6.599999904632568359375</ele>
        <time>2026-08-16T13:27:27.000Z</time>
        <extensions>
          <ns3:TrackPointExtension>
            <ns3:hr>186</ns3:hr>
            <ns3:cad>84</ns3:cad>
          </ns3:TrackPointExtension>
        </extensions>
      </trkpt>
      <trkpt lat="30.31995917670428752899169921875" lon="120.0360077060759067535400390625">
        <ele>6.599999904632568359375</ele>
        <time>2026-08-16T13:27:28.000Z</time>
        <extensions>
          <ns3:TrackPointExtension>
            <ns3:hr>186</ns3:hr>
            <ns3:cad>85</ns3:cad>
          </ns3:TrackPointExtension>
        </extensions>
      </trkpt>
      <trkpt lat="30.3199594281613826751708984375" lon="120.035974346101284027099609375">
        <ele>6.599999904632568359375</ele>
        <time>2026-08-16T13:27:29.000Z</time>
        <extensions>
          <ns3:TrackPointExtension>
            <ns3:hr>186</ns3:hr>
            <ns3:cad>85</ns3:cad>
          </ns3:TrackPointExtension>
        </extensions>
      </trkpt>
      <trkpt lat="30.31995532102882862091064453125" lon="120.0359460152685642242431640625">
        <ele>6.80000019073486328125</ele>
        <time>2026-08-16T13:27:30.000Z</time>
        <extensions>
          <ns3:TrackPointExtension>
            <ns3:hr>186</ns3:hr>
            <ns3:cad>85</ns3:cad>
          </ns3:TrackPointExtension>
        </extensions>
      </trkpt>
      <trkpt lat="30.31995079480111598968505859375" lon="120.0359178520739078521728515625">
        <ele>7</ele>
        <time>2026-08-16T13:27:31.000Z</time>
        <extensions>
          <ns3:TrackPointExtension>
            <ns3:hr>186</ns3:hr>
            <ns3:cad>85</ns3:cad>
          </ns3:TrackPointExtension>
        </extensions>
      </trkpt>
      <trkpt lat="30.31994526274502277374267578125" lon="120.0358957238495349884033203125">
        <ele>7</ele>
        <time>2026-08-16T13:27:32.000Z</time>
        <extensions>
          <ns3:TrackPointExtension>
            <ns3:hr>186</ns3:hr>
            <ns3:cad>85</ns3:cad>
          </ns3:TrackPointExtension>
        </extensions>
      </trkpt>
      <trkpt lat="30.31994107179343700408935546875" lon="120.03586915321648120880126953125">
        <ele>7.19999980926513671875</ele>
        <time>2026-08-16T13:27:33.000Z</time>
        <extensions>
          <ns3:TrackPointExtension>
            <ns3:hr>185</ns3:hr>
            <ns3:cad>85</ns3:cad>
          </ns3:TrackPointExtension>
        </extensions>
      </trkpt>
      <trkpt lat="30.319940485060214996337890625" lon="120.0358393974602222442626953125">
        <ele>7.19999980926513671875</ele>
        <time>2026-08-16T13:27:34.000Z</time>
        <extensions>
          <ns3:TrackPointExtension>
            <ns3:hr>185</ns3:hr>
            <ns3:cad>85</ns3:cad>
          </ns3:TrackPointExtension>
        </extensions>
      </trkpt>
      <trkpt lat="30.31993788667023181915283203125" lon="120.03581316210329532623291015625">
        <ele>7.19999980926513671875</ele>
        <time>2026-08-16T13:27:35.000Z</time>
        <extensions>
          <ns3:TrackPointExtension>
            <ns3:hr>185</ns3:hr>
            <ns3:cad>85</ns3:cad>
          </ns3:TrackPointExtension>
        </extensions>
      </trkpt>
      <trkpt lat="30.31993704847991466522216796875" lon="120.0357787124812602996826171875">
        <ele>7</ele>
        <time>2026-08-16T13:27:36.000Z</time>
        <extensions>
          <ns3:TrackPointExtension>
            <ns3:hr>185</ns3:hr>
            <ns3:cad>85</ns3:cad>
          </ns3:TrackPointExtension>
        </extensions>
      </trkpt>
      <trkpt lat="30.319934785366058349609375" lon="120.03575180657207965850830078125">
        <ele>7</ele>
        <time>2026-08-16T13:27:37.000Z</time>
        <extensions>
          <ns3:TrackPointExtension>
            <ns3:hr>185</ns3:hr>
            <ns3:cad>85</ns3:cad>
          </ns3:TrackPointExtension>
        </extensions>
      </trkpt>
      <trkpt lat="30.31993218697607517242431640625" lon="120.0357240624725818634033203125">
        <ele>7</ele>
        <time>2026-08-16T13:27:38.000Z</time>
        <extensions>
          <ns3:TrackPointExtension>
            <ns3:hr>185</ns3:hr>
            <ns3:cad>85</ns3:cad>
          </ns3:TrackPointExtension>
        </extensions>
      </trkpt>
      <trkpt lat="30.319934450089931488037109375" lon="120.03569581545889377593994140625">
        <ele>7</ele>
        <time>2026-08-16T13:27:39.000Z</time>
        <extensions>
          <ns3:TrackPointExtension>
            <ns3:hr>185</ns3:hr>
            <ns3:cad>84</ns3:cad>
          </ns3:TrackPointExtension>
        </extensions>
      </trkpt>
      <trkpt lat="30.3199292533099651336669921875" lon="120.0356710888445377349853515625">
        <ele>7</ele>
        <time>2026-08-16T13:27:40.000Z</time>
        <extensions>
          <ns3:TrackPointExtension>
            <ns3:hr>185</ns3:hr>
            <ns3:cad>84</ns3:cad>
          </ns3:TrackPointExtension>
        </extensions>
      </trkpt>
      <trkpt lat="30.31992849893867969512939453125" lon="120.03564133308827877044677734375">
        <ele>7</ele>
        <time>2026-08-16T13:27:41.000Z</time>
        <extensions>
          <ns3:TrackPointExtension>
            <ns3:hr>186</ns3:hr>
            <ns3:cad>84</ns3:cad>
          </ns3:TrackPointExtension>
        </extensions>
      </trkpt>
      <trkpt lat="30.31992682255804538726806640625" lon="120.03561325371265411376953125">
        <ele>7</ele>
        <time>2026-08-16T13:27:42.000Z</time>
        <extensions>
          <ns3:TrackPointExtension>
            <ns3:hr>186</ns3:hr>
            <ns3:cad>84</ns3:cad>
          </ns3:TrackPointExtension>
        </extensions>
      </trkpt>
      <trkpt lat="30.3199235536158084869384765625" lon="120.0355899520218372344970703125">
        <ele>7</ele>
        <time>2026-08-16T13:27:43.000Z</time>
        <extensions>
          <ns3:TrackPointExtension>
            <ns3:hr>186</ns3:hr>
            <ns3:cad>83</ns3:cad>
          </ns3:TrackPointExtension>
        </extensions>
      </trkpt>
      <trkpt lat="30.31992732547223567962646484375" lon="120.035561285912990570068359375">
        <ele>6.80000019073486328125</ele>
        <time>2026-08-16T13:27:44.000Z</time>
        <extensions>
          <ns3:TrackPointExtension>
            <ns3:hr>186</ns3:hr>
            <ns3:cad>83</ns3:cad>
          </ns3:TrackPointExtension>
        </extensions>
      </trkpt>
      <trkpt lat="30.31992363743484020233154296875" lon="120.03553907386958599090576171875">
        <ele>6.80000019073486328125</ele>
        <time>2026-08-16T13:27:45.000Z</time>
        <extensions>
          <ns3:TrackPointExtension>
            <ns3:hr>186</ns3:hr>
            <ns3:cad>83</ns3:cad>
          </ns3:TrackPointExtension>
        </extensions>
      </trkpt>
      <trkpt lat="30.31992137432098388671875" lon="120.03551241941750049591064453125">
        <ele>7</ele>
        <time>2026-08-16T13:27:46.000Z</time>
        <extensions>
          <ns3:TrackPointExtension>
            <ns3:hr>186</ns3:hr>
            <ns3:cad>83</ns3:cad>
          </ns3:TrackPointExtension>
        </extensions>
      </trkpt>
      <trkpt lat="30.3199215419590473175048828125" lon="120.03548224456608295440673828125">
        <ele>7</ele>
        <time>2026-08-16T13:27:47.000Z</time>
        <extensions>
          <ns3:TrackPointExtension>
            <ns3:hr>186</ns3:hr>
            <ns3:cad>83</ns3:cad>
          </ns3:TrackPointExtension>
        </extensions>
      </trkpt>
      <trkpt lat="30.31991802155971527099609375" lon="120.035462044179439544677734375">
        <ele>7</ele>
        <time>2026-08-16T13:27:48.000Z</time>
        <extensions>
          <ns3:TrackPointExtension>
            <ns3:hr>185</ns3:hr>
            <ns3:cad>83</ns3:cad>
          </ns3:TrackPointExtension>
        </extensions>
      </trkpt>
      <trkpt lat="30.31991676427423954010009765625" lon="120.03543212078511714935302734375">
        <ele>7</ele>
        <time>2026-08-16T13:27:49.000Z</time>
        <extensions>
          <ns3:TrackPointExtension>
            <ns3:hr>186</ns3:hr>
            <ns3:cad>83</ns3:cad>
          </ns3:TrackPointExtension>
        </extensions>
      </trkpt>
      <trkpt lat="30.3199145011603832244873046875" lon="120.03540999256074428558349609375">
        <ele>7</ele>
        <time>2026-08-16T13:27:50.000Z</time>
        <extensions>
          <ns3:TrackPointExtension>
            <ns3:hr>186</ns3:hr>
            <ns3:cad>83</ns3:cad>
          </ns3:TrackPointExtension>
        </extensions>
      </trkpt>
      <trkpt lat="30.31990972347557544708251953125" lon="120.03538367338478565216064453125">
        <ele>6.80000019073486328125</ele>
        <time>2026-08-16T13:27:51.000Z</time>
        <extensions>
          <ns3:TrackPointExtension>
            <ns3:hr>186</ns3:hr>
            <ns3:cad>82</ns3:cad>
          </ns3:TrackPointExtension>
        </extensions>
      </trkpt>
      <trkpt lat="30.3199128247797489166259765625" lon="120.03535634838044643402099609375">
        <ele>6.80000019073486328125</ele>
        <time>2026-08-16T13:27:52.000Z</time>
        <extensions>
          <ns3:TrackPointExtension>
            <ns3:hr>186</ns3:hr>
            <ns3:cad>82</ns3:cad>
          </ns3:TrackPointExtension>
        </extensions>
      </trkpt>
      <trkpt lat="30.319909639656543731689453125" lon="120.035336315631866455078125">
        <ele>6.80000019073486328125</ele>
        <time>2026-08-16T13:27:53.000Z</time>
        <extensions>
          <ns3:TrackPointExtension>
            <ns3:hr>186</ns3:hr>
            <ns3:cad>82</ns3:cad>
          </ns3:TrackPointExtension>
        </extensions>
      </trkpt>
      <trkpt lat="30.31990586780011653900146484375" lon="120.0353066436946392059326171875">
        <ele>6.80000019073486328125</ele>
        <time>2026-08-16T13:27:54.000Z</time>
        <extensions>
          <ns3:TrackPointExtension>
            <ns3:hr>186</ns3:hr>
            <ns3:cad>82</ns3:cad>
          </ns3:TrackPointExtension>
        </extensions>
      </trkpt>
      <trkpt lat="30.31990586780011653900146484375" lon="120.03528074361383914947509765625">
        <ele>6.80000019073486328125</ele>
        <time>2026-08-16T13:27:55.000Z</time>
        <extensions>
          <ns3:TrackPointExtension>
            <ns3:hr>186</ns3:hr>
            <ns3:cad>83</ns3:cad>
          </ns3:TrackPointExtension>
        </extensions>
      </trkpt>
      <trkpt lat="30.31990352086722850799560546875" lon="120.035255514085292816162109375">
        <ele>7</ele>
        <time>2026-08-16T13:27:56.000Z</time>
        <extensions>
          <ns3:TrackPointExtension>
            <ns3:hr>186</ns3:hr>
            <ns3:cad>83</ns3:cad>
          </ns3:TrackPointExtension>
        </extensions>
      </trkpt>
      <trkpt lat="30.3199000842869281768798828125" lon="120.035228691995143890380859375">
        <ele>7.19999980926513671875</ele>
        <time>2026-08-16T13:27:57.000Z</time>
        <extensions>
          <ns3:TrackPointExtension>
            <ns3:hr>185</ns3:hr>
            <ns3:cad>82</ns3:cad>
          </ns3:TrackPointExtension>
        </extensions>
      </trkpt>
      <trkpt lat="30.3198977373540401458740234375" lon="120.03520287573337554931640625">
        <ele>7.19999980926513671875</ele>
        <time>2026-08-16T13:27:58.000Z</time>
        <extensions>
          <ns3:TrackPointExtension>
            <ns3:hr>186</ns3:hr>
            <ns3:cad>82</ns3:cad>
          </ns3:TrackPointExtension>
        </extensions>
      </trkpt>
      <trkpt lat="30.31989631243050098419189453125" lon="120.0351752154529094696044921875">
        <ele>7.19999980926513671875</ele>
        <time>2026-08-16T13:27:59.000Z</time>
        <extensions>
          <ns3:TrackPointExtension>
            <ns3:hr>186</ns3:hr>
            <ns3:cad>82</ns3:cad>
          </ns3:TrackPointExtension>
        </extensions>
      </trkpt>
      <trkpt lat="30.3198997490108013153076171875" lon="120.035153590142726898193359375">
        <ele>7.19999980926513671875</ele>
        <time>2026-08-16T13:28:00.000Z</time>
        <extensions>
          <ns3:TrackPointExtension>
            <ns3:hr>185</ns3:hr>
            <ns3:cad>83</ns3:cad>
          </ns3:TrackPointExtension>
        </extensions>
      </trkpt>
      <trkpt lat="30.319899581372737884521484375" lon="120.03512986935675144195556640625">
        <ele>7.19999980926513671875</ele>
        <time>2026-08-16T13:28:01.000Z</time>
        <extensions>
          <ns3:TrackPointExtension>
            <ns3:hr>185</ns3:hr>
            <ns3:cad>84</ns3:cad>
          </ns3:TrackPointExtension>
        </extensions>
      </trkpt>
      <trkpt lat="30.31989991664886474609375" lon="120.0351051427423954010009765625">
        <ele>7.19999980926513671875</ele>
        <time>2026-08-16T13:28:02.000Z</time>
        <extensions>
          <ns3:TrackPointExtension>
            <ns3:hr>185</ns3:hr>
            <ns3:cad>84</ns3:cad>
          </ns3:TrackPointExtension>
        </extensions>
      </trkpt>
      <trkpt lat="30.3198977373540401458740234375" lon="120.035079158842563629150390625">
        <ele>7.19999980926513671875</ele>
        <time>2026-08-16T13:28:03.000Z</time>
        <extensions>
          <ns3:TrackPointExtension>
            <ns3:hr>185</ns3:hr>
            <ns3:cad>84</ns3:cad>
          </ns3:TrackPointExtension>
        </extensions>
      </trkpt>
      <trkpt lat="30.31989513896405696868896484375" lon="120.03505493514239788055419921875">
        <ele>7.19999980926513671875</ele>
        <time>2026-08-16T13:28:04.000Z</time>
        <extensions>
          <ns3:TrackPointExtension>
            <ns3:hr>185</ns3:hr>
            <ns3:cad>83</ns3:cad>
          </ns3:TrackPointExtension>
        </extensions>
      </trkpt>
      <trkpt lat="30.319898240268230438232421875" lon="120.0350260175764560699462890625">
        <ele>7</ele>
        <time>2026-08-16T13:28:05.000Z</time>
        <extensions>
          <ns3:TrackPointExtension>
            <ns3:hr>184</ns3:hr>
            <ns3:cad>83</ns3:cad>
          </ns3:TrackPointExtension>
        </extensions>
      </trkpt>
      <trkpt lat="30.31989748589694499969482421875" lon="120.03500196151435375213623046875">
        <ele>7.19999980926513671875</ele>
        <time>2026-08-16T13:28:06.000Z</time>
        <extensions>
          <ns3:TrackPointExtension>
            <ns3:hr>184</ns3:hr>
            <ns3:cad>82</ns3:cad>
          </ns3:TrackPointExtension>
        </extensions>
      </trkpt>
      <trkpt lat="30.3198943845927715301513671875" lon="120.034979246556758880615234375">
        <ele>7</ele>
        <time>2026-08-16T13:28:07.000Z</time>
        <extensions>
          <ns3:TrackPointExtension>
            <ns3:hr>184</ns3:hr>
            <ns3:cad>82</ns3:cad>
          </ns3:TrackPointExtension>
        </extensions>
      </trkpt>
      <trkpt lat="30.3198940493166446685791015625" lon="120.0349535979330539703369140625">
        <ele>7</ele>
        <time>2026-08-16T13:28:08.000Z</time>
        <extensions>
          <ns3:TrackPointExtension>
            <ns3:hr>183</ns3:hr>
            <ns3:cad>82</ns3:cad>
          </ns3:TrackPointExtension>
        </extensions>
      </trkpt>
      <trkpt lat="30.31989027746021747589111328125" lon="120.03493255935609340667724609375">
        <ele>7</ele>
        <time>2026-08-16T13:28:09.000Z</time>
        <extensions>
          <ns3:TrackPointExtension>
            <ns3:hr>183</ns3:hr>
            <ns3:cad>81</ns3:cad>
          </ns3:TrackPointExtension>
        </extensions>
      </trkpt>
      <trkpt lat="30.31989262439310550689697265625" lon="120.03491026349365711212158203125">
        <ele>7</ele>
        <time>2026-08-16T13:28:10.000Z</time>
        <extensions>
          <ns3:TrackPointExtension>
            <ns3:hr>183</ns3:hr>
            <ns3:cad>82</ns3:cad>
          </ns3:TrackPointExtension>
        </extensions>
      </trkpt>
      <trkpt lat="30.31989396549761295318603515625" lon="120.03488243557512760162353515625">
        <ele>7.19999980926513671875</ele>
        <time>2026-08-16T13:28:11.000Z</time>
        <extensions>
          <ns3:TrackPointExtension>
            <ns3:hr>183</ns3:hr>
            <ns3:cad>82</ns3:cad>
          </ns3:TrackPointExtension>
        </extensions>
      </trkpt>
      <trkpt lat="30.31989111565053462982177734375" lon="120.03486156463623046875">
        <ele>7.19999980926513671875</ele>
        <time>2026-08-16T13:28:12.000Z</time>
        <extensions>
          <ns3:TrackPointExtension>
            <ns3:hr>183</ns3:hr>
            <ns3:cad>82</ns3:cad>
          </ns3:TrackPointExtension>
        </extensions>
      </trkpt>
      <trkpt lat="30.3198886848986148834228515625" lon="120.03483273088932037353515625">
        <ele>7.19999980926513671875</ele>
        <time>2026-08-16T13:28:13.000Z</time>
        <extensions>
          <ns3:TrackPointExtension>
            <ns3:hr>183</ns3:hr>
            <ns3:cad>82</ns3:cad>
          </ns3:TrackPointExtension>
        </extensions>
      </trkpt>
      <trkpt lat="30.3198883496224880218505859375" lon="120.034810267388820648193359375">
        <ele>7.19999980926513671875</ele>
        <time>2026-08-16T13:28:14.000Z</time>
        <extensions>
          <ns3:TrackPointExtension>
            <ns3:hr>183</ns3:hr>
            <ns3:cad>82</ns3:cad>
          </ns3:TrackPointExtension>
        </extensions>
      </trkpt>
      <trkpt lat="30.31988373957574367523193359375" lon="120.0347889773547649383544921875">
        <ele>7.19999980926513671875</ele>
        <time>2026-08-16T13:28:15.000Z</time>
        <extensions>
          <ns3:TrackPointExtension>
            <ns3:hr>183</ns3:hr>
            <ns3:cad>82</ns3:cad>
          </ns3:TrackPointExtension>
        </extensions>
      </trkpt>
      <trkpt lat="30.31988306902348995208740234375" lon="120.03476609475910663604736328125">
        <ele>7.19999980926513671875</ele>
        <time>2026-08-16T13:28:16.000Z</time>
        <extensions>
          <ns3:TrackPointExtension>
            <ns3:hr>183</ns3:hr>
            <ns3:cad>82</ns3:cad>
          </ns3:TrackPointExtension>
        </extensions>
      </trkpt>
      <trkpt lat="30.31988021917641162872314453125" lon="120.03474346362054347991943359375">
        <ele>7.19999980926513671875</ele>
        <time>2026-08-16T13:28:17.000Z</time>
        <extensions>
          <ns3:TrackPointExtension>
            <ns3:hr>183</ns3:hr>
            <ns3:cad>82</ns3:cad>
          </ns3:TrackPointExtension>
        </extensions>
      </trkpt>
      <trkpt lat="30.31987887807190418243408203125" lon="120.03471546806395053863525390625">
        <ele>7.19999980926513671875</ele>
        <time>2026-08-16T13:28:18.000Z</time>
        <extensions>
          <ns3:TrackPointExtension>
            <ns3:hr>183</ns3:hr>
            <ns3:cad>82</ns3:cad>
          </ns3:TrackPointExtension>
        </extensions>
      </trkpt>
      <trkpt lat="30.31987636350095272064208984375" lon="120.034690238535404205322265625">
        <ele>7.19999980926513671875</ele>
        <time>2026-08-16T13:28:19.000Z</time>
        <extensions>
          <ns3:TrackPointExtension>
            <ns3:hr>183</ns3:hr>
            <ns3:cad>82</ns3:cad>
          </ns3:TrackPointExtension>
        </extensions>
      </trkpt>
      <trkpt lat="30.3198719210922718048095703125" lon="120.03466785885393619537353515625">
        <ele>7.19999980926513671875</ele>
        <time>2026-08-16T13:28:20.000Z</time>
        <extensions>
          <ns3:TrackPointExtension>
            <ns3:hr>183</ns3:hr>
            <ns3:cad>82</ns3:cad>
          </ns3:TrackPointExtension>
        </extensions>
      </trkpt>
      <trkpt lat="30.31987200491130352020263671875" lon="120.0346417911350727081298828125">
        <ele>7.19999980926513671875</ele>
        <time>2026-08-16T13:28:21.000Z</time>
        <extensions>
          <ns3:TrackPointExtension>
            <ns3:hr>184</ns3:hr>
            <ns3:cad>82</ns3:cad>
          </ns3:TrackPointExtension>
        </extensions>
      </trkpt>
      <trkpt lat="30.319866724312305450439453125" lon="120.03462444059550762176513671875">
        <ele>7.19999980926513671875</ele>
        <time>2026-08-16T13:28:22.000Z</time>
        <extensions>
          <ns3:TrackPointExtension>
            <ns3:hr>184</ns3:hr>
            <ns3:cad>82</ns3:cad>
          </ns3:TrackPointExtension>
        </extensions>
      </trkpt>
      <trkpt lat="30.3198625333607196807861328125" lon="120.03459644503891468048095703125">
        <ele>7.19999980926513671875</ele>
        <time>2026-08-16T13:28:23.000Z</time>
        <extensions>
          <ns3:TrackPointExtension>
            <ns3:hr>184</ns3:hr>
            <ns3:cad>83</ns3:cad>
          </ns3:TrackPointExtension>
        </extensions>
      </trkpt>
      <trkpt lat="30.31986027024686336517333984375" lon="120.03457389771938323974609375">
        <ele>7.19999980926513671875</ele>
        <time>2026-08-16T13:28:24.000Z</time>
        <extensions>
          <ns3:TrackPointExtension>
            <ns3:hr>184</ns3:hr>
            <ns3:cad>83</ns3:cad>
          </ns3:TrackPointExtension>
        </extensions>
      </trkpt>
      <trkpt lat="30.31985272653400897979736328125" lon="120.0345522724092006683349609375">
        <ele>7.400000095367431640625</ele>
        <time>2026-08-16T13:28:25.000Z</time>
        <extensions>
          <ns3:TrackPointExtension>
            <ns3:hr>184</ns3:hr>
            <ns3:cad>83</ns3:cad>
          </ns3:TrackPointExtension>
        </extensions>
      </trkpt>
      <trkpt lat="30.3198521398007869720458984375" lon="120.0345237739384174346923828125">
        <ele>7.400000095367431640625</ele>
        <time>2026-08-16T13:28:26.000Z</time>
        <extensions>
          <ns3:TrackPointExtension>
            <ns3:hr>184</ns3:hr>
            <ns3:cad>83</ns3:cad>
          </ns3:TrackPointExtension>
        </extensions>
      </trkpt>
      <trkpt lat="30.31984535045921802520751953125" lon="120.0345029868185520172119140625">
        <ele>7.19999980926513671875</ele>
        <time>2026-08-16T13:28:27.000Z</time>
        <extensions>
          <ns3:TrackPointExtension>
            <ns3:hr>184</ns3:hr>
            <ns3:cad>83</ns3:cad>
          </ns3:TrackPointExtension>
        </extensions>
      </trkpt>
      <trkpt lat="30.3198393993079662322998046875" lon="120.03447867929935455322265625">
        <ele>7.19999980926513671875</ele>
        <time>2026-08-16T13:28:28.000Z</time>
        <extensions>
          <ns3:TrackPointExtension>
            <ns3:hr>184</ns3:hr>
            <ns3:cad>83</ns3:cad>
          </ns3:TrackPointExtension>
        </extensions>
      </trkpt>
      <trkpt lat="30.31984132714569568634033203125" lon="120.03445361740887165069580078125">
        <ele>7.400000095367431640625</ele>
        <time>2026-08-16T13:28:29.000Z</time>
        <extensions>
          <ns3:TrackPointExtension>
            <ns3:hr>185</ns3:hr>
            <ns3:cad>83</ns3:cad>
          </ns3:TrackPointExtension>
        </extensions>
      </trkpt>
      <trkpt lat="30.31983864493668079376220703125" lon="120.0344359315931797027587890625">
        <ele>7.400000095367431640625</ele>
        <time>2026-08-16T13:28:30.000Z</time>
        <extensions>
          <ns3:TrackPointExtension>
            <ns3:hr>184</ns3:hr>
            <ns3:cad>83</ns3:cad>
          </ns3:TrackPointExtension>
        </extensions>
      </trkpt>
      <trkpt lat="30.3198360465466976165771484375" lon="120.03440760076045989990234375">
        <ele>7.400000095367431640625</ele>
        <time>2026-08-16T13:28:31.000Z</time>
        <extensions>
          <ns3:TrackPointExtension>
            <ns3:hr>184</ns3:hr>
            <ns3:cad>83</ns3:cad>
          </ns3:TrackPointExtension>
        </extensions>
      </trkpt>
      <trkpt lat="30.31983378343284130096435546875" lon="120.0343832932412624359130859375">
        <ele>7.400000095367431640625</ele>
        <time>2026-08-16T13:28:32.000Z</time>
        <extensions>
          <ns3:TrackPointExtension>
            <ns3:hr>185</ns3:hr>
            <ns3:cad>83</ns3:cad>
          </ns3:TrackPointExtension>
        </extensions>
      </trkpt>
      <trkpt lat="30.31982741318643093109130859375" lon="120.034362338483333587646484375">
        <ele>7.400000095367431640625</ele>
        <time>2026-08-16T13:28:33.000Z</time>
        <extensions>
          <ns3:TrackPointExtension>
            <ns3:hr>184</ns3:hr>
            <ns3:cad>82</ns3:cad>
          </ns3:TrackPointExtension>
        </extensions>
      </trkpt>
      <trkpt lat="30.31982682645320892333984375" lon="120.034336186945438385009765625">
        <ele>7.400000095367431640625</ele>
        <time>2026-08-16T13:28:34.000Z</time>
        <extensions>
          <ns3:TrackPointExtension>
            <ns3:hr>184</ns3:hr>
            <ns3:cad>82</ns3:cad>
          </ns3:TrackPointExtension>
        </extensions>
      </trkpt>
      <trkpt lat="30.3198207914829254150390625" lon="120.03431883640587329864501953125">
        <ele>7.400000095367431640625</ele>
        <time>2026-08-16T13:28:35.000Z</time>
        <extensions>
          <ns3:TrackPointExtension>
            <ns3:hr>185</ns3:hr>
            <ns3:cad>82</ns3:cad>
          </ns3:TrackPointExtension>
        </extensions>
      </trkpt>
      <trkpt lat="30.31981945037841796875" lon="120.0342942774295806884765625">
        <ele>7.599999904632568359375</ele>
        <time>2026-08-16T13:28:36.000Z</time>
        <extensions>
          <ns3:TrackPointExtension>
            <ns3:hr>184</ns3:hr>
            <ns3:cad>82</ns3:cad>
          </ns3:TrackPointExtension>
        </extensions>
      </trkpt>
      <trkpt lat="30.31981986947357654571533203125" lon="120.034268461167812347412109375">
        <ele>7.599999904632568359375</ele>
        <time>2026-08-16T13:28:37.000Z</time>
        <extensions>
          <ns3:TrackPointExtension>
            <ns3:hr>184</ns3:hr>
            <ns3:cad>82</ns3:cad>
          </ns3:TrackPointExtension>
        </extensions>
      </trkpt>
      <trkpt lat="30.31981467269361019134521484375" lon="120.03424675203859806060791015625">
        <ele>7.80000019073486328125</ele>
        <time>2026-08-16T13:28:38.000Z</time>
        <extensions>
          <ns3:TrackPointExtension>
            <ns3:hr>184</ns3:hr>
            <ns3:cad>82</ns3:cad>
          </ns3:TrackPointExtension>
        </extensions>
      </trkpt>
      <trkpt lat="30.31981316395103931427001953125" lon="120.034221522510051727294921875">
        <ele>7.80000019073486328125</ele>
        <time>2026-08-16T13:28:39.000Z</time>
        <extensions>
          <ns3:TrackPointExtension>
            <ns3:hr>184</ns3:hr>
            <ns3:cad>82</ns3:cad>
          </ns3:TrackPointExtension>
        </extensions>
      </trkpt>
      <trkpt lat="30.31980805099010467529296875" lon="120.03419947810471057891845703125">
        <ele>7.80000019073486328125</ele>
        <time>2026-08-16T13:28:40.000Z</time>
        <extensions>
          <ns3:TrackPointExtension>
            <ns3:hr>183</ns3:hr>
            <ns3:cad>82</ns3:cad>
          </ns3:TrackPointExtension>
        </extensions>
      </trkpt>
      <trkpt lat="30.31980268657207489013671875" lon="120.0341762602329254150390625">
        <ele>7.80000019073486328125</ele>
        <time>2026-08-16T13:28:41.000Z</time>
        <extensions>
          <ns3:TrackPointExtension>
            <ns3:hr>183</ns3:hr>
            <ns3:cad>83</ns3:cad>
          </ns3:TrackPointExtension>
        </extensions>
      </trkpt>
      <trkpt lat="30.3198011778295040130615234375" lon="120.03414918668568134307861328125">
        <ele>7.599999904632568359375</ele>
        <time>2026-08-16T13:28:42.000Z</time>
        <extensions>
          <ns3:TrackPointExtension>
            <ns3:hr>183</ns3:hr>
            <ns3:cad>83</ns3:cad>
          </ns3:TrackPointExtension>
        </extensions>
      </trkpt>
      <trkpt lat="30.31979304738342761993408203125" lon="120.0341306626796722412109375">
        <ele>7.599999904632568359375</ele>
        <time>2026-08-16T13:28:43.000Z</time>
        <extensions>
          <ns3:TrackPointExtension>
            <ns3:hr>183</ns3:hr>
            <ns3:cad>83</ns3:cad>
          </ns3:TrackPointExtension>
        </extensions>
      </trkpt>
      <trkpt lat="30.319790281355381011962890625" lon="120.034100823104381561279296875">
        <ele>7.599999904632568359375</ele>
        <time>2026-08-16T13:28:44.000Z</time>
        <extensions>
          <ns3:TrackPointExtension>
            <ns3:hr>183</ns3:hr>
            <ns3:cad>83</ns3:cad>
          </ns3:TrackPointExtension>
        </extensions>
      </trkpt>
      <trkpt lat="30.31978650949895381927490234375" lon="120.03407643176615238189697265625">
        <ele>7.400000095367431640625</ele>
        <time>2026-08-16T13:28:45.000Z</time>
        <extensions>
          <ns3:TrackPointExtension>
            <ns3:hr>182</ns3:hr>
            <ns3:cad>83</ns3:cad>
          </ns3:TrackPointExtension>
        </extensions>
      </trkpt>
      <trkpt lat="30.3197793848812580108642578125" lon="120.03405061550438404083251953125">
        <ele>7.400000095367431640625</ele>
        <time>2026-08-16T13:28:46.000Z</time>
        <extensions>
          <ns3:TrackPointExtension>
            <ns3:hr>183</ns3:hr>
            <ns3:cad>83</ns3:cad>
          </ns3:TrackPointExtension>
        </extensions>
      </trkpt>
      <trkpt lat="30.31977779231965541839599609375" lon="120.03402060829102993011474609375">
        <ele>7.400000095367431640625</ele>
        <time>2026-08-16T13:28:47.000Z</time>
        <extensions>
          <ns3:TrackPointExtension>
            <ns3:hr>183</ns3:hr>
            <ns3:cad>82</ns3:cad>
          </ns3:TrackPointExtension>
        </extensions>
      </trkpt>
      <trkpt lat="30.31977452337741851806640625" lon="120.03399462439119815826416015625">
        <ele>7.400000095367431640625</ele>
        <time>2026-08-16T13:28:48.000Z</time>
        <extensions>
          <ns3:TrackPointExtension>
            <ns3:hr>183</ns3:hr>
            <ns3:cad>82</ns3:cad>
          </ns3:TrackPointExtension>
        </extensions>
      </trkpt>
      <trkpt lat="30.31976915895938873291015625" lon="120.03396771848201751708984375">
        <ele>7.400000095367431640625</ele>
        <time>2026-08-16T13:28:49.000Z</time>
        <extensions>
          <ns3:TrackPointExtension>
            <ns3:hr>183</ns3:hr>
            <ns3:cad>82</ns3:cad>
          </ns3:TrackPointExtension>
        </extensions>
      </trkpt>
      <trkpt lat="30.319766141474246978759765625" lon="120.0339377112686634063720703125">
        <ele>7.400000095367431640625</ele>
        <time>2026-08-16T13:28:50.000Z</time>
        <extensions>
          <ns3:TrackPointExtension>
            <ns3:hr>183</ns3:hr>
            <ns3:cad>83</ns3:cad>
          </ns3:TrackPointExtension>
        </extensions>
      </trkpt>
      <trkpt lat="30.31976035796105861663818359375" lon="120.0339134037494659423828125">
        <ele>7.400000095367431640625</ele>
        <time>2026-08-16T13:28:51.000Z</time>
        <extensions>
          <ns3:TrackPointExtension>
            <ns3:hr>182</ns3:hr>
            <ns3:cad>83</ns3:cad>
          </ns3:TrackPointExtension>
        </extensions>
      </trkpt>
      <trkpt lat="30.31975482590496540069580078125" lon="120.03388716839253902435302734375">
        <ele>7.400000095367431640625</ele>
        <time>2026-08-16T13:28:52.000Z</time>
        <extensions>
          <ns3:TrackPointExtension>
            <ns3:hr>183</ns3:hr>
            <ns3:cad>82</ns3:cad>
          </ns3:TrackPointExtension>
        </extensions>
      </trkpt>
      <trkpt lat="30.31975063495337963104248046875" lon="120.03386084921658039093017578125">
        <ele>7.400000095367431640625</ele>
        <time>2026-08-16T13:28:53.000Z</time>
        <extensions>
          <ns3:TrackPointExtension>
            <ns3:hr>183</ns3:hr>
            <ns3:cad>82</ns3:cad>
          </ns3:TrackPointExtension>
        </extensions>
      </trkpt>
      <trkpt lat="30.31974091194570064544677734375" lon="120.03384039737284183502197265625">
        <ele>7.400000095367431640625</ele>
        <time>2026-08-16T13:28:54.000Z</time>
        <extensions>
          <ns3:TrackPointExtension>
            <ns3:hr>183</ns3:hr>
            <ns3:cad>82</ns3:cad>
          </ns3:TrackPointExtension>
        </extensions>
      </trkpt>
      <trkpt lat="30.31973755918443202972412109375" lon="120.0338143296539783477783203125">
        <ele>7.400000095367431640625</ele>
        <time>2026-08-16T13:28:55.000Z</time>
        <extensions>
          <ns3:TrackPointExtension>
            <ns3:hr>183</ns3:hr>
            <ns3:cad>81</ns3:cad>
          </ns3:TrackPointExtension>
        </extensions>
      </trkpt>
      <trkpt lat="30.31973236240446567535400390625" lon="120.03379194997251033782958984375">
        <ele>7.400000095367431640625</ele>
        <time>2026-08-16T13:28:56.000Z</time>
        <extensions>
          <ns3:TrackPointExtension>
            <ns3:hr>183</ns3:hr>
            <ns3:cad>81</ns3:cad>
          </ns3:TrackPointExtension>
        </extensions>
      </trkpt>
      <trkpt lat="30.31972850672900676727294921875" lon="120.0337680615484714508056640625">
        <ele>7.400000095367431640625</ele>
        <time>2026-08-16T13:28:57.000Z</time>
        <extensions>
          <ns3:TrackPointExtension>
            <ns3:hr>183</ns3:hr>
            <ns3:cad>81</ns3:cad>
          </ns3:TrackPointExtension>
        </extensions>
      </trkpt>
      <trkpt lat="30.3197270818054676055908203125" lon="120.0337388925254344940185546875">
        <ele>7.400000095367431640625</ele>
        <time>2026-08-16T13:28:58.000Z</time>
        <extensions>
          <ns3:TrackPointExtension>
            <ns3:hr>182</ns3:hr>
            <ns3:cad>81</ns3:cad>
          </ns3:TrackPointExtension>
        </extensions>
      </trkpt>
      <trkpt lat="30.31971878372132778167724609375" lon="120.03372221253812313079833984375">
        <ele>7.400000095367431640625</ele>
        <time>2026-08-16T13:28:59.000Z</time>
        <extensions>
          <ns3:TrackPointExtension>
            <ns3:hr>183</ns3:hr>
            <ns3:cad>82</ns3:cad>
          </ns3:TrackPointExtension>
        </extensions>
      </trkpt>
      <trkpt lat="30.3197160176932811737060546875" lon="120.03369388170540332794189453125">
        <ele>7.400000095367431640625</ele>
        <time>2026-08-16T13:29:00.000Z</time>
        <extensions>
          <ns3:TrackPointExtension>
            <ns3:hr>183</ns3:hr>
            <ns3:cad>83</ns3:cad>
          </ns3:TrackPointExtension>
        </extensions>
      </trkpt>
      <trkpt lat="30.3197173587977886199951171875" lon="120.0336681492626667022705078125">
        <ele>7.400000095367431640625</ele>
        <time>2026-08-16T13:29:01.000Z</time>
        <extensions>
          <ns3:TrackPointExtension>
            <ns3:hr>183</ns3:hr>
            <ns3:cad>83</ns3:cad>
          </ns3:TrackPointExtension>
        </extensions>
      </trkpt>
      <trkpt lat="30.3197099827229976654052734375" lon="120.03364543430507183074951171875">
        <ele>7.19999980926513671875</ele>
        <time>2026-08-16T13:29:02.000Z</time>
        <extensions>
          <ns3:TrackPointExtension>
            <ns3:hr>182</ns3:hr>
            <ns3:cad>83</ns3:cad>
          </ns3:TrackPointExtension>
        </extensions>
      </trkpt>
      <trkpt lat="30.319712497293949127197265625" lon="120.0336129963397979736328125">
        <ele>7.19999980926513671875</ele>
        <time>2026-08-16T13:29:03.000Z</time>
        <extensions>
          <ns3:TrackPointExtension>
            <ns3:hr>182</ns3:hr>
            <ns3:cad>82</ns3:cad>
          </ns3:TrackPointExtension>
        </extensions>
      </trkpt>
      <trkpt lat="30.31970788724720478057861328125" lon="120.0335896946489810943603515625">
        <ele>7.19999980926513671875</ele>
        <time>2026-08-16T13:29:04.000Z</time>
        <extensions>
          <ns3:TrackPointExtension>
            <ns3:hr>182</ns3:hr>
            <ns3:cad>82</ns3:cad>
          </ns3:TrackPointExtension>
        </extensions>
      </trkpt>
      <trkpt lat="30.31970520503818988800048828125" lon="120.03356379456818103790283203125">
        <ele>7.19999980926513671875</ele>
        <time>2026-08-16T13:29:05.000Z</time>
        <extensions>
          <ns3:TrackPointExtension>
            <ns3:hr>182</ns3:hr>
            <ns3:cad>82</ns3:cad>
          </ns3:TrackPointExtension>
        </extensions>
      </trkpt>
      <trkpt lat="30.319707132875919342041015625" lon="120.03353915177285671234130859375">
        <ele>7.19999980926513671875</ele>
        <time>2026-08-16T13:29:06.000Z</time>
        <extensions>
          <ns3:TrackPointExtension>
            <ns3:hr>182</ns3:hr>
            <ns3:cad>82</ns3:cad>
          </ns3:TrackPointExtension>
        </extensions>
      </trkpt>
      <trkpt lat="30.3197081387042999267578125" lon="120.033518113195896148681640625">
        <ele>7.19999980926513671875</ele>
        <time>2026-08-16T13:29:07.000Z</time>
        <extensions>
          <ns3:TrackPointExtension>
            <ns3:hr>182</ns3:hr>
            <ns3:cad>82</ns3:cad>
          </ns3:TrackPointExtension>
        </extensions>
      </trkpt>
      <trkpt lat="30.31970839016139507293701171875" lon="120.03349137492477893829345703125">
        <ele>7.19999980926513671875</ele>
        <time>2026-08-16T13:29:08.000Z</time>
        <extensions>
          <ns3:TrackPointExtension>
            <ns3:hr>181</ns3:hr>
            <ns3:cad>82</ns3:cad>
          </ns3:TrackPointExtension>
        </extensions>
      </trkpt>
      <trkpt lat="30.319704115390777587890625" lon="120.03346438519656658172607421875">
        <ele>7.19999980926513671875</ele>
        <time>2026-08-16T13:29:09.000Z</time>
        <extensions>
          <ns3:TrackPointExtension>
            <ns3:hr>181</ns3:hr>
            <ns3:cad>82</ns3:cad>
          </ns3:TrackPointExtension>
        </extensions>
      </trkpt>
      <trkpt lat="30.3196972422301769256591796875" lon="120.03344066441059112548828125">
        <ele>7.400000095367431640625</ele>
        <time>2026-08-16T13:29:10.000Z</time>
        <extensions>
          <ns3:TrackPointExtension>
            <ns3:hr>181</ns3:hr>
            <ns3:cad>82</ns3:cad>
          </ns3:TrackPointExtension>
        </extensions>
      </trkpt>
      <trkpt lat="30.31969531439244747161865234375" lon="120.03340889699757099151611328125">
        <ele>7.400000095367431640625</ele>
        <time>2026-08-16T13:29:11.000Z</time>
        <extensions>
          <ns3:TrackPointExtension>
            <ns3:hr>182</ns3:hr>
            <ns3:cad>82</ns3:cad>
          </ns3:TrackPointExtension>
        </extensions>
      </trkpt>
      <trkpt lat="30.3196920454502105712890625" lon="120.0333868525922298431396484375">
        <ele>7.19999980926513671875</ele>
        <time>2026-08-16T13:29:12.000Z</time>
        <extensions>
          <ns3:TrackPointExtension>
            <ns3:hr>181</ns3:hr>
            <ns3:cad>82</ns3:cad>
          </ns3:TrackPointExtension>
        </extensions>
      </trkpt>
      <trkpt lat="30.3196871839463710784912109375" lon="120.03336430527269840240478515625">
        <ele>7.19999980926513671875</ele>
        <time>2026-08-16T13:29:13.000Z</time>
        <extensions>
          <ns3:TrackPointExtension>
            <ns3:hr>181</ns3:hr>
            <ns3:cad>81</ns3:cad>
          </ns3:TrackPointExtension>
        </extensions>
      </trkpt>
      <trkpt lat="30.31968525610864162445068359375" lon="120.03333731554448604583740234375">
        <ele>7.19999980926513671875</ele>
        <time>2026-08-16T13:29:14.000Z</time>
        <extensions>
          <ns3:TrackPointExtension>
            <ns3:hr>182</ns3:hr>
            <ns3:cad>81</ns3:cad>
          </ns3:TrackPointExtension>
        </extensions>
      </trkpt>
      <trkpt lat="30.31967452727258205413818359375" lon="120.033323653042316436767578125">
        <ele>7.19999980926513671875</ele>
        <time>2026-08-16T13:29:15.000Z</time>
        <extensions>
          <ns3:TrackPointExtension>
            <ns3:hr>181</ns3:hr>
            <ns3:cad>82</ns3:cad>
          </ns3:TrackPointExtension>
        </extensions>
      </trkpt>
      <trkpt lat="30.31967083923518657684326171875" lon="120.0332973338663578033447265625">
        <ele>7.19999980926513671875</ele>
        <time>2026-08-16T13:29:16.000Z</time>
        <extensions>
          <ns3:TrackPointExtension>
            <ns3:hr>181</ns3:hr>
            <ns3:cad>82</ns3:cad>
          </ns3:TrackPointExtension>
        </extensions>
      </trkpt>
      <trkpt lat="30.31966857612133026123046875" lon="120.03327830694615840911865234375">
        <ele>7.19999980926513671875</ele>
        <time>2026-08-16T13:29:17.000Z</time>
        <extensions>
          <ns3:TrackPointExtension>
            <ns3:hr>181</ns3:hr>
            <ns3:cad>82</ns3:cad>
          </ns3:TrackPointExtension>
        </extensions>
      </trkpt>
      <trkpt lat="30.3196613676846027374267578125" lon="120.0332617945969104766845703125">
        <ele>7.400000095367431640625</ele>
        <time>2026-08-16T13:29:18.000Z</time>
        <extensions>
          <ns3:TrackPointExtension>
            <ns3:hr>181</ns3:hr>
            <ns3:cad>83</ns3:cad>
          </ns3:TrackPointExtension>
        </extensions>
      </trkpt>
      <trkpt lat="30.3196553327143192291259765625" lon="120.03323371522128582000732421875">
        <ele>7.400000095367431640625</ele>
        <time>2026-08-16T13:29:19.000Z</time>
        <extensions>
          <ns3:TrackPointExtension>
            <ns3:hr>181</ns3:hr>
            <ns3:cad>83</ns3:cad>
          </ns3:TrackPointExtension>
        </extensions>
      </trkpt>
      <trkpt lat="30.31965089030563831329345703125" lon="120.03321460448205471038818359375">
        <ele>7.400000095367431640625</ele>
        <time>2026-08-16T13:29:20.000Z</time>
        <extensions>
          <ns3:TrackPointExtension>
            <ns3:hr>180</ns3:hr>
            <ns3:cad>83</ns3:cad>
          </ns3:TrackPointExtension>
        </extensions>
      </trkpt>
      <trkpt lat="30.31964485533535480499267578125" lon="120.03318853676319122314453125">
        <ele>7.400000095367431640625</ele>
        <time>2026-08-16T13:29:21.000Z</time>
        <extensions>
          <ns3:TrackPointExtension>
            <ns3:hr>180</ns3:hr>
            <ns3:cad>83</ns3:cad>
          </ns3:TrackPointExtension>
        </extensions>
      </trkpt>
      <trkpt lat="30.31964066438376903533935546875" lon="120.03316129557788372039794921875">
        <ele>7.400000095367431640625</ele>
        <time>2026-08-16T13:29:22.000Z</time>
        <extensions>
          <ns3:TrackPointExtension>
            <ns3:hr>180</ns3:hr>
            <ns3:cad>82</ns3:cad>
          </ns3:TrackPointExtension>
        </extensions>
      </trkpt>
      <trkpt lat="30.31963127665221691131591796875" lon="120.0331407599151134490966796875">
        <ele>7.400000095367431640625</ele>
        <time>2026-08-16T13:29:23.000Z</time>
        <extensions>
          <ns3:TrackPointExtension>
            <ns3:hr>180</ns3:hr>
            <ns3:cad>81</ns3:cad>
          </ns3:TrackPointExtension>
        </extensions>
      </trkpt>
      <trkpt lat="30.3196285106241703033447265625" lon="120.03310983069241046905517578125">
        <ele>7.400000095367431640625</ele>
        <time>2026-08-16T13:29:24.000Z</time>
        <extensions>
          <ns3:TrackPointExtension>
            <ns3:hr>180</ns3:hr>
            <ns3:cad>81</ns3:cad>
          </ns3:TrackPointExtension>
        </extensions>
      </trkpt>
      <trkpt lat="30.31963010318577289581298828125" lon="120.0330790691077709197998046875">
        <ele>7.400000095367431640625</ele>
        <time>2026-08-16T13:29:25.000Z</time>
        <extensions>
          <ns3:TrackPointExtension>
            <ns3:hr>180</ns3:hr>
            <ns3:cad>81</ns3:cad>
          </ns3:TrackPointExtension>
        </extensions>
      </trkpt>
      <trkpt lat="30.31962339766323566436767578125" lon="120.03305819816887378692626953125">
        <ele>7.400000095367431640625</ele>
        <time>2026-08-16T13:29:26.000Z</time>
        <extensions>
          <ns3:TrackPointExtension>
            <ns3:hr>180</ns3:hr>
            <ns3:cad>82</ns3:cad>
          </ns3:TrackPointExtension>
        </extensions>
      </trkpt>
      <trkpt lat="30.31961820088326930999755859375" lon="120.03302626311779022216796875">
        <ele>7.400000095367431640625</ele>
        <time>2026-08-16T13:29:27.000Z</time>
        <extensions>
          <ns3:TrackPointExtension>
            <ns3:hr>180</ns3:hr>
            <ns3:cad>82</ns3:cad>
          </ns3:TrackPointExtension>
        </extensions>
      </trkpt>
      <trkpt lat="30.31961266882717609405517578125" lon="120.0329992733895778656005859375">
        <ele>7.400000095367431640625</ele>
        <time>2026-08-16T13:29:28.000Z</time>
        <extensions>
          <ns3:TrackPointExtension>
            <ns3:hr>180</ns3:hr>
            <ns3:cad>82</ns3:cad>
          </ns3:TrackPointExtension>
        </extensions>
      </trkpt>
      <trkpt lat="30.31960663385689258575439453125" lon="120.03297521732747554779052734375">
        <ele>7.400000095367431640625</ele>
        <time>2026-08-16T13:29:29.000Z</time>
        <extensions>
          <ns3:TrackPointExtension>
            <ns3:hr>180</ns3:hr>
            <ns3:cad>82</ns3:cad>
          </ns3:TrackPointExtension>
        </extensions>
      </trkpt>
      <trkpt lat="30.31960177235305309295654296875" lon="120.03295409493148326873779296875">
        <ele>7.400000095367431640625</ele>
        <time>2026-08-16T13:29:30.000Z</time>
        <extensions>
          <ns3:TrackPointExtension>
            <ns3:hr>180</ns3:hr>
            <ns3:cad>82</ns3:cad>
          </ns3:TrackPointExtension>
        </extensions>
      </trkpt>
      <trkpt lat="30.31959171406924724578857421875" lon="120.0329355709254741668701171875">
        <ele>7.400000095367431640625</ele>
        <time>2026-08-16T13:29:31.000Z</time>
        <extensions>
          <ns3:TrackPointExtension>
            <ns3:hr>180</ns3:hr>
            <ns3:cad>81</ns3:cad>
          </ns3:TrackPointExtension>
        </extensions>
      </trkpt>
      <trkpt lat="30.31958182342350482940673828125" lon="120.03291436471045017242431640625">
        <ele>7.400000095367431640625</ele>
        <time>2026-08-16T13:29:32.000Z</time>
        <extensions>
          <ns3:TrackPointExtension>
            <ns3:hr>180</ns3:hr>
            <ns3:cad>81</ns3:cad>
          </ns3:TrackPointExtension>
        </extensions>
      </trkpt>
      <trkpt lat="30.319575034081935882568359375" lon="120.0328943319618701934814453125">
        <ele>7.400000095367431640625</ele>
        <time>2026-08-16T13:29:33.000Z</time>
        <extensions>
          <ns3:TrackPointExtension>
            <ns3:hr>180</ns3:hr>
            <ns3:cad>82</ns3:cad>
          </ns3:TrackPointExtension>
        </extensions>
      </trkpt>
      <trkpt lat="30.3195651434361934661865234375" lon="120.03287228755652904510498046875">
        <ele>7.400000095367431640625</ele>
        <time>2026-08-16T13:29:34.000Z</time>
        <extensions>
          <ns3:TrackPointExtension>
            <ns3:hr>180</ns3:hr>
            <ns3:cad>82</ns3:cad>
          </ns3:TrackPointExtension>
        </extensions>
      </trkpt>
      <trkpt lat="30.31956019811332225799560546875" lon="120.03284429199993610382080078125">
        <ele>7.400000095367431640625</ele>
        <time>2026-08-16T13:29:35.000Z</time>
        <extensions>
          <ns3:TrackPointExtension>
            <ns3:hr>179</ns3:hr>
            <ns3:cad>82</ns3:cad>
          </ns3:TrackPointExtension>
        </extensions>
      </trkpt>
      <trkpt lat="30.3195564262568950653076171875" lon="120.03281839191913604736328125">
        <ele>7.400000095367431640625</ele>
        <time>2026-08-16T13:29:36.000Z</time>
        <extensions>
          <ns3:TrackPointExtension>
            <ns3:hr>179</ns3:hr>
            <ns3:cad>82</ns3:cad>
          </ns3:TrackPointExtension>
        </extensions>
      </trkpt>
      <trkpt lat="30.31954896636307239532470703125" lon="120.032794587314128875732421875">
        <ele>7.400000095367431640625</ele>
        <time>2026-08-16T13:29:37.000Z</time>
        <extensions>
          <ns3:TrackPointExtension>
            <ns3:hr>179</ns3:hr>
            <ns3:cad>82</ns3:cad>
          </ns3:TrackPointExtension>
        </extensions>
      </trkpt>
      <trkpt lat="30.3195430152118206024169921875" lon="120.03276935778558254241943359375">
        <ele>7.400000095367431640625</ele>
        <time>2026-08-16T13:29:38.000Z</time>
        <extensions>
          <ns3:TrackPointExtension>
            <ns3:hr>179</ns3:hr>
            <ns3:cad>82</ns3:cad>
          </ns3:TrackPointExtension>
        </extensions>
      </trkpt>
      <trkpt lat="30.319535471498966217041015625" lon="120.0327504985034465789794921875">
        <ele>7.400000095367431640625</ele>
        <time>2026-08-16T13:29:39.000Z</time>
        <extensions>
          <ns3:TrackPointExtension>
            <ns3:hr>178</ns3:hr>
            <ns3:cad>82</ns3:cad>
          </ns3:TrackPointExtension>
        </extensions>
      </trkpt>
      <trkpt lat="30.319530777633190155029296875" lon="120.03272593952715396881103515625">
        <ele>7.400000095367431640625</ele>
        <time>2026-08-16T13:29:40.000Z</time>
        <extensions>
          <ns3:TrackPointExtension>
            <ns3:hr>178</ns3:hr>
            <ns3:cad>82</ns3:cad>
          </ns3:TrackPointExtension>
        </extensions>
      </trkpt>
      <trkpt lat="30.31952884979546070098876953125" lon="120.03269492648541927337646484375">
        <ele>7.400000095367431640625</ele>
        <time>2026-08-16T13:29:41.000Z</time>
        <extensions>
          <ns3:TrackPointExtension>
            <ns3:hr>178</ns3:hr>
            <ns3:cad>82</ns3:cad>
          </ns3:TrackPointExtension>
        </extensions>
      </trkpt>
      <trkpt lat="30.31952507793903350830078125" lon="120.03267313353717327117919921875">
        <ele>7.400000095367431640625</ele>
        <time>2026-08-16T13:29:42.000Z</time>
        <extensions>
          <ns3:TrackPointExtension>
            <ns3:hr>178</ns3:hr>
            <ns3:cad>82</ns3:cad>
          </ns3:TrackPointExtension>
        </extensions>
      </trkpt>
      <trkpt lat="30.319523401558399200439453125" lon="120.0326422043144702911376953125">
        <ele>7.400000095367431640625</ele>
        <time>2026-08-16T13:29:43.000Z</time>
        <extensions>
          <ns3:TrackPointExtension>
            <ns3:hr>178</ns3:hr>
            <ns3:cad>82</ns3:cad>
          </ns3:TrackPointExtension>
        </extensions>
      </trkpt>
      <trkpt lat="30.3195212222635746002197265625" lon="120.03261596895754337310791015625">
        <ele>7.400000095367431640625</ele>
        <time>2026-08-16T13:29:44.000Z</time>
        <extensions>
          <ns3:TrackPointExtension>
            <ns3:hr>178</ns3:hr>
            <ns3:cad>83</ns3:cad>
          </ns3:TrackPointExtension>
        </extensions>
      </trkpt>
      <trkpt lat="30.31951510347425937652587890625" lon="120.032595433294773101806640625">
        <ele>7.400000095367431640625</ele>
        <time>2026-08-16T13:29:45.000Z</time>
        <extensions>
          <ns3:TrackPointExtension>
            <ns3:hr>178</ns3:hr>
            <ns3:cad>83</ns3:cad>
          </ns3:TrackPointExtension>
        </extensions>
      </trkpt>
      <trkpt lat="30.31950496137142181396484375" lon="120.032573305070400238037109375">
        <ele>7.400000095367431640625</ele>
        <time>2026-08-16T13:29:46.000Z</time>
        <extensions>
          <ns3:TrackPointExtension>
            <ns3:hr>178</ns3:hr>
            <ns3:cad>83</ns3:cad>
          </ns3:TrackPointExtension>
        </extensions>
      </trkpt>
      <trkpt lat="30.31949750147759914398193359375" lon="120.032559223473072052001953125">
        <ele>7.400000095367431640625</ele>
        <time>2026-08-16T13:29:47.000Z</time>
        <extensions>
          <ns3:TrackPointExtension>
            <ns3:hr>179</ns3:hr>
            <ns3:cad>83</ns3:cad>
          </ns3:TrackPointExtension>
        </extensions>
      </trkpt>
      <trkpt lat="30.31949079595506191253662109375" lon="120.03255478106439113616943359375">
        <ele>7.400000095367431640625</ele>
        <time>2026-08-16T13:29:48.000Z</time>
        <extensions>
          <ns3:TrackPointExtension>
            <ns3:hr>178</ns3:hr>
            <ns3:cad>82</ns3:cad>
          </ns3:TrackPointExtension>
        </extensions>
      </trkpt>
      <trkpt lat="30.31948945485055446624755859375" lon="120.03257087431848049163818359375">
        <ele>7.599999904632568359375</ele>
        <time>2026-08-16T13:29:49.000Z</time>
        <extensions>
          <ns3:TrackPointExtension>
            <ns3:hr>178</ns3:hr>
            <ns3:cad>82</ns3:cad>
          </ns3:TrackPointExtension>
        </extensions>
      </trkpt>
      <trkpt lat="30.31949289143085479736328125" lon="120.032592080533504486083984375">
        <ele>7.400000095367431640625</ele>
        <time>2026-08-16T13:29:50.000Z</time>
        <extensions>
          <ns3:TrackPointExtension>
            <ns3:hr>178</ns3:hr>
            <ns3:cad>81</ns3:cad>
          </ns3:TrackPointExtension>
        </extensions>
      </trkpt>
      <trkpt lat="30.319498591125011444091796875" lon="120.03260892815887928009033203125">
        <ele>7.400000095367431640625</ele>
        <time>2026-08-16T13:29:51.000Z</time>
        <extensions>
          <ns3:TrackPointExtension>
            <ns3:hr>178</ns3:hr>
            <ns3:cad>81</ns3:cad>
          </ns3:TrackPointExtension>
        </extensions>
      </trkpt>
      <trkpt lat="30.31950898468494415283203125" lon="120.03261881880462169647216796875">
        <ele>7.400000095367431640625</ele>
        <time>2026-08-16T13:29:52.000Z</time>
        <extensions>
          <ns3:TrackPointExtension>
            <ns3:hr>178</ns3:hr>
            <ns3:cad>81</ns3:cad>
          </ns3:TrackPointExtension>
        </extensions>
      </trkpt>
      <trkpt lat="30.31951879151165485382080078125" lon="120.0326214171946048736572265625">
        <ele>7.400000095367431640625</ele>
        <time>2026-08-16T13:29:53.000Z</time>
        <extensions>
          <ns3:TrackPointExtension>
            <ns3:hr>178</ns3:hr>
            <ns3:cad>83</ns3:cad>
          </ns3:TrackPointExtension>
        </extensions>
      </trkpt>
      <trkpt lat="30.3195178695023059844970703125" lon="120.03261127509176731109619140625">
        <ele>7.400000095367431640625</ele>
        <time>2026-08-16T13:29:54.000Z</time>
        <extensions>
          <ns3:TrackPointExtension>
            <ns3:hr>177</ns3:hr>
            <ns3:cad>83</ns3:cad>
          </ns3:TrackPointExtension>
        </extensions>
      </trkpt>
      <trkpt lat="30.3195145167410373687744140625" lon="120.0325999595224857330322265625">
        <ele>7.400000095367431640625</ele>
        <time>2026-08-16T13:29:55.000Z</time>
        <extensions>
          <ns3:TrackPointExtension>
            <ns3:hr>177</ns3:hr>
            <ns3:cad>79</ns3:cad>
          </ns3:TrackPointExtension>
        </extensions>
      </trkpt>
      <trkpt lat="30.3195138461887836456298828125" lon="120.032584704458713531494140625">
        <ele>7.400000095367431640625</ele>
        <time>2026-08-16T13:29:56.000Z</time>
        <extensions>
          <ns3:TrackPointExtension>
            <ns3:hr>177</ns3:hr>
            <ns3:cad>79</ns3:cad>
          </ns3:TrackPointExtension>
        </extensions>
      </trkpt>
      <trkpt lat="30.31950571574270725250244140625" lon="120.03257104195654392242431640625">
        <ele>7.400000095367431640625</ele>
        <time>2026-08-16T13:29:57.000Z</time>
        <extensions>
          <ns3:TrackPointExtension>
            <ns3:hr>176</ns3:hr>
            <ns3:cad>79</ns3:cad>
          </ns3:TrackPointExtension>
        </extensions>
      </trkpt>
      <trkpt lat="30.31950253061950206756591796875" lon="120.0325496681034564971923828125">
        <ele>7.400000095367431640625</ele>
        <time>2026-08-16T13:29:58.000Z</time>
        <extensions>
          <ns3:TrackPointExtension>
            <ns3:hr>176</ns3:hr>
            <ns3:cad>78</ns3:cad>
          </ns3:TrackPointExtension>
        </extensions>
      </trkpt>
      <trkpt lat="30.319501273334026336669921875" lon="120.03252645023167133331298828125">
        <ele>7.599999904632568359375</ele>
        <time>2026-08-16T13:29:59.000Z</time>
        <extensions>
          <ns3:TrackPointExtension>
            <ns3:hr>176</ns3:hr>
            <ns3:cad>78</ns3:cad>
          </ns3:TrackPointExtension>
        </extensions>
      </trkpt>
      <trkpt lat="30.319495908915996551513671875" lon="120.0325134582817554473876953125">
        <ele>7.599999904632568359375</ele>
        <time>2026-08-16T13:30:00.000Z</time>
        <extensions>
          <ns3:TrackPointExtension>
            <ns3:hr>176</ns3:hr>
            <ns3:cad>78</ns3:cad>
          </ns3:TrackPointExtension>
        </extensions>
      </trkpt>
      <trkpt lat="30.31948979012668132781982421875" lon="120.0324920006096363067626953125">
        <ele>7.599999904632568359375</ele>
        <time>2026-08-16T13:30:01.000Z</time>
        <extensions>
          <ns3:TrackPointExtension>
            <ns3:hr>176</ns3:hr>
            <ns3:cad>81</ns3:cad>
          </ns3:TrackPointExtension>
        </extensions>
      </trkpt>
      <trkpt lat="30.31948643736541271209716796875" lon="120.03247104585170745849609375">
        <ele>7.599999904632568359375</ele>
        <time>2026-08-16T13:30:02.000Z</time>
        <extensions>
          <ns3:TrackPointExtension>
            <ns3:hr>175</ns3:hr>
            <ns3:cad>81</ns3:cad>
          </ns3:TrackPointExtension>
        </extensions>
      </trkpt>
      <trkpt lat="30.31948006711900234222412109375" lon="120.0324757397174835205078125">
        <ele>7.599999904632568359375</ele>
        <time>2026-08-16T13:30:03.000Z</time>
        <extensions>
          <ns3:TrackPointExtension>
            <ns3:hr>175</ns3:hr>
            <ns3:cad>81</ns3:cad>
          </ns3:TrackPointExtension>
        </extensions>
      </trkpt>
      <trkpt lat="30.31947612762451171875" lon="120.032486803829669952392578125">
        <ele>7.599999904632568359375</ele>
        <time>2026-08-16T13:30:04.000Z</time>
        <extensions>
          <ns3:TrackPointExtension>
            <ns3:hr>175</ns3:hr>
            <ns3:cad>81</ns3:cad>
          </ns3:TrackPointExtension>
        </extensions>
      </trkpt>
      <trkpt lat="30.319478474557399749755859375" lon="120.0324966944754123687744140625">
        <ele>7.400000095367431640625</ele>
        <time>2026-08-16T13:30:05.000Z</time>
        <extensions>
          <ns3:TrackPointExtension>
            <ns3:hr>175</ns3:hr>
            <ns3:cad>80</ns3:cad>
          </ns3:TrackPointExtension>
        </extensions>
      </trkpt>
      <trkpt lat="30.31948149204254150390625" lon="120.03251119516789913177490234375">
        <ele>7.400000095367431640625</ele>
        <time>2026-08-16T13:30:06.000Z</time>
        <extensions>
          <ns3:TrackPointExtension>
            <ns3:hr>175</ns3:hr>
            <ns3:cad>80</ns3:cad>
          </ns3:TrackPointExtension>
        </extensions>
      </trkpt>
      <trkpt lat="30.3194843418896198272705078125" lon="120.03252469003200531005859375">
        <ele>7.400000095367431640625</ele>
        <time>2026-08-16T13:30:07.000Z</time>
        <extensions>
          <ns3:TrackPointExtension>
            <ns3:hr>174</ns3:hr>
            <ns3:cad>80</ns3:cad>
          </ns3:TrackPointExtension>
        </extensions>
      </trkpt>
      <trkpt lat="30.31949180178344249725341796875" lon="120.032534413039684295654296875">
        <ele>7.400000095367431640625</ele>
        <time>2026-08-16T13:30:08.000Z</time>
        <extensions>
          <ns3:TrackPointExtension>
            <ns3:hr>174</ns3:hr>
            <ns3:cad>77</ns3:cad>
          </ns3:TrackPointExtension>
        </extensions>
      </trkpt>
      <trkpt lat="30.319494903087615966796875" lon="120.03255343995988368988037109375">
        <ele>7.400000095367431640625</ele>
        <time>2026-08-16T13:30:09.000Z</time>
        <extensions>
          <ns3:TrackPointExtension>
            <ns3:hr>174</ns3:hr>
            <ns3:cad>77</ns3:cad>
          </ns3:TrackPointExtension>
        </extensions>
      </trkpt>
      <trkpt lat="30.31949683092534542083740234375" lon="120.03257221542298793792724609375">
        <ele>7.400000095367431640625</ele>
        <time>2026-08-16T13:30:10.000Z</time>
        <extensions>
          <ns3:TrackPointExtension>
            <ns3:hr>173</ns3:hr>
            <ns3:cad>77</ns3:cad>
          </ns3:TrackPointExtension>
        </extensions>
      </trkpt>
      <trkpt lat="30.31950353644788265228271484375" lon="120.0325868837535381317138671875">
        <ele>7.400000095367431640625</ele>
        <time>2026-08-16T13:30:11.000Z</time>
        <extensions>
          <ns3:TrackPointExtension>
            <ns3:hr>173</ns3:hr>
            <ns3:cad>77</ns3:cad>
          </ns3:TrackPointExtension>
        </extensions>
      </trkpt>
      <trkpt lat="30.3195034526288509368896484375" lon="120.032606162130832672119140625">
        <ele>7.400000095367431640625</ele>
        <time>2026-08-16T13:30:12.000Z</time>
        <extensions>
          <ns3:TrackPointExtension>
            <ns3:hr>172</ns3:hr>
            <ns3:cad>77</ns3:cad>
          </ns3:TrackPointExtension>
        </extensions>
      </trkpt>
      <trkpt lat="30.31950370408594608306884765625" lon="120.0326224230229854583740234375">
        <ele>7.400000095367431640625</ele>
        <time>2026-08-16T13:30:13.000Z</time>
        <extensions>
          <ns3:TrackPointExtension>
            <ns3:hr>172</ns3:hr>
            <ns3:cad>77</ns3:cad>
          </ns3:TrackPointExtension>
        </extensions>
      </trkpt>
      <trkpt lat="30.3195054642856121063232421875" lon="120.03263323567807674407958984375">
        <ele>7.400000095367431640625</ele>
        <time>2026-08-16T13:30:14.000Z</time>
        <extensions>
          <ns3:TrackPointExtension>
            <ns3:hr>172</ns3:hr>
            <ns3:cad>78</ns3:cad>
          </ns3:TrackPointExtension>
        </extensions>
      </trkpt>
      <trkpt lat="30.31950772739946842193603515625" lon="120.0326474010944366455078125">
        <ele>7.400000095367431640625</ele>
        <time>2026-08-16T13:30:15.000Z</time>
        <extensions>
          <ns3:TrackPointExtension>
            <ns3:hr>172</ns3:hr>
            <ns3:cad>78</ns3:cad>
          </ns3:TrackPointExtension>
        </extensions>
      </trkpt>
      <trkpt lat="30.31951074488461017608642578125" lon="120.0326613150537014007568359375">
        <ele>7.400000095367431640625</ele>
        <time>2026-08-16T13:30:16.000Z</time>
        <extensions>
          <ns3:TrackPointExtension>
            <ns3:hr>171</ns3:hr>
            <ns3:cad>79</ns3:cad>
          </ns3:TrackPointExtension>
        </extensions>
      </trkpt>
      <trkpt lat="30.31960629858076572418212890625" lon="120.032913945615291595458984375">
        <ele>7.80000019073486328125</ele>
        <time>2026-08-16T13:31:21.000Z</time>
        <extensions>
          <ns3:TrackPointExtension>
            <ns3:hr>149</ns3:hr>
            <ns3:cad>55</ns3:cad>
          </ns3:TrackPointExtension>
        </extensions>
      </trkpt>
      <trkpt lat="30.3195912949740886688232421875" lon="120.0328996963798999786376953125">
        <ele>7.80000019073486328125</ele>
        <time>2026-08-16T13:31:22.000Z</time>
        <extensions>
          <ns3:TrackPointExtension>
            <ns3:hr>148</ns3:hr>
            <ns3:cad>55</ns3:cad>
          </ns3:TrackPointExtension>
        </extensions>
      </trkpt>
      <trkpt lat="30.31957914121448993682861328125" lon="120.03288636915385723114013671875">
        <ele>7.80000019073486328125</ele>
        <time>2026-08-16T13:31:23.000Z</time>
        <extensions>
          <ns3:TrackPointExtension>
            <ns3:hr>147</ns3:hr>
            <ns3:cad>55</ns3:cad>
          </ns3:TrackPointExtension>
        </extensions>
      </trkpt>
      <trkpt lat="30.31956623308360576629638671875" lon="120.03286809660494327545166015625">
        <ele>7.599999904632568359375</ele>
        <time>2026-08-16T13:31:24.000Z</time>
        <extensions>
          <ns3:TrackPointExtension>
            <ns3:hr>146</ns3:hr>
            <ns3:cad>81</ns3:cad>
          </ns3:TrackPointExtension>
        </extensions>
      </trkpt>
      <trkpt lat="30.3195552527904510498046875" lon="120.03284990787506103515625">
        <ele>7.599999904632568359375</ele>
        <time>2026-08-16T13:31:25.000Z</time>
        <extensions>
          <ns3:TrackPointExtension>
            <ns3:hr>147</ns3:hr>
            <ns3:cad>81</ns3:cad>
          </ns3:TrackPointExtension>
        </extensions>
      </trkpt>
      <trkpt lat="30.3195426799356937408447265625" lon="120.03283892758190631866455078125">
        <ele>7.599999904632568359375</ele>
        <time>2026-08-16T13:31:26.000Z</time>
        <extensions>
          <ns3:TrackPointExtension>
            <ns3:hr>147</ns3:hr>
            <ns3:cad>80</ns3:cad>
          </ns3:TrackPointExtension>
        </extensions>
      </trkpt>
      <trkpt lat="30.319540835916996002197265625" lon="120.0328128598630428314208984375">
        <ele>7.599999904632568359375</ele>
        <time>2026-08-16T13:31:27.000Z</time>
        <extensions>
          <ns3:TrackPointExtension>
            <ns3:hr>148</ns3:hr>
            <ns3:cad>80</ns3:cad>
          </ns3:TrackPointExtension>
        </extensions>
      </trkpt>
      <trkpt lat="30.319540165364742279052734375" lon="120.0327994488179683685302734375">
        <ele>7.599999904632568359375</ele>
        <time>2026-08-16T13:31:28.000Z</time>
        <extensions>
          <ns3:TrackPointExtension>
            <ns3:hr>148</ns3:hr>
            <ns3:cad>82</ns3:cad>
          </ns3:TrackPointExtension>
        </extensions>
      </trkpt>
      <trkpt lat="30.31953622587025165557861328125" lon="120.03278511576354503631591796875">
        <ele>7.599999904632568359375</ele>
        <time>2026-08-16T13:31:29.000Z</time>
        <extensions>
          <ns3:TrackPointExtension>
            <ns3:hr>148</ns3:hr>
            <ns3:cad>82</ns3:cad>
          </ns3:TrackPointExtension>
        </extensions>
      </trkpt>
      <trkpt lat="30.31953253783285617828369140625" lon="120.03276634030044078826904296875">
        <ele>7.599999904632568359375</ele>
        <time>2026-08-16T13:31:30.000Z</time>
        <extensions>
          <ns3:TrackPointExtension>
            <ns3:hr>149</ns3:hr>
            <ns3:cad>82</ns3:cad>
          </ns3:TrackPointExtension>
        </extensions>
      </trkpt>
      <trkpt lat="30.31952918507158756256103515625" lon="120.0327479839324951171875">
        <ele>7.599999904632568359375</ele>
        <time>2026-08-16T13:31:31.000Z</time>
        <extensions>
          <ns3:TrackPointExtension>
            <ns3:hr>149</ns3:hr>
            <ns3:cad>82</ns3:cad>
          </ns3:TrackPointExtension>
        </extensions>
      </trkpt>
      <trkpt lat="30.31952776014804840087890625" lon="120.032734572887420654296875">
        <ele>7.599999904632568359375</ele>
        <time>2026-08-16T13:31:32.000Z</time>
        <extensions>
          <ns3:TrackPointExtension>
            <ns3:hr>149</ns3:hr>
            <ns3:cad>82</ns3:cad>
          </ns3:TrackPointExtension>
        </extensions>
      </trkpt>
      <trkpt lat="30.319528765976428985595703125" lon="120.03272124566137790679931640625">
        <ele>7.599999904632568359375</ele>
        <time>2026-08-16T13:31:33.000Z</time>
        <extensions>
          <ns3:TrackPointExtension>
            <ns3:hr>150</ns3:hr>
            <ns3:cad>81</ns3:cad>
          </ns3:TrackPointExtension>
        </extensions>
      </trkpt>
      <trkpt lat="30.31952952034771442413330078125" lon="120.03270816989243030548095703125">
        <ele>7.599999904632568359375</ele>
        <time>2026-08-16T13:31:34.000Z</time>
        <extensions>
          <ns3:TrackPointExtension>
            <ns3:hr>150</ns3:hr>
            <ns3:cad>79</ns3:cad>
          </ns3:TrackPointExtension>
        </extensions>
      </trkpt>
      <trkpt lat="30.3195346333086490631103515625" lon="120.03270498476922512054443359375">
        <ele>7.599999904632568359375</ele>
        <time>2026-08-16T13:31:35.000Z</time>
        <extensions>
          <ns3:TrackPointExtension>
            <ns3:hr>150</ns3:hr>
            <ns3:cad>79</ns3:cad>
          </ns3:TrackPointExtension>
        </extensions>
      </trkpt>
      <trkpt lat="30.319538824260234832763671875" lon="120.03271470777690410614013671875">
        <ele>7.599999904632568359375</ele>
        <time>2026-08-16T13:31:36.000Z</time>
        <extensions>
          <ns3:TrackPointExtension>
            <ns3:hr>150</ns3:hr>
            <ns3:cad>79</ns3:cad>
          </ns3:TrackPointExtension>
        </extensions>
      </trkpt>
      <trkpt lat="30.3195418417453765869140625" lon="120.03272342495620250701904296875">
        <ele>7.599999904632568359375</ele>
        <time>2026-08-16T13:31:37.000Z</time>
        <extensions>
          <ns3:TrackPointExtension>
            <ns3:hr>150</ns3:hr>
            <ns3:cad>79</ns3:cad>
          </ns3:TrackPointExtension>
        </extensions>
      </trkpt>
      <trkpt lat="30.3195430152118206024169921875" lon="120.03273197449743747711181640625">
        <ele>7.599999904632568359375</ele>
        <time>2026-08-16T13:31:38.000Z</time>
        <extensions>
          <ns3:TrackPointExtension>
            <ns3:hr>150</ns3:hr>
            <ns3:cad>79</ns3:cad>
          </ns3:TrackPointExtension>
        </extensions>
      </trkpt>
      <trkpt lat="30.31954561360180377960205078125" lon="120.03273935057222843170166015625">
        <ele>7.599999904632568359375</ele>
        <time>2026-08-16T13:31:39.000Z</time>
        <extensions>
          <ns3:TrackPointExtension>
            <ns3:hr>151</ns3:hr>
            <ns3:cad>79</ns3:cad>
          </ns3:TrackPointExtension>
        </extensions>
      </trkpt>
      <trkpt lat="30.31954594887793064117431640625" lon="120.032744966447353363037109375">
        <ele>7.80000019073486328125</ele>
        <time>2026-08-16T13:31:40.000Z</time>
        <extensions>
          <ns3:TrackPointExtension>
            <ns3:hr>151</ns3:hr>
            <ns3:cad>0</ns3:cad>
          </ns3:TrackPointExtension>
        </extensions>
      </trkpt>
      <trkpt lat="30.31954544596374034881591796875" lon="120.03275963477790355682373046875">
        <ele>7.80000019073486328125</ele>
        <time>2026-08-16T13:31:41.000Z</time>
        <extensions>
          <ns3:TrackPointExtension>
            <ns3:hr>151</ns3:hr>
            <ns3:cad>0</ns3:cad>
          </ns3:TrackPointExtension>
        </extensions>
      </trkpt>
      <trkpt lat="30.319543518126010894775390625" lon="120.0327707827091217041015625">
        <ele>7.80000019073486328125</ele>
        <time>2026-08-16T13:31:42.000Z</time>
        <extensions>
          <ns3:TrackPointExtension>
            <ns3:hr>150</ns3:hr>
            <ns3:cad>0</ns3:cad>
          </ns3:TrackPointExtension>
        </extensions>
      </trkpt>
      <trkpt lat="30.3195450268685817718505859375" lon="120.032785870134830474853515625">
        <ele>7.80000019073486328125</ele>
        <time>2026-08-16T13:31:43.000Z</time>
        <extensions>
          <ns3:TrackPointExtension>
            <ns3:hr>150</ns3:hr>
            <ns3:cad>0</ns3:cad>
          </ns3:TrackPointExtension>
        </extensions>
      </trkpt>
      <trkpt lat="30.3196818195283412933349609375" lon="120.03321292810142040252685546875">
        <ele>7.599999904632568359375</ele>
        <time>2026-08-16T13:32:54.000Z</time>
        <extensions>
          <ns3:TrackPointExtension>
            <ns3:hr>139</ns3:hr>
            <ns3:cad>0</ns3:cad>
          </ns3:TrackPointExtension>
        </extensions>
      </trkpt>
      <trkpt lat="30.31966991722583770751953125" lon="120.033214353024959564208984375">
        <ele>7.599999904632568359375</ele>
        <time>2026-08-16T13:32:55.000Z</time>
        <extensions>
          <ns3:TrackPointExtension>
            <ns3:hr>138</ns3:hr>
            <ns3:cad>0</ns3:cad>
          </ns3:TrackPointExtension>
        </extensions>
      </trkpt>
      <trkpt lat="30.31965650618076324462890625" lon="120.0332158617675304412841796875">
        <ele>7.599999904632568359375</ele>
        <time>2026-08-16T13:32:56.000Z</time>
        <extensions>
          <ns3:TrackPointExtension>
            <ns3:hr>138</ns3:hr>
            <ns3:cad>0</ns3:cad>
          </ns3:TrackPointExtension>
        </extensions>
      </trkpt>
      <trkpt lat="30.319639742374420166015625" lon="120.03321544267237186431884765625">
        <ele>7.400000095367431640625</ele>
        <time>2026-08-16T13:32:57.000Z</time>
        <extensions>
          <ns3:TrackPointExtension>
            <ns3:hr>138</ns3:hr>
            <ns3:cad>0</ns3:cad>
          </ns3:TrackPointExtension>
        </extensions>
      </trkpt>
      <trkpt lat="30.3196187876164913177490234375" lon="120.03321401774883270263671875">
        <ele>7.599999904632568359375</ele>
        <time>2026-08-16T13:32:58.000Z</time>
        <extensions>
          <ns3:TrackPointExtension>
            <ns3:hr>138</ns3:hr>
            <ns3:cad>0</ns3:cad>
          </ns3:TrackPointExtension>
        </extensions>
      </trkpt>
      <trkpt lat="30.31959925778210163116455078125" lon="120.033212006092071533203125">
        <ele>7.599999904632568359375</ele>
        <time>2026-08-16T13:32:59.000Z</time>
        <extensions>
          <ns3:TrackPointExtension>
            <ns3:hr>138</ns3:hr>
            <ns3:cad>0</ns3:cad>
          </ns3:TrackPointExtension>
        </extensions>
      </trkpt>
      <trkpt lat="30.31957780010998249053955078125" lon="120.033211670815944671630859375">
        <ele>7.599999904632568359375</ele>
        <time>2026-08-16T13:33:00.000Z</time>
        <extensions>
          <ns3:TrackPointExtension>
            <ns3:hr>138</ns3:hr>
            <ns3:cad>0</ns3:cad>
          </ns3:TrackPointExtension>
        </extensions>
      </trkpt>
      <trkpt lat="30.31955458223819732666015625" lon="120.03321225754916667938232421875">
        <ele>7.80000019073486328125</ele>
        <time>2026-08-16T13:33:01.000Z</time>
        <extensions>
          <ns3:TrackPointExtension>
            <ns3:hr>139</ns3:hr>
            <ns3:cad>83</ns3:cad>
          </ns3:TrackPointExtension>
        </extensions>
      </trkpt>
      <trkpt lat="30.31953086145222187042236328125" lon="120.0332121737301349639892578125">
        <ele>7.80000019073486328125</ele>
        <time>2026-08-16T13:33:02.000Z</time>
        <extensions>
          <ns3:TrackPointExtension>
            <ns3:hr>140</ns3:hr>
            <ns3:cad>83</ns3:cad>
          </ns3:TrackPointExtension>
        </extensions>
      </trkpt>
      <trkpt lat="30.31950764358043670654296875" lon="120.03321158699691295623779296875">
        <ele>7.80000019073486328125</ele>
        <time>2026-08-16T13:33:03.000Z</time>
        <extensions>
          <ns3:TrackPointExtension>
            <ns3:hr>143</ns3:hr>
            <ns3:cad>83</ns3:cad>
          </ns3:TrackPointExtension>
        </extensions>
      </trkpt>
      <trkpt lat="30.31948811374604701995849609375" lon="120.03321410156786441802978515625">
        <ele>7.80000019073486328125</ele>
        <time>2026-08-16T13:33:04.000Z</time>
        <extensions>
          <ns3:TrackPointExtension>
            <ns3:hr>144</ns3:hr>
            <ns3:cad>83</ns3:cad>
          </ns3:TrackPointExtension>
        </extensions>
      </trkpt>
      <trkpt lat="30.3194632194936275482177734375" lon="120.03321276046335697174072265625">
        <ele>7.80000019073486328125</ele>
        <time>2026-08-16T13:33:05.000Z</time>
        <extensions>
          <ns3:TrackPointExtension>
            <ns3:hr>144</ns3:hr>
            <ns3:cad>83</ns3:cad>
          </ns3:TrackPointExtension>
        </extensions>
      </trkpt>
      <trkpt lat="30.3194394148886203765869140625" lon="120.03321510739624500274658203125">
        <ele>7.80000019073486328125</ele>
        <time>2026-08-16T13:33:06.000Z</time>
        <extensions>
          <ns3:TrackPointExtension>
            <ns3:hr>144</ns3:hr>
            <ns3:cad>83</ns3:cad>
          </ns3:TrackPointExtension>
        </extensions>
      </trkpt>
      <trkpt lat="30.319414772093296051025390625" lon="120.03321929834783077239990234375">
        <ele>7.80000019073486328125</ele>
        <time>2026-08-16T13:33:07.000Z</time>
        <extensions>
          <ns3:TrackPointExtension>
            <ns3:hr>144</ns3:hr>
            <ns3:cad>84</ns3:cad>
          </ns3:TrackPointExtension>
        </extensions>
      </trkpt>
      <trkpt lat="30.3193894587457180023193359375" lon="120.0332240760326385498046875">
        <ele>7.80000019073486328125</ele>
        <time>2026-08-16T13:33:08.000Z</time>
        <extensions>
          <ns3:TrackPointExtension>
            <ns3:hr>145</ns3:hr>
            <ns3:cad>84</ns3:cad>
          </ns3:TrackPointExtension>
        </extensions>
      </trkpt>
      <trkpt lat="30.31937093473970890045166015625" lon="120.03323304466903209686279296875">
        <ele>7.80000019073486328125</ele>
        <time>2026-08-16T13:33:09.000Z</time>
        <extensions>
          <ns3:TrackPointExtension>
            <ns3:hr>145</ns3:hr>
            <ns3:cad>84</ns3:cad>
          </ns3:TrackPointExtension>
        </extensions>
      </trkpt>
      <trkpt lat="30.319348387420177459716796875" lon="120.03323857672512531280517578125">
        <ele>7.599999904632568359375</ele>
        <time>2026-08-16T13:33:10.000Z</time>
        <extensions>
          <ns3:TrackPointExtension>
            <ns3:hr>145</ns3:hr>
            <ns3:cad>84</ns3:cad>
          </ns3:TrackPointExtension>
        </extensions>
      </trkpt>
      <trkpt lat="30.31932868994772434234619140625" lon="120.03324930556118488311767578125">
        <ele>7.599999904632568359375</ele>
        <time>2026-08-16T13:33:11.000Z</time>
        <extensions>
          <ns3:TrackPointExtension>
            <ns3:hr>145</ns3:hr>
            <ns3:cad>84</ns3:cad>
          </ns3:TrackPointExtension>
        </extensions>
      </trkpt>
      <trkpt lat="30.3193160332739353179931640625" lon="120.0332587771117687225341796875">
        <ele>7.599999904632568359375</ele>
        <time>2026-08-16T13:33:12.000Z</time>
        <extensions>
          <ns3:TrackPointExtension>
            <ns3:hr>145</ns3:hr>
            <ns3:cad>84</ns3:cad>
          </ns3:TrackPointExtension>
        </extensions>
      </trkpt>
      <trkpt lat="30.3193093277513980865478515625" lon="120.0332795642316341400146484375">
        <ele>7.400000095367431640625</ele>
        <time>2026-08-16T13:33:13.000Z</time>
        <extensions>
          <ns3:TrackPointExtension>
            <ns3:hr>146</ns3:hr>
            <ns3:cad>83</ns3:cad>
          </ns3:TrackPointExtension>
        </extensions>
      </trkpt>
      <trkpt lat="30.3193099983036518096923828125" lon="120.0332909636199474334716796875">
        <ele>7.400000095367431640625</ele>
        <time>2026-08-16T13:33:14.000Z</time>
        <extensions>
          <ns3:TrackPointExtension>
            <ns3:hr>146</ns3:hr>
            <ns3:cad>83</ns3:cad>
          </ns3:TrackPointExtension>
        </extensions>
      </trkpt>
      <trkpt lat="30.31930991448462009429931640625" lon="120.03330814652144908905029296875">
        <ele>7.400000095367431640625</ele>
        <time>2026-08-16T13:33:15.000Z</time>
        <extensions>
          <ns3:TrackPointExtension>
            <ns3:hr>146</ns3:hr>
            <ns3:cad>83</ns3:cad>
          </ns3:TrackPointExtension>
        </extensions>
      </trkpt>
      <trkpt lat="30.31931343488395214080810546875" lon="120.0333298556506633758544921875">
        <ele>7.19999980926513671875</ele>
        <time>2026-08-16T13:33:16.000Z</time>
        <extensions>
          <ns3:TrackPointExtension>
            <ns3:hr>146</ns3:hr>
            <ns3:cad>83</ns3:cad>
          </ns3:TrackPointExtension>
        </extensions>
      </trkpt>
      <trkpt lat="30.31931796111166477203369140625" lon="120.0333501398563385009765625">
        <ele>7.400000095367431640625</ele>
        <time>2026-08-16T13:33:17.000Z</time>
        <extensions>
          <ns3:TrackPointExtension>
            <ns3:hr>147</ns3:hr>
            <ns3:cad>83</ns3:cad>
          </ns3:TrackPointExtension>
        </extensions>
      </trkpt>
      <trkpt lat="30.319318883121013641357421875" lon="120.0333721004426479339599609375">
        <ele>7.400000095367431640625</ele>
        <time>2026-08-16T13:33:18.000Z</time>
        <extensions>
          <ns3:TrackPointExtension>
            <ns3:hr>146</ns3:hr>
            <ns3:cad>83</ns3:cad>
          </ns3:TrackPointExtension>
        </extensions>
      </trkpt>
      <trkpt lat="30.3193213976919651031494140625" lon="120.03339380957186222076416015625">
        <ele>7.400000095367431640625</ele>
        <time>2026-08-16T13:33:19.000Z</time>
        <extensions>
          <ns3:TrackPointExtension>
            <ns3:hr>146</ns3:hr>
            <ns3:cad>83</ns3:cad>
          </ns3:TrackPointExtension>
        </extensions>
      </trkpt>
      <trkpt lat="30.31932793557643890380859375" lon="120.03341711126267910003662109375">
        <ele>7.400000095367431640625</ele>
        <time>2026-08-16T13:33:20.000Z</time>
        <extensions>
          <ns3:TrackPointExtension>
            <ns3:hr>147</ns3:hr>
            <ns3:cad>81</ns3:cad>
          </ns3:TrackPointExtension>
        </extensions>
      </trkpt>
      <trkpt lat="30.31932919286191463470458984375" lon="120.03344275988638401031494140625">
        <ele>7.400000095367431640625</ele>
        <time>2026-08-16T13:33:21.000Z</time>
        <extensions>
          <ns3:TrackPointExtension>
            <ns3:hr>147</ns3:hr>
            <ns3:cad>81</ns3:cad>
          </ns3:TrackPointExtension>
        </extensions>
      </trkpt>
      <trkpt lat="30.31933137215673923492431640625" lon="120.0334646366536617279052734375">
        <ele>7.400000095367431640625</ele>
        <time>2026-08-16T13:33:22.000Z</time>
        <extensions>
          <ns3:TrackPointExtension>
            <ns3:hr>148</ns3:hr>
            <ns3:cad>82</ns3:cad>
          </ns3:TrackPointExtension>
        </extensions>
      </trkpt>
      <trkpt lat="30.31933640129864215850830078125" lon="120.03349221311509609222412109375">
        <ele>7.599999904632568359375</ele>
        <time>2026-08-16T13:33:23.000Z</time>
        <extensions>
          <ns3:TrackPointExtension>
            <ns3:hr>148</ns3:hr>
            <ns3:cad>83</ns3:cad>
          </ns3:TrackPointExtension>
        </extensions>
      </trkpt>
      <trkpt lat="30.319339670240879058837890625" lon="120.03351635299623012542724609375">
        <ele>7.599999904632568359375</ele>
        <time>2026-08-16T13:33:24.000Z</time>
        <extensions>
          <ns3:TrackPointExtension>
            <ns3:hr>149</ns3:hr>
            <ns3:cad>84</ns3:cad>
          </ns3:TrackPointExtension>
        </extensions>
      </trkpt>
      <trkpt lat="30.31934595666825771331787109375" lon="120.0335394032299518585205078125">
        <ele>7.599999904632568359375</ele>
        <time>2026-08-16T13:33:25.000Z</time>
        <extensions>
          <ns3:TrackPointExtension>
            <ns3:hr>150</ns3:hr>
            <ns3:cad>84</ns3:cad>
          </ns3:TrackPointExtension>
        </extensions>
      </trkpt>
      <trkpt lat="30.31934863887727260589599609375" lon="120.03356077708303928375244140625">
        <ele>7.599999904632568359375</ele>
        <time>2026-08-16T13:33:26.000Z</time>
        <extensions>
          <ns3:TrackPointExtension>
            <ns3:hr>151</ns3:hr>
            <ns3:cad>85</ns3:cad>
          </ns3:TrackPointExtension>
        </extensions>
      </trkpt>
      <trkpt lat="30.31935475766658782958984375" lon="120.0335826538503170013427734375">
        <ele>7.599999904632568359375</ele>
        <time>2026-08-16T13:33:27.000Z</time>
        <extensions>
          <ns3:TrackPointExtension>
            <ns3:hr>152</ns3:hr>
            <ns3:cad>85</ns3:cad>
          </ns3:TrackPointExtension>
        </extensions>
      </trkpt>
      <trkpt lat="30.31936146318912506103515625" lon="120.03360335715115070343017578125">
        <ele>7.599999904632568359375</ele>
        <time>2026-08-16T13:33:28.000Z</time>
        <extensions>
          <ns3:TrackPointExtension>
            <ns3:hr>152</ns3:hr>
            <ns3:cad>85</ns3:cad>
          </ns3:TrackPointExtension>
        </extensions>
      </trkpt>
      <trkpt lat="30.3193680010735988616943359375" lon="120.03362598828971385955810546875">
        <ele>7.599999904632568359375</ele>
        <time>2026-08-16T13:33:29.000Z</time>
        <extensions>
          <ns3:TrackPointExtension>
            <ns3:hr>153</ns3:hr>
            <ns3:cad>85</ns3:cad>
          </ns3:TrackPointExtension>
        </extensions>
      </trkpt>
      <trkpt lat="30.31937646679580211639404296875" lon="120.033651888370513916015625">
        <ele>7.80000019073486328125</ele>
        <time>2026-08-16T13:33:30.000Z</time>
        <extensions>
          <ns3:TrackPointExtension>
            <ns3:hr>154</ns3:hr>
            <ns3:cad>86</ns3:cad>
          </ns3:TrackPointExtension>
        </extensions>
      </trkpt>
      <trkpt lat="30.31937914900481700897216796875" lon="120.033673681318759918212890625">
        <ele>7.80000019073486328125</ele>
        <time>2026-08-16T13:33:31.000Z</time>
        <extensions>
          <ns3:TrackPointExtension>
            <ns3:hr>154</ns3:hr>
            <ns3:cad>87</ns3:cad>
          </ns3:TrackPointExtension>
        </extensions>
      </trkpt>
      <trkpt lat="30.319379232823848724365234375" lon="120.03369723446667194366455078125">
        <ele>7.80000019073486328125</ele>
        <time>2026-08-16T13:33:32.000Z</time>
        <extensions>
          <ns3:TrackPointExtension>
            <ns3:hr>154</ns3:hr>
            <ns3:cad>87</ns3:cad>
          </ns3:TrackPointExtension>
        </extensions>
      </trkpt>
      <trkpt lat="30.31938065774738788604736328125" lon="120.03371818922460079193115234375">
        <ele>7.80000019073486328125</ele>
        <time>2026-08-16T13:33:33.000Z</time>
        <extensions>
          <ns3:TrackPointExtension>
            <ns3:hr>154</ns3:hr>
            <ns3:cad>87</ns3:cad>
          </ns3:TrackPointExtension>
        </extensions>
      </trkpt>
      <trkpt lat="30.3193844296038150787353515625" lon="120.033744759857654571533203125">
        <ele>7.599999904632568359375</ele>
        <time>2026-08-16T13:33:34.000Z</time>
        <extensions>
          <ns3:TrackPointExtension>
            <ns3:hr>155</ns3:hr>
            <ns3:cad>86</ns3:cad>
          </ns3:TrackPointExtension>
        </extensions>
      </trkpt>
      <trkpt lat="30.31938971020281314849853515625" lon="120.03376579843461513519287109375">
        <ele>7.599999904632568359375</ele>
        <time>2026-08-16T13:33:35.000Z</time>
        <extensions>
          <ns3:TrackPointExtension>
            <ns3:hr>156</ns3:hr>
            <ns3:cad>86</ns3:cad>
          </ns3:TrackPointExtension>
        </extensions>
      </trkpt>
      <trkpt lat="30.31939658336341381072998046875" lon="120.033786334097385406494140625">
        <ele>7.599999904632568359375</ele>
        <time>2026-08-16T13:33:36.000Z</time>
        <extensions>
          <ns3:TrackPointExtension>
            <ns3:hr>156</ns3:hr>
            <ns3:cad>86</ns3:cad>
          </ns3:TrackPointExtension>
        </extensions>
      </trkpt>
      <trkpt lat="30.319398678839206695556640625" lon="120.0338141620159149169921875">
        <ele>7.599999904632568359375</ele>
        <time>2026-08-16T13:33:37.000Z</time>
        <extensions>
          <ns3:TrackPointExtension>
            <ns3:hr>156</ns3:hr>
            <ns3:cad>84</ns3:cad>
          </ns3:TrackPointExtension>
        </extensions>
      </trkpt>
      <trkpt lat="30.31941049732267856597900390625" lon="120.033833272755146026611328125">
        <ele>7.599999904632568359375</ele>
        <time>2026-08-16T13:33:38.000Z</time>
        <extensions>
          <ns3:TrackPointExtension>
            <ns3:hr>156</ns3:hr>
            <ns3:cad>84</ns3:cad>
          </ns3:TrackPointExtension>
        </extensions>
      </trkpt>
      <trkpt lat="30.3194149397313594818115234375" lon="120.0338582508265972137451171875">
        <ele>7.599999904632568359375</ele>
        <time>2026-08-16T13:33:39.000Z</time>
        <extensions>
          <ns3:TrackPointExtension>
            <ns3:hr>156</ns3:hr>
            <ns3:cad>84</ns3:cad>
          </ns3:TrackPointExtension>
        </extensions>
      </trkpt>
      <trkpt lat="30.31941644847393035888671875" lon="120.0338820554316043853759765625">
        <ele>7.599999904632568359375</ele>
        <time>2026-08-16T13:33:40.000Z</time>
        <extensions>
          <ns3:TrackPointExtension>
            <ns3:hr>157</ns3:hr>
            <ns3:cad>84</ns3:cad>
          </ns3:TrackPointExtension>
        </extensions>
      </trkpt>
      <trkpt lat="30.3194189630448818206787109375" lon="120.03390342928469181060791015625">
        <ele>7.599999904632568359375</ele>
        <time>2026-08-16T13:33:41.000Z</time>
        <extensions>
          <ns3:TrackPointExtension>
            <ns3:hr>158</ns3:hr>
            <ns3:cad>84</ns3:cad>
          </ns3:TrackPointExtension>
        </extensions>
      </trkpt>
      <trkpt lat="30.31941770575940608978271484375" lon="120.0339294970035552978515625">
        <ele>7.400000095367431640625</ele>
        <time>2026-08-16T13:33:42.000Z</time>
        <extensions>
          <ns3:TrackPointExtension>
            <ns3:hr>159</ns3:hr>
            <ns3:cad>84</ns3:cad>
          </ns3:TrackPointExtension>
        </extensions>
      </trkpt>
      <trkpt lat="30.31942273490130901336669921875" lon="120.03395070321857929229736328125">
        <ele>7.400000095367431640625</ele>
        <time>2026-08-16T13:33:43.000Z</time>
        <extensions>
          <ns3:TrackPointExtension>
            <ns3:hr>160</ns3:hr>
            <ns3:cad>84</ns3:cad>
          </ns3:TrackPointExtension>
        </extensions>
      </trkpt>
      <trkpt lat="30.3194291889667510986328125" lon="120.033973753452301025390625">
        <ele>7.400000095367431640625</ele>
        <time>2026-08-16T13:33:44.000Z</time>
        <extensions>
          <ns3:TrackPointExtension>
            <ns3:hr>160</ns3:hr>
            <ns3:cad>84</ns3:cad>
          </ns3:TrackPointExtension>
        </extensions>
      </trkpt>
      <trkpt lat="30.31943648122251033782958984375" lon="120.03399596549570560455322265625">
        <ele>7.599999904632568359375</ele>
        <time>2026-08-16T13:33:45.000Z</time>
        <extensions>
          <ns3:TrackPointExtension>
            <ns3:hr>160</ns3:hr>
            <ns3:cad>84</ns3:cad>
          </ns3:TrackPointExtension>
        </extensions>
      </trkpt>
      <trkpt lat="30.31944352202117443084716796875" lon="120.03401725552976131439208984375">
        <ele>7.599999904632568359375</ele>
        <time>2026-08-16T13:33:46.000Z</time>
        <extensions>
          <ns3:TrackPointExtension>
            <ns3:hr>159</ns3:hr>
            <ns3:cad>84</ns3:cad>
          </ns3:TrackPointExtension>
        </extensions>
      </trkpt>
      <trkpt lat="30.3194437734782695770263671875" lon="120.03404282033443450927734375">
        <ele>7.599999904632568359375</ele>
        <time>2026-08-16T13:33:47.000Z</time>
        <extensions>
          <ns3:TrackPointExtension>
            <ns3:hr>160</ns3:hr>
            <ns3:cad>84</ns3:cad>
          </ns3:TrackPointExtension>
        </extensions>
      </trkpt>
      <trkpt lat="30.31944704242050647735595703125" lon="120.0340634398162364959716796875">
        <ele>7.599999904632568359375</ele>
        <time>2026-08-16T13:33:48.000Z</time>
        <extensions>
          <ns3:TrackPointExtension>
            <ns3:hr>161</ns3:hr>
            <ns3:cad>84</ns3:cad>
          </ns3:TrackPointExtension>
        </extensions>
      </trkpt>
      <trkpt lat="30.3194488026201725006103515625" lon="120.03408917225897312164306640625">
        <ele>7.599999904632568359375</ele>
        <time>2026-08-16T13:33:49.000Z</time>
        <extensions>
          <ns3:TrackPointExtension>
            <ns3:hr>161</ns3:hr>
            <ns3:cad>84</ns3:cad>
          </ns3:TrackPointExtension>
        </extensions>
      </trkpt>
      <trkpt lat="30.3194528259336948394775390625" lon="120.03411197103559970855712890625">
        <ele>7.599999904632568359375</ele>
        <time>2026-08-16T13:33:50.000Z</time>
        <extensions>
          <ns3:TrackPointExtension>
            <ns3:hr>161</ns3:hr>
            <ns3:cad>83</ns3:cad>
          </ns3:TrackPointExtension>
        </extensions>
      </trkpt>
      <trkpt lat="30.3194581903517246246337890625" lon="120.03413544036448001861572265625">
        <ele>7.599999904632568359375</ele>
        <time>2026-08-16T13:33:51.000Z</time>
        <extensions>
          <ns3:TrackPointExtension>
            <ns3:hr>161</ns3:hr>
            <ns3:cad>83</ns3:cad>
          </ns3:TrackPointExtension>
        </extensions>
      </trkpt>
      <trkpt lat="30.319458357989788055419921875" lon="120.03416192717850208282470703125">
        <ele>7.599999904632568359375</ele>
        <time>2026-08-16T13:33:52.000Z</time>
        <extensions>
          <ns3:TrackPointExtension>
            <ns3:hr>161</ns3:hr>
            <ns3:cad>83</ns3:cad>
          </ns3:TrackPointExtension>
        </extensions>
      </trkpt>
      <trkpt lat="30.319464392960071563720703125" lon="120.03418120555579662322998046875">
        <ele>7.599999904632568359375</ele>
        <time>2026-08-16T13:33:53.000Z</time>
        <extensions>
          <ns3:TrackPointExtension>
            <ns3:hr>161</ns3:hr>
            <ns3:cad>83</ns3:cad>
          </ns3:TrackPointExtension>
        </extensions>
      </trkpt>
      <trkpt lat="30.3194669075310230255126953125" lon="120.03420718945562839508056640625">
        <ele>7.400000095367431640625</ele>
        <time>2026-08-16T13:33:54.000Z</time>
        <extensions>
          <ns3:TrackPointExtension>
            <ns3:hr>161</ns3:hr>
            <ns3:cad>83</ns3:cad>
          </ns3:TrackPointExtension>
        </extensions>
      </trkpt>
      <trkpt lat="30.31947319395840167999267578125" lon="120.0342304073274135589599609375">
        <ele>7.400000095367431640625</ele>
        <time>2026-08-16T13:33:55.000Z</time>
        <extensions>
          <ns3:TrackPointExtension>
            <ns3:hr>161</ns3:hr>
            <ns3:cad>83</ns3:cad>
          </ns3:TrackPointExtension>
        </extensions>
      </trkpt>
      <trkpt lat="30.31947839073836803436279296875" lon="120.03425328992307186126708984375">
        <ele>7.400000095367431640625</ele>
        <time>2026-08-16T13:33:56.000Z</time>
        <extensions>
          <ns3:TrackPointExtension>
            <ns3:hr>160</ns3:hr>
            <ns3:cad>84</ns3:cad>
          </ns3:TrackPointExtension>
        </extensions>
      </trkpt>
      <trkpt lat="30.31947839073836803436279296875" lon="120.034277848899364471435546875">
        <ele>7.400000095367431640625</ele>
        <time>2026-08-16T13:33:57.000Z</time>
        <extensions>
          <ns3:TrackPointExtension>
            <ns3:hr>161</ns3:hr>
            <ns3:cad>84</ns3:cad>
          </ns3:TrackPointExtension>
        </extensions>
      </trkpt>
      <trkpt lat="30.31948425807058811187744140625" lon="120.03429452888667583465576171875">
        <ele>7.400000095367431640625</ele>
        <time>2026-08-16T13:33:58.000Z</time>
        <extensions>
          <ns3:TrackPointExtension>
            <ns3:hr>161</ns3:hr>
            <ns3:cad>84</ns3:cad>
          </ns3:TrackPointExtension>
        </extensions>
      </trkpt>
      <trkpt lat="30.31948618590831756591796875" lon="120.03431866876780986785888671875">
        <ele>7.599999904632568359375</ele>
        <time>2026-08-16T13:33:59.000Z</time>
        <extensions>
          <ns3:TrackPointExtension>
            <ns3:hr>162</ns3:hr>
            <ns3:cad>83</ns3:cad>
          </ns3:TrackPointExtension>
        </extensions>
      </trkpt>
      <trkpt lat="30.3194853477180004119873046875" lon="120.03434213809669017791748046875">
        <ele>7.599999904632568359375</ele>
        <time>2026-08-16T13:34:00.000Z</time>
        <extensions>
          <ns3:TrackPointExtension>
            <ns3:hr>161</ns3:hr>
            <ns3:cad>83</ns3:cad>
          </ns3:TrackPointExtension>
        </extensions>
      </trkpt>
      <trkpt lat="30.31949289143085479736328125" lon="120.03435655497014522552490234375">
        <ele>7.599999904632568359375</ele>
        <time>2026-08-16T13:34:01.000Z</time>
        <extensions>
          <ns3:TrackPointExtension>
            <ns3:hr>161</ns3:hr>
            <ns3:cad>83</ns3:cad>
          </ns3:TrackPointExtension>
        </extensions>
      </trkpt>
      <trkpt lat="30.3194935619831085205078125" lon="120.034381784498691558837890625">
        <ele>7.400000095367431640625</ele>
        <time>2026-08-16T13:34:02.000Z</time>
        <extensions>
          <ns3:TrackPointExtension>
            <ns3:hr>161</ns3:hr>
            <ns3:cad>83</ns3:cad>
          </ns3:TrackPointExtension>
        </extensions>
      </trkpt>
      <trkpt lat="30.319497920572757720947265625" lon="120.03440567292273044586181640625">
        <ele>7.400000095367431640625</ele>
        <time>2026-08-16T13:34:03.000Z</time>
        <extensions>
          <ns3:TrackPointExtension>
            <ns3:hr>161</ns3:hr>
            <ns3:cad>83</ns3:cad>
          </ns3:TrackPointExtension>
        </extensions>
      </trkpt>
      <trkpt lat="30.31949968077242374420166015625" lon="120.03442998044192790985107421875">
        <ele>7.400000095367431640625</ele>
        <time>2026-08-16T13:34:04.000Z</time>
        <extensions>
          <ns3:TrackPointExtension>
            <ns3:hr>161</ns3:hr>
            <ns3:cad>82</ns3:cad>
          </ns3:TrackPointExtension>
        </extensions>
      </trkpt>
      <trkpt lat="30.3195014409720897674560546875" lon="120.03445722162723541259765625">
        <ele>7.400000095367431640625</ele>
        <time>2026-08-16T13:34:05.000Z</time>
        <extensions>
          <ns3:TrackPointExtension>
            <ns3:hr>162</ns3:hr>
            <ns3:cad>82</ns3:cad>
          </ns3:TrackPointExtension>
        </extensions>
      </trkpt>
      <trkpt lat="30.31950538046658039093017578125" lon="120.034481026232242584228515625">
        <ele>7.400000095367431640625</ele>
        <time>2026-08-16T13:34:06.000Z</time>
        <extensions>
          <ns3:TrackPointExtension>
            <ns3:hr>162</ns3:hr>
            <ns3:cad>82</ns3:cad>
          </ns3:TrackPointExtension>
        </extensions>
      </trkpt>
      <trkpt lat="30.319509319961071014404296875" lon="120.03450541757047176361083984375">
        <ele>7.400000095367431640625</ele>
        <time>2026-08-16T13:34:07.000Z</time>
        <extensions>
          <ns3:TrackPointExtension>
            <ns3:hr>163</ns3:hr>
            <ns3:cad>82</ns3:cad>
          </ns3:TrackPointExtension>
        </extensions>
      </trkpt>
      <trkpt lat="30.31950973905622959136962890625" lon="120.0345288030803203582763671875">
        <ele>7.400000095367431640625</ele>
        <time>2026-08-16T13:34:08.000Z</time>
        <extensions>
          <ns3:TrackPointExtension>
            <ns3:hr>164</ns3:hr>
            <ns3:cad>82</ns3:cad>
          </ns3:TrackPointExtension>
        </extensions>
      </trkpt>
      <trkpt lat="30.3195118345320224761962890625" lon="120.034548752009868621826171875">
        <ele>7.19999980926513671875</ele>
        <time>2026-08-16T13:34:09.000Z</time>
        <extensions>
          <ns3:TrackPointExtension>
            <ns3:hr>165</ns3:hr>
            <ns3:cad>82</ns3:cad>
          </ns3:TrackPointExtension>
        </extensions>
      </trkpt>
      <trkpt lat="30.31951342709362506866455078125" lon="120.03457255661487579345703125">
        <ele>7.19999980926513671875</ele>
        <time>2026-08-16T13:34:10.000Z</time>
        <extensions>
          <ns3:TrackPointExtension>
            <ns3:hr>166</ns3:hr>
            <ns3:cad>82</ns3:cad>
          </ns3:TrackPointExtension>
        </extensions>
      </trkpt>
      <trkpt lat="30.319517366588115692138671875" lon="120.0345968641340732574462890625">
        <ele>7.400000095367431640625</ele>
        <time>2026-08-16T13:34:11.000Z</time>
        <extensions>
          <ns3:TrackPointExtension>
            <ns3:hr>167</ns3:hr>
            <ns3:cad>82</ns3:cad>
          </ns3:TrackPointExtension>
        </extensions>
      </trkpt>
      <trkpt lat="30.31951493583619594573974609375" lon="120.03461857326328754425048828125">
        <ele>7.400000095367431640625</ele>
        <time>2026-08-16T13:34:12.000Z</time>
        <extensions>
          <ns3:TrackPointExtension>
            <ns3:hr>168</ns3:hr>
            <ns3:cad>82</ns3:cad>
          </ns3:TrackPointExtension>
        </extensions>
      </trkpt>
      <trkpt lat="30.31951627694070339202880859375" lon="120.03464556299149990081787109375">
        <ele>7.400000095367431640625</ele>
        <time>2026-08-16T13:34:13.000Z</time>
        <extensions>
          <ns3:TrackPointExtension>
            <ns3:hr>168</ns3:hr>
            <ns3:cad>83</ns3:cad>
          </ns3:TrackPointExtension>
        </extensions>
      </trkpt>
      <trkpt lat="30.319521389901638031005859375" lon="120.03466316498816013336181640625">
        <ele>7.19999980926513671875</ele>
        <time>2026-08-16T13:34:14.000Z</time>
        <extensions>
          <ns3:TrackPointExtension>
            <ns3:hr>168</ns3:hr>
            <ns3:cad>83</ns3:cad>
          </ns3:TrackPointExtension>
        </extensions>
      </trkpt>
      <trkpt lat="30.31952415592968463897705078125" lon="120.0346847064793109893798828125">
        <ele>7.400000095367431640625</ele>
        <time>2026-08-16T13:34:15.000Z</time>
        <extensions>
          <ns3:TrackPointExtension>
            <ns3:hr>168</ns3:hr>
            <ns3:cad>84</ns3:cad>
          </ns3:TrackPointExtension>
        </extensions>
      </trkpt>
      <trkpt lat="30.3195249103009700775146484375" lon="120.03470641560852527618408203125">
        <ele>7.19999980926513671875</ele>
        <time>2026-08-16T13:34:16.000Z</time>
        <extensions>
          <ns3:TrackPointExtension>
            <ns3:hr>167</ns3:hr>
            <ns3:cad>84</ns3:cad>
          </ns3:TrackPointExtension>
        </extensions>
      </trkpt>
      <trkpt lat="30.31952750869095325469970703125" lon="120.03472435288131237030029296875">
        <ele>7.19999980926513671875</ele>
        <time>2026-08-16T13:34:17.000Z</time>
        <extensions>
          <ns3:TrackPointExtension>
            <ns3:hr>168</ns3:hr>
            <ns3:cad>83</ns3:cad>
          </ns3:TrackPointExtension>
        </extensions>
      </trkpt>
      <trkpt lat="30.31952817924320697784423828125" lon="120.0347460620105266571044921875">
        <ele>7.19999980926513671875</ele>
        <time>2026-08-16T13:34:18.000Z</time>
        <extensions>
          <ns3:TrackPointExtension>
            <ns3:hr>168</ns3:hr>
            <ns3:cad>83</ns3:cad>
          </ns3:TrackPointExtension>
        </extensions>
      </trkpt>
      <trkpt lat="30.31953153200447559356689453125" lon="120.03476458601653575897216796875">
        <ele>7.19999980926513671875</ele>
        <time>2026-08-16T13:34:19.000Z</time>
        <extensions>
          <ns3:TrackPointExtension>
            <ns3:hr>168</ns3:hr>
            <ns3:cad>83</ns3:cad>
          </ns3:TrackPointExtension>
        </extensions>
      </trkpt>
      <trkpt lat="30.3195339627563953399658203125" lon="120.0347846187651157379150390625">
        <ele>7.19999980926513671875</ele>
        <time>2026-08-16T13:34:20.000Z</time>
        <extensions>
          <ns3:TrackPointExtension>
            <ns3:hr>167</ns3:hr>
            <ns3:cad>83</ns3:cad>
          </ns3:TrackPointExtension>
        </extensions>
      </trkpt>
      <trkpt lat="30.31953572295606136322021484375" lon="120.0348087586462497711181640625">
        <ele>7.19999980926513671875</ele>
        <time>2026-08-16T13:34:21.000Z</time>
        <extensions>
          <ns3:TrackPointExtension>
            <ns3:hr>167</ns3:hr>
            <ns3:cad>83</ns3:cad>
          </ns3:TrackPointExtension>
        </extensions>
      </trkpt>
      <trkpt lat="30.319538824260234832763671875" lon="120.03483080305159091949462890625">
        <ele>7.19999980926513671875</ele>
        <time>2026-08-16T13:34:22.000Z</time>
        <extensions>
          <ns3:TrackPointExtension>
            <ns3:hr>167</ns3:hr>
            <ns3:cad>83</ns3:cad>
          </ns3:TrackPointExtension>
        </extensions>
      </trkpt>
      <trkpt lat="30.3195376507937908172607421875" lon="120.03485410474240779876708984375">
        <ele>7.19999980926513671875</ele>
        <time>2026-08-16T13:34:23.000Z</time>
        <extensions>
          <ns3:TrackPointExtension>
            <ns3:hr>167</ns3:hr>
            <ns3:cad>83</ns3:cad>
          </ns3:TrackPointExtension>
        </extensions>
      </trkpt>
      <trkpt lat="30.319542177021503448486328125" lon="120.03487723879516124725341796875">
        <ele>7.19999980926513671875</ele>
        <time>2026-08-16T13:34:24.000Z</time>
        <extensions>
          <ns3:TrackPointExtension>
            <ns3:hr>167</ns3:hr>
            <ns3:cad>83</ns3:cad>
          </ns3:TrackPointExtension>
        </extensions>
      </trkpt>
      <trkpt lat="30.31954410485923290252685546875" lon="120.03490104340016841888427734375">
        <ele>7.19999980926513671875</ele>
        <time>2026-08-16T13:34:25.000Z</time>
        <extensions>
          <ns3:TrackPointExtension>
            <ns3:hr>166</ns3:hr>
            <ns3:cad>83</ns3:cad>
          </ns3:TrackPointExtension>
        </extensions>
      </trkpt>
      <trkpt lat="30.31954376958310604095458984375" lon="120.03492526710033416748046875">
        <ele>7.19999980926513671875</ele>
        <time>2026-08-16T13:34:26.000Z</time>
        <extensions>
          <ns3:TrackPointExtension>
            <ns3:hr>166</ns3:hr>
            <ns3:cad>83</ns3:cad>
          </ns3:TrackPointExtension>
        </extensions>
      </trkpt>
      <trkpt lat="30.319544859230518341064453125" lon="120.034945048391819000244140625">
        <ele>7</ele>
        <time>2026-08-16T13:34:27.000Z</time>
        <extensions>
          <ns3:TrackPointExtension>
            <ns3:hr>166</ns3:hr>
            <ns3:cad>83</ns3:cad>
          </ns3:TrackPointExtension>
        </extensions>
      </trkpt>
      <trkpt lat="30.31953924335539340972900390625" lon="120.034969188272953033447265625">
        <ele>7</ele>
        <time>2026-08-16T13:34:28.000Z</time>
        <extensions>
          <ns3:TrackPointExtension>
            <ns3:hr>167</ns3:hr>
            <ns3:cad>83</ns3:cad>
          </ns3:TrackPointExtension>
        </extensions>
      </trkpt>
      <trkpt lat="30.31953656114637851715087890625" lon="120.03499173559248447418212890625">
        <ele>7</ele>
        <time>2026-08-16T13:34:29.000Z</time>
        <extensions>
          <ns3:TrackPointExtension>
            <ns3:hr>167</ns3:hr>
            <ns3:cad>83</ns3:cad>
          </ns3:TrackPointExtension>
        </extensions>
      </trkpt>
      <trkpt lat="30.31954108737409114837646484375" lon="120.03501000814139842987060546875">
        <ele>7</ele>
        <time>2026-08-16T13:34:30.000Z</time>
        <extensions>
          <ns3:TrackPointExtension>
            <ns3:hr>167</ns3:hr>
            <ns3:cad>83</ns3:cad>
          </ns3:TrackPointExtension>
        </extensions>
      </trkpt>
      <trkpt lat="30.319542177021503448486328125" lon="120.03503414802253246307373046875">
        <ele>7</ele>
        <time>2026-08-16T13:34:31.000Z</time>
        <extensions>
          <ns3:TrackPointExtension>
            <ns3:hr>167</ns3:hr>
            <ns3:cad>84</ns3:cad>
          </ns3:TrackPointExtension>
        </extensions>
      </trkpt>
      <trkpt lat="30.31954863108694553375244140625" lon="120.03505325876176357269287109375">
        <ele>7</ele>
        <time>2026-08-16T13:34:32.000Z</time>
        <extensions>
          <ns3:TrackPointExtension>
            <ns3:hr>167</ns3:hr>
            <ns3:cad>84</ns3:cad>
          </ns3:TrackPointExtension>
        </extensions>
      </trkpt>
      <trkpt lat="30.3195480443537235260009765625" lon="120.0350769795477390289306640625">
        <ele>7</ele>
        <time>2026-08-16T13:34:33.000Z</time>
        <extensions>
          <ns3:TrackPointExtension>
            <ns3:hr>168</ns3:hr>
            <ns3:cad>84</ns3:cad>
          </ns3:TrackPointExtension>
        </extensions>
      </trkpt>
      <trkpt lat="30.31955265440046787261962890625" lon="120.035100616514682769775390625">
        <ele>7.19999980926513671875</ele>
        <time>2026-08-16T13:34:34.000Z</time>
        <extensions>
          <ns3:TrackPointExtension>
            <ns3:hr>168</ns3:hr>
            <ns3:cad>83</ns3:cad>
          </ns3:TrackPointExtension>
        </extensions>
      </trkpt>
      <trkpt lat="30.31955818645656108856201171875" lon="120.03512266092002391815185546875">
        <ele>7.19999980926513671875</ele>
        <time>2026-08-16T13:34:35.000Z</time>
        <extensions>
          <ns3:TrackPointExtension>
            <ns3:hr>168</ns3:hr>
            <ns3:cad>83</ns3:cad>
          </ns3:TrackPointExtension>
        </extensions>
      </trkpt>
      <trkpt lat="30.3195591084659099578857421875" lon="120.03514587879180908203125">
        <ele>7.19999980926513671875</ele>
        <time>2026-08-16T13:34:36.000Z</time>
        <extensions>
          <ns3:TrackPointExtension>
            <ns3:hr>168</ns3:hr>
            <ns3:cad>83</ns3:cad>
          </ns3:TrackPointExtension>
        </extensions>
      </trkpt>
      <trkpt lat="30.31956304796040058135986328125" lon="120.03516758792102336883544921875">
        <ele>7.19999980926513671875</ele>
        <time>2026-08-16T13:34:37.000Z</time>
        <extensions>
          <ns3:TrackPointExtension>
            <ns3:hr>168</ns3:hr>
            <ns3:cad>83</ns3:cad>
          </ns3:TrackPointExtension>
        </extensions>
      </trkpt>
      <trkpt lat="30.3195644728839397430419921875" lon="120.03519156016409397125244140625">
        <ele>7.400000095367431640625</ele>
        <time>2026-08-16T13:34:38.000Z</time>
        <extensions>
          <ns3:TrackPointExtension>
            <ns3:hr>167</ns3:hr>
            <ns3:cad>83</ns3:cad>
          </ns3:TrackPointExtension>
        </extensions>
      </trkpt>
      <trkpt lat="30.319566987454891204833984375" lon="120.03521025180816650390625">
        <ele>7.19999980926513671875</ele>
        <time>2026-08-16T13:34:39.000Z</time>
        <extensions>
          <ns3:TrackPointExtension>
            <ns3:hr>167</ns3:hr>
            <ns3:cad>83</ns3:cad>
          </ns3:TrackPointExtension>
        </extensions>
      </trkpt>
      <trkpt lat="30.31956732273101806640625" lon="120.0352315418422222137451171875">
        <ele>7.19999980926513671875</ele>
        <time>2026-08-16T13:34:40.000Z</time>
        <extensions>
          <ns3:TrackPointExtension>
            <ns3:hr>167</ns3:hr>
            <ns3:cad>83</ns3:cad>
          </ns3:TrackPointExtension>
        </extensions>
      </trkpt>
      <trkpt lat="30.3195632994174957275390625" lon="120.035257525742053985595703125">
        <ele>7.19999980926513671875</ele>
        <time>2026-08-16T13:34:41.000Z</time>
        <extensions>
          <ns3:TrackPointExtension>
            <ns3:hr>167</ns3:hr>
            <ns3:cad>83</ns3:cad>
          </ns3:TrackPointExtension>
        </extensions>
      </trkpt>
      <trkpt lat="30.31956070102751255035400390625" lon="120.03528124652802944183349609375">
        <ele>7</ele>
        <time>2026-08-16T13:34:42.000Z</time>
        <extensions>
          <ns3:TrackPointExtension>
            <ns3:hr>166</ns3:hr>
            <ns3:cad>83</ns3:cad>
          </ns3:TrackPointExtension>
        </extensions>
      </trkpt>
      <trkpt lat="30.31956438906490802764892578125" lon="120.03530672751367092132568359375">
        <ele>7</ele>
        <time>2026-08-16T13:34:43.000Z</time>
        <extensions>
          <ns3:TrackPointExtension>
            <ns3:hr>165</ns3:hr>
            <ns3:cad>83</ns3:cad>
          </ns3:TrackPointExtension>
        </extensions>
      </trkpt>
      <trkpt lat="30.31956505961716175079345703125" lon="120.0353349745273590087890625">
        <ele>7</ele>
        <time>2026-08-16T13:34:44.000Z</time>
        <extensions>
          <ns3:TrackPointExtension>
            <ns3:hr>164</ns3:hr>
            <ns3:cad>84</ns3:cad>
          </ns3:TrackPointExtension>
        </extensions>
      </trkpt>
      <trkpt lat="30.3195681609213352203369140625" lon="120.0353592820465564727783203125">
        <ele>7</ele>
        <time>2026-08-16T13:34:45.000Z</time>
        <extensions>
          <ns3:TrackPointExtension>
            <ns3:hr>163</ns3:hr>
            <ns3:cad>84</ns3:cad>
          </ns3:TrackPointExtension>
        </extensions>
      </trkpt>
      <trkpt lat="30.319562293589115142822265625" lon="120.035388953983783721923828125">
        <ele>7</ele>
        <time>2026-08-16T13:34:46.000Z</time>
        <extensions>
          <ns3:TrackPointExtension>
            <ns3:hr>162</ns3:hr>
            <ns3:cad>84</ns3:cad>
          </ns3:TrackPointExtension>
        </extensions>
      </trkpt>
      <trkpt lat="30.31956220977008342742919921875" lon="120.03541284240782260894775390625">
        <ele>7</ele>
        <time>2026-08-16T13:34:47.000Z</time>
        <extensions>
          <ns3:TrackPointExtension>
            <ns3:hr>162</ns3:hr>
            <ns3:cad>84</ns3:cad>
          </ns3:TrackPointExtension>
        </extensions>
      </trkpt>
      <trkpt lat="30.31956405378878116607666015625" lon="120.03544025123119354248046875">
        <ele>7</ele>
        <time>2026-08-16T13:34:48.000Z</time>
        <extensions>
          <ns3:TrackPointExtension>
            <ns3:hr>163</ns3:hr>
            <ns3:cad>83</ns3:cad>
          </ns3:TrackPointExtension>
        </extensions>
      </trkpt>
      <trkpt lat="30.31956522725522518157958984375" lon="120.03546464256942272186279296875">
        <ele>7</ele>
        <time>2026-08-16T13:34:49.000Z</time>
        <extensions>
          <ns3:TrackPointExtension>
            <ns3:hr>163</ns3:hr>
            <ns3:cad>82</ns3:cad>
          </ns3:TrackPointExtension>
        </extensions>
      </trkpt>
      <trkpt lat="30.31956790946424007415771484375" lon="120.0354860164225101470947265625">
        <ele>6.80000019073486328125</ele>
        <time>2026-08-16T13:34:50.000Z</time>
        <extensions>
          <ns3:TrackPointExtension>
            <ns3:hr>164</ns3:hr>
            <ns3:cad>82</ns3:cad>
          </ns3:TrackPointExtension>
        </extensions>
      </trkpt>
      <trkpt lat="30.31957008875906467437744140625" lon="120.03550940193235874176025390625">
        <ele>6.80000019073486328125</ele>
        <time>2026-08-16T13:34:51.000Z</time>
        <extensions>
          <ns3:TrackPointExtension>
            <ns3:hr>165</ns3:hr>
            <ns3:cad>82</ns3:cad>
          </ns3:TrackPointExtension>
        </extensions>
      </trkpt>
      <trkpt lat="30.31956992112100124359130859375" lon="120.03553270362317562103271484375">
        <ele>6.80000019073486328125</ele>
        <time>2026-08-16T13:34:52.000Z</time>
        <extensions>
          <ns3:TrackPointExtension>
            <ns3:hr>166</ns3:hr>
            <ns3:cad>82</ns3:cad>
          </ns3:TrackPointExtension>
        </extensions>
      </trkpt>
      <trkpt lat="30.319576375186443328857421875" lon="120.035555250942707061767578125">
        <ele>6.80000019073486328125</ele>
        <time>2026-08-16T13:34:53.000Z</time>
        <extensions>
          <ns3:TrackPointExtension>
            <ns3:hr>166</ns3:hr>
            <ns3:cad>82</ns3:cad>
          </ns3:TrackPointExtension>
        </extensions>
      </trkpt>
      <trkpt lat="30.31957629136741161346435546875" lon="120.035580061376094818115234375">
        <ele>6.80000019073486328125</ele>
        <time>2026-08-16T13:34:54.000Z</time>
        <extensions>
          <ns3:TrackPointExtension>
            <ns3:hr>167</ns3:hr>
            <ns3:cad>82</ns3:cad>
          </ns3:TrackPointExtension>
        </extensions>
      </trkpt>
      <trkpt lat="30.3195815719664096832275390625" lon="120.03559984266757965087890625">
        <ele>6.80000019073486328125</ele>
        <time>2026-08-16T13:34:55.000Z</time>
        <extensions>
          <ns3:TrackPointExtension>
            <ns3:hr>167</ns3:hr>
            <ns3:cad>82</ns3:cad>
          </ns3:TrackPointExtension>
        </extensions>
      </trkpt>
      <trkpt lat="30.31958551146090030670166015625" lon="120.035620294511318206787109375">
        <ele>6.80000019073486328125</ele>
        <time>2026-08-16T13:34:56.000Z</time>
        <extensions>
          <ns3:TrackPointExtension>
            <ns3:hr>168</ns3:hr>
            <ns3:cad>82</ns3:cad>
          </ns3:TrackPointExtension>
        </extensions>
      </trkpt>
      <trkpt lat="30.3195835836231708526611328125" lon="120.03564300946891307830810546875">
        <ele>6.80000019073486328125</ele>
        <time>2026-08-16T13:34:57.000Z</time>
        <extensions>
          <ns3:TrackPointExtension>
            <ns3:hr>168</ns3:hr>
            <ns3:cad>82</ns3:cad>
          </ns3:TrackPointExtension>
        </extensions>
      </trkpt>
      <trkpt lat="30.31958970241248607635498046875" lon="120.0356613658368587493896484375">
        <ele>6.80000019073486328125</ele>
        <time>2026-08-16T13:34:58.000Z</time>
        <extensions>
          <ns3:TrackPointExtension>
            <ns3:hr>169</ns3:hr>
            <ns3:cad>82</ns3:cad>
          </ns3:TrackPointExtension>
        </extensions>
      </trkpt>
      <trkpt lat="30.319596491754055023193359375" lon="120.035683996975421905517578125">
        <ele>6.80000019073486328125</ele>
        <time>2026-08-16T13:34:59.000Z</time>
        <extensions>
          <ns3:TrackPointExtension>
            <ns3:hr>169</ns3:hr>
            <ns3:cad>82</ns3:cad>
          </ns3:TrackPointExtension>
        </extensions>
      </trkpt>
      <trkpt lat="30.31960512511432170867919921875" lon="120.03570486791431903839111328125">
        <ele>6.599999904632568359375</ele>
        <time>2026-08-16T13:35:00.000Z</time>
        <extensions>
          <ns3:TrackPointExtension>
            <ns3:hr>169</ns3:hr>
            <ns3:cad>82</ns3:cad>
          </ns3:TrackPointExtension>
        </extensions>
      </trkpt>
      <trkpt lat="30.319611914455890655517578125" lon="120.0357267446815967559814453125">
        <ele>6.599999904632568359375</ele>
        <time>2026-08-16T13:35:01.000Z</time>
        <extensions>
          <ns3:TrackPointExtension>
            <ns3:hr>170</ns3:hr>
            <ns3:cad>82</ns3:cad>
          </ns3:TrackPointExtension>
        </extensions>
      </trkpt>
      <trkpt lat="30.3196169435977935791015625" lon="120.0357542373239994049072265625">
        <ele>6.599999904632568359375</ele>
        <time>2026-08-16T13:35:02.000Z</time>
        <extensions>
          <ns3:TrackPointExtension>
            <ns3:hr>169</ns3:hr>
            <ns3:cad>82</ns3:cad>
          </ns3:TrackPointExtension>
        </extensions>
      </trkpt>
      <trkpt lat="30.3196211345493793487548828125" lon="120.03577779047191143035888671875">
        <ele>6.599999904632568359375</ele>
        <time>2026-08-16T13:35:03.000Z</time>
        <extensions>
          <ns3:TrackPointExtension>
            <ns3:hr>169</ns3:hr>
            <ns3:cad>82</ns3:cad>
          </ns3:TrackPointExtension>
        </extensions>
      </trkpt>
      <trkpt lat="30.31962892971932888031005859375" lon="120.035802014172077178955078125">
        <ele>6.599999904632568359375</ele>
        <time>2026-08-16T13:35:04.000Z</time>
        <extensions>
          <ns3:TrackPointExtension>
            <ns3:hr>169</ns3:hr>
            <ns3:cad>82</ns3:cad>
          </ns3:TrackPointExtension>
        </extensions>
      </trkpt>
      <trkpt lat="30.31963110901415348052978515625" lon="120.03582774661481380462646484375">
        <ele>6.599999904632568359375</ele>
        <time>2026-08-16T13:35:05.000Z</time>
        <extensions>
          <ns3:TrackPointExtension>
            <ns3:hr>170</ns3:hr>
            <ns3:cad>82</ns3:cad>
          </ns3:TrackPointExtension>
        </extensions>
      </trkpt>
      <trkpt lat="30.319636054337024688720703125" lon="120.03584752790629863739013671875">
        <ele>6.599999904632568359375</ele>
        <time>2026-08-16T13:35:06.000Z</time>
        <extensions>
          <ns3:TrackPointExtension>
            <ns3:hr>169</ns3:hr>
            <ns3:cad>82</ns3:cad>
          </ns3:TrackPointExtension>
        </extensions>
      </trkpt>
      <trkpt lat="30.3196357190608978271484375" lon="120.03587166778743267059326171875">
        <ele>6.599999904632568359375</ele>
        <time>2026-08-16T13:35:07.000Z</time>
        <extensions>
          <ns3:TrackPointExtension>
            <ns3:hr>169</ns3:hr>
            <ns3:cad>82</ns3:cad>
          </ns3:TrackPointExtension>
        </extensions>
      </trkpt>
      <trkpt lat="30.31963747926056385040283203125" lon="120.0358930416405200958251953125">
        <ele>6.599999904632568359375</ele>
        <time>2026-08-16T13:35:08.000Z</time>
        <extensions>
          <ns3:TrackPointExtension>
            <ns3:hr>169</ns3:hr>
            <ns3:cad>83</ns3:cad>
          </ns3:TrackPointExtension>
        </extensions>
      </trkpt>
      <trkpt lat="30.31963747926056385040283203125" lon="120.035915672779083251953125">
        <ele>6.599999904632568359375</ele>
        <time>2026-08-16T13:35:09.000Z</time>
        <extensions>
          <ns3:TrackPointExtension>
            <ns3:hr>169</ns3:hr>
            <ns3:cad>83</ns3:cad>
          </ns3:TrackPointExtension>
        </extensions>
      </trkpt>
      <trkpt lat="30.31963177956640720367431640625" lon="120.0359396450221538543701171875">
        <ele>6.599999904632568359375</ele>
        <time>2026-08-16T13:35:10.000Z</time>
        <extensions>
          <ns3:TrackPointExtension>
            <ns3:hr>169</ns3:hr>
            <ns3:cad>83</ns3:cad>
          </ns3:TrackPointExtension>
        </extensions>
      </trkpt>
      <trkpt lat="30.31963446177542209625244140625" lon="120.0359587557613849639892578125">
        <ele>6.599999904632568359375</ele>
        <time>2026-08-16T13:35:11.000Z</time>
        <extensions>
          <ns3:TrackPointExtension>
            <ns3:hr>169</ns3:hr>
            <ns3:cad>83</ns3:cad>
          </ns3:TrackPointExtension>
        </extensions>
      </trkpt>
      <trkpt lat="30.31963714398443698883056640625" lon="120.03598205745220184326171875">
        <ele>6.599999904632568359375</ele>
        <time>2026-08-16T13:35:12.000Z</time>
        <extensions>
          <ns3:TrackPointExtension>
            <ns3:hr>169</ns3:hr>
            <ns3:cad>83</ns3:cad>
          </ns3:TrackPointExtension>
        </extensions>
      </trkpt>
      <trkpt lat="30.31963638961315155029296875" lon="120.03600485622882843017578125">
        <ele>6.80000019073486328125</ele>
        <time>2026-08-16T13:35:13.000Z</time>
        <extensions>
          <ns3:TrackPointExtension>
            <ns3:hr>169</ns3:hr>
            <ns3:cad>82</ns3:cad>
          </ns3:TrackPointExtension>
        </extensions>
      </trkpt>
      <trkpt lat="30.3196382336318492889404296875" lon="120.03602740354835987091064453125">
        <ele>6.80000019073486328125</ele>
        <time>2026-08-16T13:35:14.000Z</time>
        <extensions>
          <ns3:TrackPointExtension>
            <ns3:hr>170</ns3:hr>
            <ns3:cad>82</ns3:cad>
          </ns3:TrackPointExtension>
        </extensions>
      </trkpt>
      <trkpt lat="30.31963228248059749603271484375" lon="120.03605724312365055084228515625">
        <ele>6.80000019073486328125</ele>
        <time>2026-08-16T13:35:15.000Z</time>
        <extensions>
          <ns3:TrackPointExtension>
            <ns3:hr>170</ns3:hr>
            <ns3:cad>82</ns3:cad>
          </ns3:TrackPointExtension>
        </extensions>
      </trkpt>
      <trkpt lat="30.31963513232767581939697265625" lon="120.0360787846148014068603515625">
        <ele>6.80000019073486328125</ele>
        <time>2026-08-16T13:35:16.000Z</time>
        <extensions>
          <ns3:TrackPointExtension>
            <ns3:hr>170</ns3:hr>
            <ns3:cad>83</ns3:cad>
          </ns3:TrackPointExtension>
        </extensions>
      </trkpt>
      <trkpt lat="30.31963638961315155029296875" lon="120.0361069478094577789306640625">
        <ele>6.599999904632568359375</ele>
        <time>2026-08-16T13:35:17.000Z</time>
        <extensions>
          <ns3:TrackPointExtension>
            <ns3:hr>170</ns3:hr>
            <ns3:cad>83</ns3:cad>
          </ns3:TrackPointExtension>
        </extensions>
      </trkpt>
      <trkpt lat="30.31963630579411983489990234375" lon="120.036136619746685028076171875">
        <ele>6.599999904632568359375</ele>
        <time>2026-08-16T13:35:18.000Z</time>
        <extensions>
          <ns3:TrackPointExtension>
            <ns3:hr>170</ns3:hr>
            <ns3:cad>83</ns3:cad>
          </ns3:TrackPointExtension>
        </extensions>
      </trkpt>
      <trkpt lat="30.31963731162250041961669921875" lon="120.0361605919897556304931640625">
        <ele>6.599999904632568359375</ele>
        <time>2026-08-16T13:35:19.000Z</time>
        <extensions>
          <ns3:TrackPointExtension>
            <ns3:hr>170</ns3:hr>
            <ns3:cad>83</ns3:cad>
          </ns3:TrackPointExtension>
        </extensions>
      </trkpt>
      <trkpt lat="30.31963613815605640411376953125" lon="120.0361879169940948486328125">
        <ele>6.599999904632568359375</ele>
        <time>2026-08-16T13:35:20.000Z</time>
        <extensions>
          <ns3:TrackPointExtension>
            <ns3:hr>169</ns3:hr>
            <ns3:cad>84</ns3:cad>
          </ns3:TrackPointExtension>
        </extensions>
      </trkpt>
      <trkpt lat="30.31963764689862728118896484375" lon="120.03620811738073825836181640625">
        <ele>6.599999904632568359375</ele>
        <time>2026-08-16T13:35:21.000Z</time>
        <extensions>
          <ns3:TrackPointExtension>
            <ns3:hr>169</ns3:hr>
            <ns3:cad>84</ns3:cad>
          </ns3:TrackPointExtension>
        </extensions>
      </trkpt>
      <trkpt lat="30.31964066438376903533935546875" lon="120.03623242489993572235107421875">
        <ele>6.599999904632568359375</ele>
        <time>2026-08-16T13:35:22.000Z</time>
        <extensions>
          <ns3:TrackPointExtension>
            <ns3:hr>169</ns3:hr>
            <ns3:cad>82</ns3:cad>
          </ns3:TrackPointExtension>
        </extensions>
      </trkpt>
      <trkpt lat="30.31963814981281757354736328125" lon="120.03625606186687946319580078125">
        <ele>6.599999904632568359375</ele>
        <time>2026-08-16T13:35:23.000Z</time>
        <extensions>
          <ns3:TrackPointExtension>
            <ns3:hr>169</ns3:hr>
            <ns3:cad>82</ns3:cad>
          </ns3:TrackPointExtension>
        </extensions>
      </trkpt>
      <trkpt lat="30.31964435242116451263427734375" lon="120.0362742505967617034912109375">
        <ele>6.599999904632568359375</ele>
        <time>2026-08-16T13:35:24.000Z</time>
        <extensions>
          <ns3:TrackPointExtension>
            <ns3:hr>169</ns3:hr>
            <ns3:cad>82</ns3:cad>
          </ns3:TrackPointExtension>
        </extensions>
      </trkpt>
      <trkpt lat="30.3196489624679088592529296875" lon="120.03629646264016628265380859375">
        <ele>6.599999904632568359375</ele>
        <time>2026-08-16T13:35:25.000Z</time>
        <extensions>
          <ns3:TrackPointExtension>
            <ns3:hr>169</ns3:hr>
            <ns3:cad>83</ns3:cad>
          </ns3:TrackPointExtension>
        </extensions>
      </trkpt>
      <trkpt lat="30.3196499682962894439697265625" lon="120.03632001578807830810546875">
        <ele>6.599999904632568359375</ele>
        <time>2026-08-16T13:35:26.000Z</time>
        <extensions>
          <ns3:TrackPointExtension>
            <ns3:hr>170</ns3:hr>
            <ns3:cad>83</ns3:cad>
          </ns3:TrackPointExtension>
        </extensions>
      </trkpt>
      <trkpt lat="30.31965248286724090576171875" lon="120.0363423116505146026611328125">
        <ele>6.599999904632568359375</ele>
        <time>2026-08-16T13:35:27.000Z</time>
        <extensions>
          <ns3:TrackPointExtension>
            <ns3:hr>171</ns3:hr>
            <ns3:cad>83</ns3:cad>
          </ns3:TrackPointExtension>
        </extensions>
      </trkpt>
      <trkpt lat="30.31965374015271663665771484375" lon="120.03636569716036319732666015625">
        <ele>6.599999904632568359375</ele>
        <time>2026-08-16T13:35:28.000Z</time>
        <extensions>
          <ns3:TrackPointExtension>
            <ns3:hr>171</ns3:hr>
            <ns3:cad>82</ns3:cad>
          </ns3:TrackPointExtension>
        </extensions>
      </trkpt>
      <trkpt lat="30.319650806486606597900390625" lon="120.0363889150321483612060546875">
        <ele>6.599999904632568359375</ele>
        <time>2026-08-16T13:35:29.000Z</time>
        <extensions>
          <ns3:TrackPointExtension>
            <ns3:hr>171</ns3:hr>
            <ns3:cad>82</ns3:cad>
          </ns3:TrackPointExtension>
        </extensions>
      </trkpt>
      <trkpt lat="30.31965382397174835205078125" lon="120.03640710376203060150146484375">
        <ele>6.599999904632568359375</ele>
        <time>2026-08-16T13:35:30.000Z</time>
        <extensions>
          <ns3:TrackPointExtension>
            <ns3:hr>170</ns3:hr>
            <ns3:cad>82</ns3:cad>
          </ns3:TrackPointExtension>
        </extensions>
      </trkpt>
      <trkpt lat="30.31965491361916065216064453125" lon="120.0364304892718791961669921875">
        <ele>6.599999904632568359375</ele>
        <time>2026-08-16T13:35:31.000Z</time>
        <extensions>
          <ns3:TrackPointExtension>
            <ns3:hr>170</ns3:hr>
            <ns3:cad>82</ns3:cad>
          </ns3:TrackPointExtension>
        </extensions>
      </trkpt>
      <trkpt lat="30.31965575180947780609130859375" lon="120.036449097096920013427734375">
        <ele>6.400000095367431640625</ele>
        <time>2026-08-16T13:35:32.000Z</time>
        <extensions>
          <ns3:TrackPointExtension>
            <ns3:hr>170</ns3:hr>
            <ns3:cad>82</ns3:cad>
          </ns3:TrackPointExtension>
        </extensions>
      </trkpt>
      <trkpt lat="30.31965315341949462890625" lon="120.0364707224071025848388671875">
        <ele>6.599999904632568359375</ele>
        <time>2026-08-16T13:35:33.000Z</time>
        <extensions>
          <ns3:TrackPointExtension>
            <ns3:hr>170</ns3:hr>
            <ns3:cad>82</ns3:cad>
          </ns3:TrackPointExtension>
        </extensions>
      </trkpt>
      <trkpt lat="30.3196546621620655059814453125" lon="120.036493353545665740966796875">
        <ele>6.599999904632568359375</ele>
        <time>2026-08-16T13:35:34.000Z</time>
        <extensions>
          <ns3:TrackPointExtension>
            <ns3:hr>170</ns3:hr>
            <ns3:cad>82</ns3:cad>
          </ns3:TrackPointExtension>
        </extensions>
      </trkpt>
      <trkpt lat="30.31965843401849269866943359375" lon="120.0365133024752140045166015625">
        <ele>6.599999904632568359375</ele>
        <time>2026-08-16T13:35:35.000Z</time>
        <extensions>
          <ns3:TrackPointExtension>
            <ns3:hr>170</ns3:hr>
            <ns3:cad>81</ns3:cad>
          </ns3:TrackPointExtension>
        </extensions>
      </trkpt>
      <trkpt lat="30.3196610324084758758544921875" lon="120.0365364365279674530029296875">
        <ele>6.599999904632568359375</ele>
        <time>2026-08-16T13:35:36.000Z</time>
        <extensions>
          <ns3:TrackPointExtension>
            <ns3:hr>171</ns3:hr>
            <ns3:cad>81</ns3:cad>
          </ns3:TrackPointExtension>
        </extensions>
      </trkpt>
      <trkpt lat="30.31965876929461956024169921875" lon="120.0365599058568477630615234375">
        <ele>6.599999904632568359375</ele>
        <time>2026-08-16T13:35:37.000Z</time>
        <extensions>
          <ns3:TrackPointExtension>
            <ns3:hr>171</ns3:hr>
            <ns3:cad>81</ns3:cad>
          </ns3:TrackPointExtension>
        </extensions>
      </trkpt>
      <trkpt lat="30.3196585178375244140625" lon="120.03658077679574489593505859375">
        <ele>6.599999904632568359375</ele>
        <time>2026-08-16T13:35:38.000Z</time>
        <extensions>
          <ns3:TrackPointExtension>
            <ns3:hr>171</ns3:hr>
            <ns3:cad>81</ns3:cad>
          </ns3:TrackPointExtension>
        </extensions>
      </trkpt>
      <trkpt lat="30.319661535322666168212890625" lon="120.03660173155367374420166015625">
        <ele>6.599999904632568359375</ele>
        <time>2026-08-16T13:35:39.000Z</time>
        <extensions>
          <ns3:TrackPointExtension>
            <ns3:hr>171</ns3:hr>
            <ns3:cad>81</ns3:cad>
          </ns3:TrackPointExtension>
        </extensions>
      </trkpt>
      <trkpt lat="30.31965994276106357574462890625" lon="120.0366242788732051849365234375">
        <ele>6.599999904632568359375</ele>
        <time>2026-08-16T13:35:40.000Z</time>
        <extensions>
          <ns3:TrackPointExtension>
            <ns3:hr>171</ns3:hr>
            <ns3:cad>81</ns3:cad>
          </ns3:TrackPointExtension>
        </extensions>
      </trkpt>
      <trkpt lat="30.3196625411510467529296875" lon="120.036643557250499725341796875">
        <ele>6.599999904632568359375</ele>
        <time>2026-08-16T13:35:41.000Z</time>
        <extensions>
          <ns3:TrackPointExtension>
            <ns3:hr>170</ns3:hr>
            <ns3:cad>81</ns3:cad>
          </ns3:TrackPointExtension>
        </extensions>
      </trkpt>
      <trkpt lat="30.3196610324084758758544921875" lon="120.03666660748422145843505859375">
        <ele>6.80000019073486328125</ele>
        <time>2026-08-16T13:35:42.000Z</time>
        <extensions>
          <ns3:TrackPointExtension>
            <ns3:hr>171</ns3:hr>
            <ns3:cad>81</ns3:cad>
          </ns3:TrackPointExtension>
        </extensions>
      </trkpt>
      <trkpt lat="30.31966128386557102203369140625" lon="120.03668689168989658355712890625">
        <ele>6.80000019073486328125</ele>
        <time>2026-08-16T13:35:43.000Z</time>
        <extensions>
          <ns3:TrackPointExtension>
            <ns3:hr>171</ns3:hr>
            <ns3:cad>81</ns3:cad>
          </ns3:TrackPointExtension>
        </extensions>
      </trkpt>
      <trkpt lat="30.31966530717909336090087890625" lon="120.03670432604849338531494140625">
        <ele>6.80000019073486328125</ele>
        <time>2026-08-16T13:35:44.000Z</time>
        <extensions>
          <ns3:TrackPointExtension>
            <ns3:hr>171</ns3:hr>
            <ns3:cad>81</ns3:cad>
          </ns3:TrackPointExtension>
        </extensions>
      </trkpt>
      <trkpt lat="30.3196704201400279998779296875" lon="120.0367238558828830718994140625">
        <ele>6.80000019073486328125</ele>
        <time>2026-08-16T13:35:45.000Z</time>
        <extensions>
          <ns3:TrackPointExtension>
            <ns3:hr>171</ns3:hr>
            <ns3:cad>81</ns3:cad>
          </ns3:TrackPointExtension>
        </extensions>
      </trkpt>
      <trkpt lat="30.319672264158725738525390625" lon="120.03674321807920932769775390625">
        <ele>7</ele>
        <time>2026-08-16T13:35:46.000Z</time>
        <extensions>
          <ns3:TrackPointExtension>
            <ns3:hr>171</ns3:hr>
            <ns3:cad>81</ns3:cad>
          </ns3:TrackPointExtension>
        </extensions>
      </trkpt>
      <trkpt lat="30.31967620365321636199951171875" lon="120.03676014952361583709716796875">
        <ele>7</ele>
        <time>2026-08-16T13:35:47.000Z</time>
        <extensions>
          <ns3:TrackPointExtension>
            <ns3:hr>171</ns3:hr>
            <ns3:cad>80</ns3:cad>
          </ns3:TrackPointExtension>
        </extensions>
      </trkpt>
      <trkpt lat="30.3196734376251697540283203125" lon="120.03678076900541782379150390625">
        <ele>6.80000019073486328125</ele>
        <time>2026-08-16T13:35:48.000Z</time>
        <extensions>
          <ns3:TrackPointExtension>
            <ns3:hr>171</ns3:hr>
            <ns3:cad>80</ns3:cad>
          </ns3:TrackPointExtension>
        </extensions>
      </trkpt>
      <trkpt lat="30.31967285089194774627685546875" lon="120.036800466477870941162109375">
        <ele>6.80000019073486328125</ele>
        <time>2026-08-16T13:35:49.000Z</time>
        <extensions>
          <ns3:TrackPointExtension>
            <ns3:hr>171</ns3:hr>
            <ns3:cad>80</ns3:cad>
          </ns3:TrackPointExtension>
        </extensions>
      </trkpt>
      <trkpt lat="30.31967553310096263885498046875" lon="120.036821253597736358642578125">
        <ele>6.80000019073486328125</ele>
        <time>2026-08-16T13:35:50.000Z</time>
        <extensions>
          <ns3:TrackPointExtension>
            <ns3:hr>171</ns3:hr>
            <ns3:cad>80</ns3:cad>
          </ns3:TrackPointExtension>
        </extensions>
      </trkpt>
      <trkpt lat="30.3196788020431995391845703125" lon="120.03684363327920436859130859375">
        <ele>6.80000019073486328125</ele>
        <time>2026-08-16T13:35:51.000Z</time>
        <extensions>
          <ns3:TrackPointExtension>
            <ns3:hr>171</ns3:hr>
            <ns3:cad>80</ns3:cad>
          </ns3:TrackPointExtension>
        </extensions>
      </trkpt>
      <trkpt lat="30.31967938877642154693603515625" lon="120.0368646718561649322509765625">
        <ele>6.80000019073486328125</ele>
        <time>2026-08-16T13:35:52.000Z</time>
        <extensions>
          <ns3:TrackPointExtension>
            <ns3:hr>170</ns3:hr>
            <ns3:cad>80</ns3:cad>
          </ns3:TrackPointExtension>
        </extensions>
      </trkpt>
      <trkpt lat="30.319680981338024139404296875" lon="120.03688537515699863433837890625">
        <ele>6.80000019073486328125</ele>
        <time>2026-08-16T13:35:53.000Z</time>
        <extensions>
          <ns3:TrackPointExtension>
            <ns3:hr>171</ns3:hr>
            <ns3:cad>81</ns3:cad>
          </ns3:TrackPointExtension>
        </extensions>
      </trkpt>
      <trkpt lat="30.31968156807124614715576171875" lon="120.0369094312191009521484375">
        <ele>6.80000019073486328125</ele>
        <time>2026-08-16T13:35:54.000Z</time>
        <extensions>
          <ns3:TrackPointExtension>
            <ns3:hr>170</ns3:hr>
            <ns3:cad>81</ns3:cad>
          </ns3:TrackPointExtension>
        </extensions>
      </trkpt>
      <trkpt lat="30.3196799755096435546875" lon="120.036929547786712646484375">
        <ele>6.80000019073486328125</ele>
        <time>2026-08-16T13:35:55.000Z</time>
        <extensions>
          <ns3:TrackPointExtension>
            <ns3:hr>169</ns3:hr>
            <ns3:cad>81</ns3:cad>
          </ns3:TrackPointExtension>
        </extensions>
      </trkpt>
      <trkpt lat="30.31968207098543643951416015625" lon="120.03695058636367321014404296875">
        <ele>6.80000019073486328125</ele>
        <time>2026-08-16T13:35:56.000Z</time>
        <extensions>
          <ns3:TrackPointExtension>
            <ns3:hr>169</ns3:hr>
            <ns3:cad>80</ns3:cad>
          </ns3:TrackPointExtension>
        </extensions>
      </trkpt>
      <trkpt lat="30.3196801431477069854736328125" lon="120.036974810063838958740234375">
        <ele>6.80000019073486328125</ele>
        <time>2026-08-16T13:35:57.000Z</time>
        <extensions>
          <ns3:TrackPointExtension>
            <ns3:hr>169</ns3:hr>
            <ns3:cad>80</ns3:cad>
          </ns3:TrackPointExtension>
        </extensions>
      </trkpt>
      <trkpt lat="30.31967938877642154693603515625" lon="120.0369974412024021148681640625">
        <ele>6.80000019073486328125</ele>
        <time>2026-08-16T13:35:58.000Z</time>
        <extensions>
          <ns3:TrackPointExtension>
            <ns3:hr>169</ns3:hr>
            <ns3:cad>81</ns3:cad>
          </ns3:TrackPointExtension>
        </extensions>
      </trkpt>
      <trkpt lat="30.31968106515705585479736328125" lon="120.03702183254063129425048828125">
        <ele>6.80000019073486328125</ele>
        <time>2026-08-16T13:35:59.000Z</time>
        <extensions>
          <ns3:TrackPointExtension>
            <ns3:hr>169</ns3:hr>
            <ns3:cad>81</ns3:cad>
          </ns3:TrackPointExtension>
        </extensions>
      </trkpt>
      <trkpt lat="30.3196799755096435546875" lon="120.0370443798601627349853515625">
        <ele>6.80000019073486328125</ele>
        <time>2026-08-16T13:36:00.000Z</time>
        <extensions>
          <ns3:TrackPointExtension>
            <ns3:hr>169</ns3:hr>
            <ns3:cad>81</ns3:cad>
          </ns3:TrackPointExtension>
        </extensions>
      </trkpt>
      <trkpt lat="30.31968089751899242401123046875" lon="120.0370661728084087371826171875">
        <ele>6.80000019073486328125</ele>
        <time>2026-08-16T13:36:01.000Z</time>
        <extensions>
          <ns3:TrackPointExtension>
            <ns3:hr>169</ns3:hr>
            <ns3:cad>81</ns3:cad>
          </ns3:TrackPointExtension>
        </extensions>
      </trkpt>
      <trkpt lat="30.319681651890277862548828125" lon="120.03708503209054470062255859375">
        <ele>7</ele>
        <time>2026-08-16T13:36:02.000Z</time>
        <extensions>
          <ns3:TrackPointExtension>
            <ns3:hr>169</ns3:hr>
            <ns3:cad>80</ns3:cad>
          </ns3:TrackPointExtension>
        </extensions>
      </trkpt>
      <trkpt lat="30.31968257389962673187255859375" lon="120.03710665740072727203369140625">
        <ele>7</ele>
        <time>2026-08-16T13:36:03.000Z</time>
        <extensions>
          <ns3:TrackPointExtension>
            <ns3:hr>169</ns3:hr>
            <ns3:cad>80</ns3:cad>
          </ns3:TrackPointExtension>
        </extensions>
      </trkpt>
      <trkpt lat="30.31968190334737300872802734375" lon="120.03712593577802181243896484375">
        <ele>7</ele>
        <time>2026-08-16T13:36:04.000Z</time>
        <extensions>
          <ns3:TrackPointExtension>
            <ns3:hr>169</ns3:hr>
            <ns3:cad>80</ns3:cad>
          </ns3:TrackPointExtension>
        </extensions>
      </trkpt>
      <trkpt lat="30.319683663547039031982421875" lon="120.03714940510690212249755859375">
        <ele>7</ele>
        <time>2026-08-16T13:36:05.000Z</time>
        <extensions>
          <ns3:TrackPointExtension>
            <ns3:hr>169</ns3:hr>
            <ns3:cad>80</ns3:cad>
          </ns3:TrackPointExtension>
        </extensions>
      </trkpt>
      <trkpt lat="30.3196855075657367706298828125" lon="120.037170611321926116943359375">
        <ele>7</ele>
        <time>2026-08-16T13:36:06.000Z</time>
        <extensions>
          <ns3:TrackPointExtension>
            <ns3:hr>169</ns3:hr>
            <ns3:cad>80</ns3:cad>
          </ns3:TrackPointExtension>
        </extensions>
      </trkpt>
      <trkpt lat="30.319688357412815093994140625" lon="120.03718796186149120330810546875">
        <ele>7</ele>
        <time>2026-08-16T13:36:07.000Z</time>
        <extensions>
          <ns3:TrackPointExtension>
            <ns3:hr>169</ns3:hr>
            <ns3:cad>80</ns3:cad>
          </ns3:TrackPointExtension>
        </extensions>
      </trkpt>
      <trkpt lat="30.31968760304152965545654296875" lon="120.03721042536199092864990234375">
        <ele>7</ele>
        <time>2026-08-16T13:36:08.000Z</time>
        <extensions>
          <ns3:TrackPointExtension>
            <ns3:hr>169</ns3:hr>
            <ns3:cad>80</ns3:cad>
          </ns3:TrackPointExtension>
        </extensions>
      </trkpt>
      <trkpt lat="30.31968810595571994781494140625" lon="120.0372297875583171844482421875">
        <ele>7.19999980926513671875</ele>
        <time>2026-08-16T13:36:09.000Z</time>
        <extensions>
          <ns3:TrackPointExtension>
            <ns3:hr>170</ns3:hr>
            <ns3:cad>81</ns3:cad>
          </ns3:TrackPointExtension>
        </extensions>
      </trkpt>
      <trkpt lat="30.3196898661553859710693359375" lon="120.03724831156432628631591796875">
        <ele>7.19999980926513671875</ele>
        <time>2026-08-16T13:36:10.000Z</time>
        <extensions>
          <ns3:TrackPointExtension>
            <ns3:hr>170</ns3:hr>
            <ns3:cad>80</ns3:cad>
          </ns3:TrackPointExtension>
        </extensions>
      </trkpt>
      <trkpt lat="30.31968860886991024017333984375" lon="120.037270523607730865478515625">
        <ele>7.19999980926513671875</ele>
        <time>2026-08-16T13:36:11.000Z</time>
        <extensions>
          <ns3:TrackPointExtension>
            <ns3:hr>170</ns3:hr>
            <ns3:cad>81</ns3:cad>
          </ns3:TrackPointExtension>
        </extensions>
      </trkpt>
      <trkpt lat="30.31969414092600345611572265625" lon="120.03728519193828105926513671875">
        <ele>7.400000095367431640625</ele>
        <time>2026-08-16T13:36:12.000Z</time>
        <extensions>
          <ns3:TrackPointExtension>
            <ns3:hr>169</ns3:hr>
            <ns3:cad>81</ns3:cad>
          </ns3:TrackPointExtension>
        </extensions>
      </trkpt>
      <trkpt lat="30.31969933770596981048583984375" lon="120.03730681724846363067626953125">
        <ele>7.19999980926513671875</ele>
        <time>2026-08-16T13:36:13.000Z</time>
        <extensions>
          <ns3:TrackPointExtension>
            <ns3:hr>169</ns3:hr>
            <ns3:cad>81</ns3:cad>
          </ns3:TrackPointExtension>
        </extensions>
      </trkpt>
      <trkpt lat="30.31969782896339893341064453125" lon="120.0373337231576442718505859375">
        <ele>7.19999980926513671875</ele>
        <time>2026-08-16T13:36:14.000Z</time>
        <extensions>
          <ns3:TrackPointExtension>
            <ns3:hr>169</ns3:hr>
            <ns3:cad>81</ns3:cad>
          </ns3:TrackPointExtension>
        </extensions>
      </trkpt>
      <trkpt lat="30.319698415696620941162109375" lon="120.03735668957233428955078125">
        <ele>7.19999980926513671875</ele>
        <time>2026-08-16T13:36:15.000Z</time>
        <extensions>
          <ns3:TrackPointExtension>
            <ns3:hr>169</ns3:hr>
            <ns3:cad>81</ns3:cad>
          </ns3:TrackPointExtension>
        </extensions>
      </trkpt>
      <trkpt lat="30.31969866715371608734130859375" lon="120.03738124854862689971923828125">
        <ele>7</ele>
        <time>2026-08-16T13:36:16.000Z</time>
        <extensions>
          <ns3:TrackPointExtension>
            <ns3:hr>170</ns3:hr>
            <ns3:cad>81</ns3:cad>
          </ns3:TrackPointExtension>
        </extensions>
      </trkpt>
      <trkpt lat="30.31969816423952579498291015625" lon="120.03740170039236545562744140625">
        <ele>7</ele>
        <time>2026-08-16T13:36:17.000Z</time>
        <extensions>
          <ns3:TrackPointExtension>
            <ns3:hr>170</ns3:hr>
            <ns3:cad>81</ns3:cad>
          </ns3:TrackPointExtension>
        </extensions>
      </trkpt>
      <trkpt lat="30.31969950534403324127197265625" lon="120.03742248751223087310791015625">
        <ele>7</ele>
        <time>2026-08-16T13:36:18.000Z</time>
        <extensions>
          <ns3:TrackPointExtension>
            <ns3:hr>170</ns3:hr>
            <ns3:cad>81</ns3:cad>
          </ns3:TrackPointExtension>
        </extensions>
      </trkpt>
      <trkpt lat="30.31969682313501834869384765625" lon="120.0374443642795085906982421875">
        <ele>7</ele>
        <time>2026-08-16T13:36:19.000Z</time>
        <extensions>
          <ns3:TrackPointExtension>
            <ns3:hr>171</ns3:hr>
            <ns3:cad>81</ns3:cad>
          </ns3:TrackPointExtension>
        </extensions>
      </trkpt>
      <trkpt lat="30.3196974098682403564453125" lon="120.037462972104549407958984375">
        <ele>7</ele>
        <time>2026-08-16T13:36:20.000Z</time>
        <extensions>
          <ns3:TrackPointExtension>
            <ns3:hr>171</ns3:hr>
            <ns3:cad>81</ns3:cad>
          </ns3:TrackPointExtension>
        </extensions>
      </trkpt>
      <trkpt lat="30.319699756801128387451171875" lon="120.0374822504818439483642578125">
        <ele>7</ele>
        <time>2026-08-16T13:36:21.000Z</time>
        <extensions>
          <ns3:TrackPointExtension>
            <ns3:hr>171</ns3:hr>
            <ns3:cad>81</ns3:cad>
          </ns3:TrackPointExtension>
        </extensions>
      </trkpt>
      <trkpt lat="30.3196999244391918182373046875" lon="120.03750328905880451202392578125">
        <ele>7</ele>
        <time>2026-08-16T13:36:22.000Z</time>
        <extensions>
          <ns3:TrackPointExtension>
            <ns3:hr>171</ns3:hr>
            <ns3:cad>81</ns3:cad>
          </ns3:TrackPointExtension>
        </extensions>
      </trkpt>
      <trkpt lat="30.31970554031431674957275390625" lon="120.03752642311155796051025390625">
        <ele>7.19999980926513671875</ele>
        <time>2026-08-16T13:36:23.000Z</time>
        <extensions>
          <ns3:TrackPointExtension>
            <ns3:hr>171</ns3:hr>
            <ns3:cad>81</ns3:cad>
          </ns3:TrackPointExtension>
        </extensions>
      </trkpt>
      <trkpt lat="30.31970956362783908843994140625" lon="120.0375436060130596160888671875">
        <ele>7.19999980926513671875</ele>
        <time>2026-08-16T13:36:24.000Z</time>
        <extensions>
          <ns3:TrackPointExtension>
            <ns3:hr>171</ns3:hr>
            <ns3:cad>81</ns3:cad>
          </ns3:TrackPointExtension>
        </extensions>
      </trkpt>
      <trkpt lat="30.31971207819879055023193359375" lon="120.03756565041840076446533203125">
        <ele>7.19999980926513671875</ele>
        <time>2026-08-16T13:36:25.000Z</time>
        <extensions>
          <ns3:TrackPointExtension>
            <ns3:hr>171</ns3:hr>
            <ns3:cad>81</ns3:cad>
          </ns3:TrackPointExtension>
        </extensions>
      </trkpt>
      <trkpt lat="30.319711826741695404052734375" lon="120.03758375532925128936767578125">
        <ele>7.19999980926513671875</ele>
        <time>2026-08-16T13:36:26.000Z</time>
        <extensions>
          <ns3:TrackPointExtension>
            <ns3:hr>170</ns3:hr>
            <ns3:cad>81</ns3:cad>
          </ns3:TrackPointExtension>
        </extensions>
      </trkpt>
      <trkpt lat="30.31971241347491741180419921875" lon="120.0376026146113872528076171875">
        <ele>7</ele>
        <time>2026-08-16T13:36:27.000Z</time>
        <extensions>
          <ns3:TrackPointExtension>
            <ns3:hr>170</ns3:hr>
            <ns3:cad>81</ns3:cad>
          </ns3:TrackPointExtension>
        </extensions>
      </trkpt>
      <trkpt lat="30.3197099827229976654052734375" lon="120.03762113861739635467529296875">
        <ele>7</ele>
        <time>2026-08-16T13:36:28.000Z</time>
        <extensions>
          <ns3:TrackPointExtension>
            <ns3:hr>171</ns3:hr>
            <ns3:cad>81</ns3:cad>
          </ns3:TrackPointExtension>
        </extensions>
      </trkpt>
      <trkpt lat="30.31971224583685398101806640625" lon="120.0376378186047077178955078125">
        <ele>7</ele>
        <time>2026-08-16T13:36:29.000Z</time>
        <extensions>
          <ns3:TrackPointExtension>
            <ns3:hr>171</ns3:hr>
            <ns3:cad>81</ns3:cad>
          </ns3:TrackPointExtension>
        </extensions>
      </trkpt>
      <trkpt lat="30.319715850055217742919921875" lon="120.03765701316297054290771484375">
        <ele>7</ele>
        <time>2026-08-16T13:36:30.000Z</time>
        <extensions>
          <ns3:TrackPointExtension>
            <ns3:hr>171</ns3:hr>
            <ns3:cad>82</ns3:cad>
          </ns3:TrackPointExtension>
        </extensions>
      </trkpt>
      <trkpt lat="30.31971492804586887359619140625" lon="120.037675201892852783203125">
        <ele>7</ele>
        <time>2026-08-16T13:36:31.000Z</time>
        <extensions>
          <ns3:TrackPointExtension>
            <ns3:hr>171</ns3:hr>
            <ns3:cad>81</ns3:cad>
          </ns3:TrackPointExtension>
        </extensions>
      </trkpt>
      <trkpt lat="30.31970486976206302642822265625" lon="120.03769062459468841552734375">
        <ele>7.19999980926513671875</ele>
        <time>2026-08-16T13:36:32.000Z</time>
        <extensions>
          <ns3:TrackPointExtension>
            <ns3:hr>171</ns3:hr>
            <ns3:cad>81</ns3:cad>
          </ns3:TrackPointExtension>
        </extensions>
      </trkpt>
      <trkpt lat="30.3196935541927814483642578125" lon="120.03768903203308582305908203125">
        <ele>7.19999980926513671875</ele>
        <time>2026-08-16T13:36:33.000Z</time>
        <extensions>
          <ns3:TrackPointExtension>
            <ns3:hr>170</ns3:hr>
            <ns3:cad>81</ns3:cad>
          </ns3:TrackPointExtension>
        </extensions>
      </trkpt>
      <trkpt lat="30.31968374736607074737548828125" lon="120.03769288770854473114013671875">
        <ele>7.19999980926513671875</ele>
        <time>2026-08-16T13:36:34.000Z</time>
        <extensions>
          <ns3:TrackPointExtension>
            <ns3:hr>170</ns3:hr>
            <ns3:cad>81</ns3:cad>
          </ns3:TrackPointExtension>
        </extensions>
      </trkpt>
      <trkpt lat="30.3196786344051361083984375" lon="120.03768618218600749969482421875">
        <ele>7.19999980926513671875</ele>
        <time>2026-08-16T13:36:35.000Z</time>
        <extensions>
          <ns3:TrackPointExtension>
            <ns3:hr>169</ns3:hr>
            <ns3:cad>40</ns3:cad>
          </ns3:TrackPointExtension>
        </extensions>
      </trkpt>
      <trkpt lat="30.319670923054218292236328125" lon="120.03765441477298736572265625">
        <ele>7.19999980926513671875</ele>
        <time>2026-08-16T13:36:36.000Z</time>
        <extensions>
          <ns3:TrackPointExtension>
            <ns3:hr>169</ns3:hr>
            <ns3:cad>40</ns3:cad>
          </ns3:TrackPointExtension>
        </extensions>
      </trkpt>
      <trkpt lat="30.31967033632099628448486328125" lon="120.0376389920711517333984375">
        <ele>7.19999980926513671875</ele>
        <time>2026-08-16T13:36:37.000Z</time>
        <extensions>
          <ns3:TrackPointExtension>
            <ns3:hr>169</ns3:hr>
            <ns3:cad>40</ns3:cad>
          </ns3:TrackPointExtension>
        </extensions>
      </trkpt>
    </trkseg>
  </trk>
</gpx>
